id,family,category,name,plan,satire,width_m,height_m,depth_m,lod0_triangles,lod1_triangles,lod2_triangles,gltf
"vlt-abatement-warehouse-01","abatement-warehouse","infrastructure","Abatement Warehouse · A1-1","A1-1","Public investment now accepting private loading appointments.","23.5472","7.945","13.6464","1502","230","158","models/vlt-abatement-warehouse-01.gltf"
"vlt-abatement-warehouse-02","abatement-warehouse","infrastructure","Abatement Warehouse · A2-1","A2-1","Public investment now accepting private loading appointments.","25.4924","8.12","14.7888","1846","302","158","models/vlt-abatement-warehouse-02.gltf"
"vlt-abatement-warehouse-03","abatement-warehouse","infrastructure","Abatement Warehouse · A3-1","A3-1","Public investment now accepting private loading appointments.","27.4376","8.295","15.9312","2190","374","158","models/vlt-abatement-warehouse-03.gltf"
"vlt-abatement-warehouse-04","abatement-warehouse","infrastructure","Abatement Warehouse · A4-1","A4-1","Public investment now accepting private loading appointments.","29.3828","8.47","17.0736","2534","446","158","models/vlt-abatement-warehouse-04.gltf"
"vlt-abatement-warehouse-05","abatement-warehouse","infrastructure","Abatement Warehouse · A5-1","A5-1","Public investment now accepting private loading appointments.","31.328","8.645","18.216","2878","518","158","models/vlt-abatement-warehouse-05.gltf"
"vlt-abatement-warehouse-06","abatement-warehouse","infrastructure","Abatement Warehouse · B1-1","B1-1","Public investment now accepting private loading appointments.","23.5472","7.945","13.6464","1610","242","158","models/vlt-abatement-warehouse-06.gltf"
"vlt-abatement-warehouse-07","abatement-warehouse","infrastructure","Abatement Warehouse · B2-1","B2-1","Public investment now accepting private loading appointments.","25.4924","8.12","14.7888","1954","314","158","models/vlt-abatement-warehouse-07.gltf"
"vlt-abatement-warehouse-08","abatement-warehouse","infrastructure","Abatement Warehouse · B3-1","B3-1","Public investment now accepting private loading appointments.","27.4376","8.295","15.9312","2298","386","158","models/vlt-abatement-warehouse-08.gltf"
"vlt-abatement-warehouse-09","abatement-warehouse","infrastructure","Abatement Warehouse · B4-1","B4-1","Public investment now accepting private loading appointments.","29.3828","8.47","17.0736","2642","458","158","models/vlt-abatement-warehouse-09.gltf"
"vlt-abatement-warehouse-10","abatement-warehouse","infrastructure","Abatement Warehouse · B5-1","B5-1","Public investment now accepting private loading appointments.","31.328","8.645","18.216","2986","530","158","models/vlt-abatement-warehouse-10.gltf"
"vlt-abatement-warehouse-11","abatement-warehouse","infrastructure","Abatement Warehouse · C1-1","C1-1","Public investment now accepting private loading appointments.","23.5472","7.945","13.6464","1718","254","158","models/vlt-abatement-warehouse-11.gltf"
"vlt-abatement-warehouse-12","abatement-warehouse","infrastructure","Abatement Warehouse · C2-1","C2-1","Public investment now accepting private loading appointments.","25.4924","8.12","14.7888","2062","326","158","models/vlt-abatement-warehouse-12.gltf"
"vlt-abatement-warehouse-13","abatement-warehouse","infrastructure","Abatement Warehouse · C3-1","C3-1","Public investment now accepting private loading appointments.","27.4376","8.295","15.9312","2406","398","158","models/vlt-abatement-warehouse-13.gltf"
"vlt-abatement-warehouse-14","abatement-warehouse","infrastructure","Abatement Warehouse · C4-1","C4-1","Public investment now accepting private loading appointments.","29.3828","8.47","17.0736","2750","470","158","models/vlt-abatement-warehouse-14.gltf"
"vlt-abatement-warehouse-15","abatement-warehouse","infrastructure","Abatement Warehouse · C5-1","C5-1","Public investment now accepting private loading appointments.","31.328","8.645","18.216","3094","542","158","models/vlt-abatement-warehouse-15.gltf"
"vlt-abatement-warehouse-16","abatement-warehouse","infrastructure","Abatement Warehouse · D1-1","D1-1","Public investment now accepting private loading appointments.","23.5472","7.945","13.6464","1826","266","158","models/vlt-abatement-warehouse-16.gltf"
"vlt-abatement-warehouse-17","abatement-warehouse","infrastructure","Abatement Warehouse · D2-1","D2-1","Public investment now accepting private loading appointments.","25.4924","8.12","14.7888","2170","338","158","models/vlt-abatement-warehouse-17.gltf"
"vlt-abatement-warehouse-18","abatement-warehouse","infrastructure","Abatement Warehouse · D3-1","D3-1","Public investment now accepting private loading appointments.","27.4376","8.295","15.9312","2514","410","158","models/vlt-abatement-warehouse-18.gltf"
"vlt-abatement-warehouse-19","abatement-warehouse","infrastructure","Abatement Warehouse · D4-1","D4-1","Public investment now accepting private loading appointments.","29.3828","8.47","17.0736","2858","482","158","models/vlt-abatement-warehouse-19.gltf"
"vlt-abatement-warehouse-20","abatement-warehouse","infrastructure","Abatement Warehouse · D5-1","D5-1","Public investment now accepting private loading appointments.","31.328","8.645","18.216","3202","554","158","models/vlt-abatement-warehouse-20.gltf"
"vlt-abatement-warehouse-21","abatement-warehouse","infrastructure","Abatement Warehouse · A1-2","A1-2","Public investment now accepting private loading appointments.","23.5472","7.945","13.6464","1718","254","170","models/vlt-abatement-warehouse-21.gltf"
"vlt-abatement-warehouse-22","abatement-warehouse","infrastructure","Abatement Warehouse · A2-2","A2-2","Public investment now accepting private loading appointments.","25.4924","8.12","14.7888","2062","326","170","models/vlt-abatement-warehouse-22.gltf"
"vlt-abatement-warehouse-23","abatement-warehouse","infrastructure","Abatement Warehouse · A3-2","A3-2","Public investment now accepting private loading appointments.","27.4376","8.295","15.9312","2406","398","170","models/vlt-abatement-warehouse-23.gltf"
"vlt-abatement-warehouse-24","abatement-warehouse","infrastructure","Abatement Warehouse · A4-2","A4-2","Public investment now accepting private loading appointments.","29.3828","8.47","17.0736","2750","470","170","models/vlt-abatement-warehouse-24.gltf"
"vlt-abatement-warehouse-25","abatement-warehouse","infrastructure","Abatement Warehouse · A5-2","A5-2","Public investment now accepting private loading appointments.","31.328","8.645","18.216","3094","542","170","models/vlt-abatement-warehouse-25.gltf"
"vlt-abatement-warehouse-26","abatement-warehouse","infrastructure","Abatement Warehouse · B1-2","B1-2","Public investment now accepting private loading appointments.","23.5472","7.945","13.6464","1826","266","170","models/vlt-abatement-warehouse-26.gltf"
"vlt-abatement-warehouse-27","abatement-warehouse","infrastructure","Abatement Warehouse · B2-2","B2-2","Public investment now accepting private loading appointments.","25.4924","8.12","14.7888","2170","338","170","models/vlt-abatement-warehouse-27.gltf"
"vlt-abatement-warehouse-28","abatement-warehouse","infrastructure","Abatement Warehouse · B3-2","B3-2","Public investment now accepting private loading appointments.","27.4376","8.295","15.9312","2514","410","170","models/vlt-abatement-warehouse-28.gltf"
"vlt-abatement-warehouse-29","abatement-warehouse","infrastructure","Abatement Warehouse · B4-2","B4-2","Public investment now accepting private loading appointments.","29.3828","8.47","17.0736","2858","482","170","models/vlt-abatement-warehouse-29.gltf"
"vlt-abatement-warehouse-30","abatement-warehouse","infrastructure","Abatement Warehouse · B5-2","B5-2","Public investment now accepting private loading appointments.","31.328","8.645","18.216","3202","554","170","models/vlt-abatement-warehouse-30.gltf"
"vlt-abatement-warehouse-31","abatement-warehouse","infrastructure","Abatement Warehouse · C1-2","C1-2","Public investment now accepting private loading appointments.","23.5472","7.945","13.6464","1934","278","170","models/vlt-abatement-warehouse-31.gltf"
"vlt-abatement-warehouse-32","abatement-warehouse","infrastructure","Abatement Warehouse · C2-2","C2-2","Public investment now accepting private loading appointments.","25.4924","8.12","14.7888","2278","350","170","models/vlt-abatement-warehouse-32.gltf"
"vlt-abatement-warehouse-33","abatement-warehouse","infrastructure","Abatement Warehouse · C3-2","C3-2","Public investment now accepting private loading appointments.","27.4376","8.295","15.9312","2622","422","170","models/vlt-abatement-warehouse-33.gltf"
"vlt-abatement-warehouse-34","abatement-warehouse","infrastructure","Abatement Warehouse · C4-2","C4-2","Public investment now accepting private loading appointments.","29.3828","8.47","17.0736","2966","494","170","models/vlt-abatement-warehouse-34.gltf"
"vlt-abatement-warehouse-35","abatement-warehouse","infrastructure","Abatement Warehouse · C5-2","C5-2","Public investment now accepting private loading appointments.","31.328","8.645","18.216","3310","566","170","models/vlt-abatement-warehouse-35.gltf"
"vlt-abatement-warehouse-36","abatement-warehouse","infrastructure","Abatement Warehouse · D1-2","D1-2","Public investment now accepting private loading appointments.","23.5472","7.945","13.6464","2042","290","170","models/vlt-abatement-warehouse-36.gltf"
"vlt-abatement-warehouse-37","abatement-warehouse","infrastructure","Abatement Warehouse · D2-2","D2-2","Public investment now accepting private loading appointments.","25.4924","8.12","14.7888","2386","362","170","models/vlt-abatement-warehouse-37.gltf"
"vlt-abatement-warehouse-38","abatement-warehouse","infrastructure","Abatement Warehouse · D3-2","D3-2","Public investment now accepting private loading appointments.","27.4376","8.295","15.9312","2730","434","170","models/vlt-abatement-warehouse-38.gltf"
"vlt-abatement-warehouse-39","abatement-warehouse","infrastructure","Abatement Warehouse · D4-2","D4-2","Public investment now accepting private loading appointments.","29.3828","8.47","17.0736","3074","506","170","models/vlt-abatement-warehouse-39.gltf"
"vlt-abatement-warehouse-40","abatement-warehouse","infrastructure","Abatement Warehouse · D5-2","D5-2","Public investment now accepting private loading appointments.","31.328","8.645","18.216","3418","578","170","models/vlt-abatement-warehouse-40.gltf"
"vlt-aggregate-loader-01","aggregate-loader","infrastructure","Shovel-Ready Aggregate · A1-1","A1-1","The landscape has entered the value chain.","14.7866","6.588424","12.86","1478","278","206","models/vlt-aggregate-loader-01.gltf"
"vlt-aggregate-loader-02","aggregate-loader","infrastructure","Shovel-Ready Aggregate · A2-1","A2-1","The landscape has entered the value chain.","17.561","6.804576","12.86","1822","350","206","models/vlt-aggregate-loader-02.gltf"
"vlt-aggregate-loader-03","aggregate-loader","infrastructure","Shovel-Ready Aggregate · A3-1","A3-1","The landscape has entered the value chain.","20.5802","7.039801","12.88","2166","422","206","models/vlt-aggregate-loader-03.gltf"
"vlt-aggregate-loader-04","aggregate-loader","infrastructure","Shovel-Ready Aggregate · A4-1","A4-1","The landscape has entered the value chain.","23.8784","7.294097","13","2510","494","206","models/vlt-aggregate-loader-04.gltf"
"vlt-aggregate-loader-05","aggregate-loader","infrastructure","Shovel-Ready Aggregate · A5-1","A5-1","The landscape has entered the value chain.","27.456","7.567466","13.12","2854","566","206","models/vlt-aggregate-loader-05.gltf"
"vlt-aggregate-loader-06","aggregate-loader","infrastructure","Shovel-Ready Aggregate · B1-1","B1-1","The landscape has entered the value chain.","14.8466","6.708424","13.97","1542","302","206","models/vlt-aggregate-loader-06.gltf"
"vlt-aggregate-loader-07","aggregate-loader","infrastructure","Shovel-Ready Aggregate · B2-1","B2-1","The landscape has entered the value chain.","17.621","6.924576","13.97","1886","374","206","models/vlt-aggregate-loader-07.gltf"
"vlt-aggregate-loader-08","aggregate-loader","infrastructure","Shovel-Ready Aggregate · B3-1","B3-1","The landscape has entered the value chain.","20.6402","7.159801","13.97","2230","446","206","models/vlt-aggregate-loader-08.gltf"
"vlt-aggregate-loader-09","aggregate-loader","infrastructure","Shovel-Ready Aggregate · B4-1","B4-1","The landscape has entered the value chain.","23.9042","7.414097","13.97","2574","518","206","models/vlt-aggregate-loader-09.gltf"
"vlt-aggregate-loader-10","aggregate-loader","infrastructure","Shovel-Ready Aggregate · B5-1","B5-1","The landscape has entered the value chain.","27.456","7.687466","13.99","2918","590","206","models/vlt-aggregate-loader-10.gltf"
"vlt-aggregate-loader-11","aggregate-loader","infrastructure","Shovel-Ready Aggregate · C1-1","C1-1","The landscape has entered the value chain.","17.6","6.828424","15.08","1606","326","206","models/vlt-aggregate-loader-11.gltf"
"vlt-aggregate-loader-12","aggregate-loader","infrastructure","Shovel-Ready Aggregate · C2-1","C2-1","The landscape has entered the value chain.","17.865","7.044576","15.08","1950","398","206","models/vlt-aggregate-loader-12.gltf"
"vlt-aggregate-loader-13","aggregate-loader","infrastructure","Shovel-Ready Aggregate · C3-1","C3-1","The landscape has entered the value chain.","20.7002","7.279801","15.08","2294","470","206","models/vlt-aggregate-loader-13.gltf"
"vlt-aggregate-loader-14","aggregate-loader","infrastructure","Shovel-Ready Aggregate · C4-1","C4-1","The landscape has entered the value chain.","23.9642","7.534097","15.08","2638","542","206","models/vlt-aggregate-loader-14.gltf"
"vlt-aggregate-loader-15","aggregate-loader","infrastructure","Shovel-Ready Aggregate · C5-1","C5-1","The landscape has entered the value chain.","27.473","7.807466","15.08","2982","614","206","models/vlt-aggregate-loader-15.gltf"
"vlt-aggregate-loader-16","aggregate-loader","infrastructure","Shovel-Ready Aggregate · D1-1","D1-1","The landscape has entered the value chain.","22","6.948424","16.19","1670","350","206","models/vlt-aggregate-loader-16.gltf"
"vlt-aggregate-loader-17","aggregate-loader","infrastructure","Shovel-Ready Aggregate · D2-1","D2-1","The landscape has entered the value chain.","22.24","7.164576","16.19","2014","422","206","models/vlt-aggregate-loader-17.gltf"
"vlt-aggregate-loader-18","aggregate-loader","infrastructure","Shovel-Ready Aggregate · D3-1","D3-1","The landscape has entered the value chain.","22.48","7.399801","16.19","2358","494","206","models/vlt-aggregate-loader-18.gltf"
"vlt-aggregate-loader-19","aggregate-loader","infrastructure","Shovel-Ready Aggregate · D4-1","D4-1","The landscape has entered the value chain.","24.0242","7.654097","16.19","2702","566","206","models/vlt-aggregate-loader-19.gltf"
"vlt-aggregate-loader-20","aggregate-loader","infrastructure","Shovel-Ready Aggregate · D5-1","D5-1","The landscape has entered the value chain.","27.533","7.927466","16.19","3046","638","206","models/vlt-aggregate-loader-20.gltf"
"vlt-aggregate-loader-21","aggregate-loader","infrastructure","Shovel-Ready Aggregate · A1-2","A1-2","The landscape has entered the value chain.","14.7866","6.588424","12.86","1694","302","218","models/vlt-aggregate-loader-21.gltf"
"vlt-aggregate-loader-22","aggregate-loader","infrastructure","Shovel-Ready Aggregate · A2-2","A2-2","The landscape has entered the value chain.","17.561","6.804576","12.86","2038","374","218","models/vlt-aggregate-loader-22.gltf"
"vlt-aggregate-loader-23","aggregate-loader","infrastructure","Shovel-Ready Aggregate · A3-2","A3-2","The landscape has entered the value chain.","20.5802","7.039801","12.88","2382","446","218","models/vlt-aggregate-loader-23.gltf"
"vlt-aggregate-loader-24","aggregate-loader","infrastructure","Shovel-Ready Aggregate · A4-2","A4-2","The landscape has entered the value chain.","23.8784","7.294097","13","2726","518","218","models/vlt-aggregate-loader-24.gltf"
"vlt-aggregate-loader-25","aggregate-loader","infrastructure","Shovel-Ready Aggregate · A5-2","A5-2","The landscape has entered the value chain.","27.456","7.567466","13.12","3070","590","218","models/vlt-aggregate-loader-25.gltf"
"vlt-aggregate-loader-26","aggregate-loader","infrastructure","Shovel-Ready Aggregate · B1-2","B1-2","The landscape has entered the value chain.","14.8466","6.708424","13.97","1758","326","218","models/vlt-aggregate-loader-26.gltf"
"vlt-aggregate-loader-27","aggregate-loader","infrastructure","Shovel-Ready Aggregate · B2-2","B2-2","The landscape has entered the value chain.","17.621","6.924576","13.97","2102","398","218","models/vlt-aggregate-loader-27.gltf"
"vlt-aggregate-loader-28","aggregate-loader","infrastructure","Shovel-Ready Aggregate · B3-2","B3-2","The landscape has entered the value chain.","20.6402","7.159801","13.97","2446","470","218","models/vlt-aggregate-loader-28.gltf"
"vlt-aggregate-loader-29","aggregate-loader","infrastructure","Shovel-Ready Aggregate · B4-2","B4-2","The landscape has entered the value chain.","23.9042","7.414097","13.97","2790","542","218","models/vlt-aggregate-loader-29.gltf"
"vlt-aggregate-loader-30","aggregate-loader","infrastructure","Shovel-Ready Aggregate · B5-2","B5-2","The landscape has entered the value chain.","27.456","7.687466","13.99","3134","614","218","models/vlt-aggregate-loader-30.gltf"
"vlt-aggregate-loader-31","aggregate-loader","infrastructure","Shovel-Ready Aggregate · C1-2","C1-2","The landscape has entered the value chain.","17.6","6.828424","15.08","1822","350","218","models/vlt-aggregate-loader-31.gltf"
"vlt-aggregate-loader-32","aggregate-loader","infrastructure","Shovel-Ready Aggregate · C2-2","C2-2","The landscape has entered the value chain.","17.865","7.044576","15.08","2166","422","218","models/vlt-aggregate-loader-32.gltf"
"vlt-aggregate-loader-33","aggregate-loader","infrastructure","Shovel-Ready Aggregate · C3-2","C3-2","The landscape has entered the value chain.","20.7002","7.279801","15.08","2510","494","218","models/vlt-aggregate-loader-33.gltf"
"vlt-aggregate-loader-34","aggregate-loader","infrastructure","Shovel-Ready Aggregate · C4-2","C4-2","The landscape has entered the value chain.","23.9642","7.534097","15.08","2854","566","218","models/vlt-aggregate-loader-34.gltf"
"vlt-aggregate-loader-35","aggregate-loader","infrastructure","Shovel-Ready Aggregate · C5-2","C5-2","The landscape has entered the value chain.","27.473","7.807466","15.08","3198","638","218","models/vlt-aggregate-loader-35.gltf"
"vlt-aggregate-loader-36","aggregate-loader","infrastructure","Shovel-Ready Aggregate · D1-2","D1-2","The landscape has entered the value chain.","22","6.948424","16.19","1886","374","218","models/vlt-aggregate-loader-36.gltf"
"vlt-aggregate-loader-37","aggregate-loader","infrastructure","Shovel-Ready Aggregate · D2-2","D2-2","The landscape has entered the value chain.","22.24","7.164576","16.19","2230","446","218","models/vlt-aggregate-loader-37.gltf"
"vlt-aggregate-loader-38","aggregate-loader","infrastructure","Shovel-Ready Aggregate · D3-2","D3-2","The landscape has entered the value chain.","22.48","7.399801","16.19","2574","518","218","models/vlt-aggregate-loader-38.gltf"
"vlt-aggregate-loader-39","aggregate-loader","infrastructure","Shovel-Ready Aggregate · D4-2","D4-2","The landscape has entered the value chain.","24.0242","7.654097","16.19","2918","590","218","models/vlt-aggregate-loader-39.gltf"
"vlt-aggregate-loader-40","aggregate-loader","infrastructure","Shovel-Ready Aggregate · D5-2","D5-2","The landscape has entered the value chain.","27.533","7.927466","16.19","3262","662","218","models/vlt-aggregate-loader-40.gltf"
"vlt-appetite-dispatch-01","appetite-dispatch","commerce","Appetite Dispatch · A1-1","A1-1","Your driver is approaching, circling, and approaching again.","14.52","14.154786","14.9188","3974","1118","186","models/vlt-appetite-dispatch-01.gltf"
"vlt-appetite-dispatch-02","appetite-dispatch","commerce","Appetite Dispatch · A2-1","A2-1","Your driver is approaching, circling, and approaching again.","15.64","14.530836","14.9188","3974","1118","186","models/vlt-appetite-dispatch-02.gltf"
"vlt-appetite-dispatch-03","appetite-dispatch","commerce","Appetite Dispatch · A3-1","A3-1","Your driver is approaching, circling, and approaching again.","16.76","14.906896","14.9188","3974","1118","186","models/vlt-appetite-dispatch-03.gltf"
"vlt-appetite-dispatch-04","appetite-dispatch","commerce","Appetite Dispatch · A4-1","A4-1","Your driver is approaching, circling, and approaching again.","17.88","15.282965","14.9188","3974","1118","186","models/vlt-appetite-dispatch-04.gltf"
"vlt-appetite-dispatch-05","appetite-dispatch","commerce","Appetite Dispatch · A5-1","A5-1","Your driver is approaching, circling, and approaching again.","19","15.659042","14.9188","3974","1118","186","models/vlt-appetite-dispatch-05.gltf"
"vlt-appetite-dispatch-06","appetite-dispatch","commerce","Appetite Dispatch · B1-1","B1-1","Your driver is approaching, circling, and approaching again.","14.52","14.154786","15.5776","3974","1118","186","models/vlt-appetite-dispatch-06.gltf"
"vlt-appetite-dispatch-07","appetite-dispatch","commerce","Appetite Dispatch · B2-1","B2-1","Your driver is approaching, circling, and approaching again.","15.64","14.530836","15.5776","3974","1118","186","models/vlt-appetite-dispatch-07.gltf"
"vlt-appetite-dispatch-08","appetite-dispatch","commerce","Appetite Dispatch · B3-1","B3-1","Your driver is approaching, circling, and approaching again.","16.76","14.906896","15.5776","3974","1118","186","models/vlt-appetite-dispatch-08.gltf"
"vlt-appetite-dispatch-09","appetite-dispatch","commerce","Appetite Dispatch · B4-1","B4-1","Your driver is approaching, circling, and approaching again.","17.88","15.282965","15.5776","3974","1118","186","models/vlt-appetite-dispatch-09.gltf"
"vlt-appetite-dispatch-10","appetite-dispatch","commerce","Appetite Dispatch · B5-1","B5-1","Your driver is approaching, circling, and approaching again.","19","15.659042","15.5776","3974","1118","186","models/vlt-appetite-dispatch-10.gltf"
"vlt-appetite-dispatch-11","appetite-dispatch","commerce","Appetite Dispatch · C1-1","C1-1","Your driver is approaching, circling, and approaching again.","14.52","14.154786","16.2364","3974","1118","186","models/vlt-appetite-dispatch-11.gltf"
"vlt-appetite-dispatch-12","appetite-dispatch","commerce","Appetite Dispatch · C2-1","C2-1","Your driver is approaching, circling, and approaching again.","15.64","14.530836","16.2364","3974","1118","186","models/vlt-appetite-dispatch-12.gltf"
"vlt-appetite-dispatch-13","appetite-dispatch","commerce","Appetite Dispatch · C3-1","C3-1","Your driver is approaching, circling, and approaching again.","16.76","14.906896","16.2364","3974","1118","186","models/vlt-appetite-dispatch-13.gltf"
"vlt-appetite-dispatch-14","appetite-dispatch","commerce","Appetite Dispatch · C4-1","C4-1","Your driver is approaching, circling, and approaching again.","17.88","15.282965","16.2364","3974","1118","186","models/vlt-appetite-dispatch-14.gltf"
"vlt-appetite-dispatch-15","appetite-dispatch","commerce","Appetite Dispatch · C5-1","C5-1","Your driver is approaching, circling, and approaching again.","19","15.659042","16.2364","3974","1118","186","models/vlt-appetite-dispatch-15.gltf"
"vlt-appetite-dispatch-16","appetite-dispatch","commerce","Appetite Dispatch · D1-1","D1-1","Your driver is approaching, circling, and approaching again.","14.52","14.154786","16.8952","3974","1118","186","models/vlt-appetite-dispatch-16.gltf"
"vlt-appetite-dispatch-17","appetite-dispatch","commerce","Appetite Dispatch · D2-1","D2-1","Your driver is approaching, circling, and approaching again.","15.64","14.530836","16.8952","3974","1118","186","models/vlt-appetite-dispatch-17.gltf"
"vlt-appetite-dispatch-18","appetite-dispatch","commerce","Appetite Dispatch · D3-1","D3-1","Your driver is approaching, circling, and approaching again.","16.76","14.906896","16.8952","3974","1118","186","models/vlt-appetite-dispatch-18.gltf"
"vlt-appetite-dispatch-19","appetite-dispatch","commerce","Appetite Dispatch · D4-1","D4-1","Your driver is approaching, circling, and approaching again.","17.88","15.282965","16.8952","3974","1118","186","models/vlt-appetite-dispatch-19.gltf"
"vlt-appetite-dispatch-20","appetite-dispatch","commerce","Appetite Dispatch · D5-1","D5-1","Your driver is approaching, circling, and approaching again.","19","15.659042","16.8952","3974","1118","186","models/vlt-appetite-dispatch-20.gltf"
"vlt-appetite-dispatch-21","appetite-dispatch","commerce","Appetite Dispatch · A1-2","A1-2","Your driver is approaching, circling, and approaching again.","14.52","14.154786","15.5812","4514","1154","198","models/vlt-appetite-dispatch-21.gltf"
"vlt-appetite-dispatch-22","appetite-dispatch","commerce","Appetite Dispatch · A2-2","A2-2","Your driver is approaching, circling, and approaching again.","15.64","14.530836","15.5812","4514","1154","198","models/vlt-appetite-dispatch-22.gltf"
"vlt-appetite-dispatch-23","appetite-dispatch","commerce","Appetite Dispatch · A3-2","A3-2","Your driver is approaching, circling, and approaching again.","16.76","14.906896","15.5812","4514","1154","198","models/vlt-appetite-dispatch-23.gltf"
"vlt-appetite-dispatch-24","appetite-dispatch","commerce","Appetite Dispatch · A4-2","A4-2","Your driver is approaching, circling, and approaching again.","17.88","15.282965","15.5812","4514","1154","198","models/vlt-appetite-dispatch-24.gltf"
"vlt-appetite-dispatch-25","appetite-dispatch","commerce","Appetite Dispatch · A5-2","A5-2","Your driver is approaching, circling, and approaching again.","19","15.659042","15.5812","4514","1154","198","models/vlt-appetite-dispatch-25.gltf"
"vlt-appetite-dispatch-26","appetite-dispatch","commerce","Appetite Dispatch · B1-2","B1-2","Your driver is approaching, circling, and approaching again.","14.52","14.154786","16.2724","4514","1154","198","models/vlt-appetite-dispatch-26.gltf"
"vlt-appetite-dispatch-27","appetite-dispatch","commerce","Appetite Dispatch · B2-2","B2-2","Your driver is approaching, circling, and approaching again.","15.64","14.530836","16.2724","4514","1154","198","models/vlt-appetite-dispatch-27.gltf"
"vlt-appetite-dispatch-28","appetite-dispatch","commerce","Appetite Dispatch · B3-2","B3-2","Your driver is approaching, circling, and approaching again.","16.76","14.906896","16.2724","4514","1154","198","models/vlt-appetite-dispatch-28.gltf"
"vlt-appetite-dispatch-29","appetite-dispatch","commerce","Appetite Dispatch · B4-2","B4-2","Your driver is approaching, circling, and approaching again.","17.88","15.282965","16.2724","4514","1154","198","models/vlt-appetite-dispatch-29.gltf"
"vlt-appetite-dispatch-30","appetite-dispatch","commerce","Appetite Dispatch · B5-2","B5-2","Your driver is approaching, circling, and approaching again.","19","15.659042","16.2724","4514","1154","198","models/vlt-appetite-dispatch-30.gltf"
"vlt-appetite-dispatch-31","appetite-dispatch","commerce","Appetite Dispatch · C1-2","C1-2","Your driver is approaching, circling, and approaching again.","14.52","14.154786","16.9636","4514","1154","198","models/vlt-appetite-dispatch-31.gltf"
"vlt-appetite-dispatch-32","appetite-dispatch","commerce","Appetite Dispatch · C2-2","C2-2","Your driver is approaching, circling, and approaching again.","15.64","14.530836","16.9636","4514","1154","198","models/vlt-appetite-dispatch-32.gltf"
"vlt-appetite-dispatch-33","appetite-dispatch","commerce","Appetite Dispatch · C3-2","C3-2","Your driver is approaching, circling, and approaching again.","16.76","14.906896","16.9636","4514","1154","198","models/vlt-appetite-dispatch-33.gltf"
"vlt-appetite-dispatch-34","appetite-dispatch","commerce","Appetite Dispatch · C4-2","C4-2","Your driver is approaching, circling, and approaching again.","17.88","15.282965","16.9636","4514","1154","198","models/vlt-appetite-dispatch-34.gltf"
"vlt-appetite-dispatch-35","appetite-dispatch","commerce","Appetite Dispatch · C5-2","C5-2","Your driver is approaching, circling, and approaching again.","19","15.659042","16.9636","4514","1154","198","models/vlt-appetite-dispatch-35.gltf"
"vlt-appetite-dispatch-36","appetite-dispatch","commerce","Appetite Dispatch · D1-2","D1-2","Your driver is approaching, circling, and approaching again.","14.52","14.154786","17.6548","4514","1154","198","models/vlt-appetite-dispatch-36.gltf"
"vlt-appetite-dispatch-37","appetite-dispatch","commerce","Appetite Dispatch · D2-2","D2-2","Your driver is approaching, circling, and approaching again.","15.64","14.530836","17.6548","4514","1154","198","models/vlt-appetite-dispatch-37.gltf"
"vlt-appetite-dispatch-38","appetite-dispatch","commerce","Appetite Dispatch · D3-2","D3-2","Your driver is approaching, circling, and approaching again.","16.76","14.906896","17.6548","4514","1154","198","models/vlt-appetite-dispatch-38.gltf"
"vlt-appetite-dispatch-39","appetite-dispatch","commerce","Appetite Dispatch · D4-2","D4-2","Your driver is approaching, circling, and approaching again.","17.88","15.282965","17.6548","4514","1154","198","models/vlt-appetite-dispatch-39.gltf"
"vlt-appetite-dispatch-40","appetite-dispatch","commerce","Appetite Dispatch · D5-2","D5-2","Your driver is approaching, circling, and approaching again.","19","15.659042","17.6548","4514","1154","198","models/vlt-appetite-dispatch-40.gltf"
"vlt-blackrack-rentals-01","blackrack-rentals","neighborhood","Blackrack Build-to-Rent · A1-1","A1-1","The American dream, billed monthly with a convenience fee.","18.48","4.357809","16.179","1966","238","152","models/vlt-blackrack-rentals-01.gltf"
"vlt-blackrack-rentals-02","blackrack-rentals","neighborhood","Blackrack Build-to-Rent · A2-1","A2-1","The American dream, billed monthly with a convenience fee.","21.12","4.357809","17.28","2292","276","152","models/vlt-blackrack-rentals-02.gltf"
"vlt-blackrack-rentals-03","blackrack-rentals","neighborhood","Blackrack Build-to-Rent · A3-1","A3-1","The American dream, billed monthly with a convenience fee.","24.6","4.357809","18.72","2618","314","152","models/vlt-blackrack-rentals-03.gltf"
"vlt-blackrack-rentals-04","blackrack-rentals","neighborhood","Blackrack Build-to-Rent · A4-1","A4-1","The American dream, billed monthly with a convenience fee.","28.8","4.357809","20.16","2944","352","152","models/vlt-blackrack-rentals-04.gltf"
"vlt-blackrack-rentals-05","blackrack-rentals","neighborhood","Blackrack Build-to-Rent · A5-1","A5-1","The American dream, billed monthly with a convenience fee.","33","4.357809","21.6","3270","390","152","models/vlt-blackrack-rentals-05.gltf"
"vlt-blackrack-rentals-06","blackrack-rentals","neighborhood","Blackrack Build-to-Rent · B1-1","B1-1","The American dream, billed monthly with a convenience fee.","18.48","4.357809","16.72","2074","250","152","models/vlt-blackrack-rentals-06.gltf"
"vlt-blackrack-rentals-07","blackrack-rentals","neighborhood","Blackrack Build-to-Rent · B2-1","B2-1","The American dream, billed monthly with a convenience fee.","21.12","4.357809","18.24","2400","288","152","models/vlt-blackrack-rentals-07.gltf"
"vlt-blackrack-rentals-08","blackrack-rentals","neighborhood","Blackrack Build-to-Rent · B3-1","B3-1","The American dream, billed monthly with a convenience fee.","24.26","4.357809","19.76","2726","326","152","models/vlt-blackrack-rentals-08.gltf"
"vlt-blackrack-rentals-09","blackrack-rentals","neighborhood","Blackrack Build-to-Rent · B4-1","B4-1","The American dream, billed monthly with a convenience fee.","27.84","4.357809","21.28","3052","364","152","models/vlt-blackrack-rentals-09.gltf"
"vlt-blackrack-rentals-10","blackrack-rentals","neighborhood","Blackrack Build-to-Rent · B5-1","B5-1","The American dream, billed monthly with a convenience fee.","31.5","4.357809","22.8","3378","402","152","models/vlt-blackrack-rentals-10.gltf"
"vlt-blackrack-rentals-11","blackrack-rentals","neighborhood","Blackrack Build-to-Rent · C1-1","C1-1","The American dream, billed monthly with a convenience fee.","18.48","4.357809","17.6","2182","262","152","models/vlt-blackrack-rentals-11.gltf"
"vlt-blackrack-rentals-12","blackrack-rentals","neighborhood","Blackrack Build-to-Rent · C2-1","C2-1","The American dream, billed monthly with a convenience fee.","21.12","4.357809","19.2","2508","300","152","models/vlt-blackrack-rentals-12.gltf"
"vlt-blackrack-rentals-13","blackrack-rentals","neighborhood","Blackrack Build-to-Rent · C3-1","C3-1","The American dream, billed monthly with a convenience fee.","24.6","4.357809","20.8","2834","338","152","models/vlt-blackrack-rentals-13.gltf"
"vlt-blackrack-rentals-14","blackrack-rentals","neighborhood","Blackrack Build-to-Rent · C4-1","C4-1","The American dream, billed monthly with a convenience fee.","28.8","4.357809","22.4","3160","376","152","models/vlt-blackrack-rentals-14.gltf"
"vlt-blackrack-rentals-15","blackrack-rentals","neighborhood","Blackrack Build-to-Rent · C5-1","C5-1","The American dream, billed monthly with a convenience fee.","33","4.357809","24","3486","414","152","models/vlt-blackrack-rentals-15.gltf"
"vlt-blackrack-rentals-16","blackrack-rentals","neighborhood","Blackrack Build-to-Rent · D1-1","D1-1","The American dream, billed monthly with a convenience fee.","18.48","4.357809","18.48","2290","274","152","models/vlt-blackrack-rentals-16.gltf"
"vlt-blackrack-rentals-17","blackrack-rentals","neighborhood","Blackrack Build-to-Rent · D2-1","D2-1","The American dream, billed monthly with a convenience fee.","21.12","4.357809","20.16","2616","312","152","models/vlt-blackrack-rentals-17.gltf"
"vlt-blackrack-rentals-18","blackrack-rentals","neighborhood","Blackrack Build-to-Rent · D3-1","D3-1","The American dream, billed monthly with a convenience fee.","24.26","4.357809","21.84","2942","350","152","models/vlt-blackrack-rentals-18.gltf"
"vlt-blackrack-rentals-19","blackrack-rentals","neighborhood","Blackrack Build-to-Rent · D4-1","D4-1","The American dream, billed monthly with a convenience fee.","27.84","4.357809","23.52","3268","388","152","models/vlt-blackrack-rentals-19.gltf"
"vlt-blackrack-rentals-20","blackrack-rentals","neighborhood","Blackrack Build-to-Rent · D5-1","D5-1","The American dream, billed monthly with a convenience fee.","31.5","4.357809","25.2","3594","426","152","models/vlt-blackrack-rentals-20.gltf"
"vlt-blackrack-rentals-21","blackrack-rentals","neighborhood","Blackrack Build-to-Rent · A1-2","A1-2","The American dream, billed monthly with a convenience fee.","18.48","4.357809","16.21","2074","250","164","models/vlt-blackrack-rentals-21.gltf"
"vlt-blackrack-rentals-22","blackrack-rentals","neighborhood","Blackrack Build-to-Rent · A2-2","A2-2","The American dream, billed monthly with a convenience fee.","21.12","4.357809","17.28","2400","288","164","models/vlt-blackrack-rentals-22.gltf"
"vlt-blackrack-rentals-23","blackrack-rentals","neighborhood","Blackrack Build-to-Rent · A3-2","A3-2","The American dream, billed monthly with a convenience fee.","24.6","4.357809","18.72","2726","326","164","models/vlt-blackrack-rentals-23.gltf"
"vlt-blackrack-rentals-24","blackrack-rentals","neighborhood","Blackrack Build-to-Rent · A4-2","A4-2","The American dream, billed monthly with a convenience fee.","28.8","4.357809","20.16","3052","364","164","models/vlt-blackrack-rentals-24.gltf"
"vlt-blackrack-rentals-25","blackrack-rentals","neighborhood","Blackrack Build-to-Rent · A5-2","A5-2","The American dream, billed monthly with a convenience fee.","33","4.357809","21.6","3378","402","164","models/vlt-blackrack-rentals-25.gltf"
"vlt-blackrack-rentals-26","blackrack-rentals","neighborhood","Blackrack Build-to-Rent · B1-2","B1-2","The American dream, billed monthly with a convenience fee.","18.48","4.357809","16.72","2182","262","164","models/vlt-blackrack-rentals-26.gltf"
"vlt-blackrack-rentals-27","blackrack-rentals","neighborhood","Blackrack Build-to-Rent · B2-2","B2-2","The American dream, billed monthly with a convenience fee.","21.12","4.357809","18.24","2508","300","164","models/vlt-blackrack-rentals-27.gltf"
"vlt-blackrack-rentals-28","blackrack-rentals","neighborhood","Blackrack Build-to-Rent · B3-2","B3-2","The American dream, billed monthly with a convenience fee.","24.26","4.357809","19.76","2834","338","164","models/vlt-blackrack-rentals-28.gltf"
"vlt-blackrack-rentals-29","blackrack-rentals","neighborhood","Blackrack Build-to-Rent · B4-2","B4-2","The American dream, billed monthly with a convenience fee.","27.84","4.357809","21.28","3160","376","164","models/vlt-blackrack-rentals-29.gltf"
"vlt-blackrack-rentals-30","blackrack-rentals","neighborhood","Blackrack Build-to-Rent · B5-2","B5-2","The American dream, billed monthly with a convenience fee.","31.5","4.357809","22.8","3486","414","164","models/vlt-blackrack-rentals-30.gltf"
"vlt-blackrack-rentals-31","blackrack-rentals","neighborhood","Blackrack Build-to-Rent · C1-2","C1-2","The American dream, billed monthly with a convenience fee.","18.48","4.357809","17.6","2290","274","164","models/vlt-blackrack-rentals-31.gltf"
"vlt-blackrack-rentals-32","blackrack-rentals","neighborhood","Blackrack Build-to-Rent · C2-2","C2-2","The American dream, billed monthly with a convenience fee.","21.12","4.357809","19.2","2616","312","164","models/vlt-blackrack-rentals-32.gltf"
"vlt-blackrack-rentals-33","blackrack-rentals","neighborhood","Blackrack Build-to-Rent · C3-2","C3-2","The American dream, billed monthly with a convenience fee.","24.6","4.357809","20.8","2942","350","164","models/vlt-blackrack-rentals-33.gltf"
"vlt-blackrack-rentals-34","blackrack-rentals","neighborhood","Blackrack Build-to-Rent · C4-2","C4-2","The American dream, billed monthly with a convenience fee.","28.8","4.357809","22.4","3268","388","164","models/vlt-blackrack-rentals-34.gltf"
"vlt-blackrack-rentals-35","blackrack-rentals","neighborhood","Blackrack Build-to-Rent · C5-2","C5-2","The American dream, billed monthly with a convenience fee.","33","4.357809","24","3594","426","164","models/vlt-blackrack-rentals-35.gltf"
"vlt-blackrack-rentals-36","blackrack-rentals","neighborhood","Blackrack Build-to-Rent · D1-2","D1-2","The American dream, billed monthly with a convenience fee.","18.48","4.357809","18.48","2398","286","164","models/vlt-blackrack-rentals-36.gltf"
"vlt-blackrack-rentals-37","blackrack-rentals","neighborhood","Blackrack Build-to-Rent · D2-2","D2-2","The American dream, billed monthly with a convenience fee.","21.12","4.357809","20.16","2724","324","164","models/vlt-blackrack-rentals-37.gltf"
"vlt-blackrack-rentals-38","blackrack-rentals","neighborhood","Blackrack Build-to-Rent · D3-2","D3-2","The American dream, billed monthly with a convenience fee.","24.26","4.357809","21.84","3050","362","164","models/vlt-blackrack-rentals-38.gltf"
"vlt-blackrack-rentals-39","blackrack-rentals","neighborhood","Blackrack Build-to-Rent · D4-2","D4-2","The American dream, billed monthly with a convenience fee.","27.84","4.357809","23.52","3376","400","164","models/vlt-blackrack-rentals-39.gltf"
"vlt-blackrack-rentals-40","blackrack-rentals","neighborhood","Blackrack Build-to-Rent · D5-2","D5-2","The American dream, billed monthly with a convenience fee.","31.5","4.357809","25.2","3702","438","164","models/vlt-blackrack-rentals-40.gltf"
"vlt-boxzilla-bargains-01","boxzilla-bargains","commerce","Boxzilla Bargains · A1-1","A1-1","It came from beyond the bypass with everyday low consequences.","25.08","7.52","18.7636","756","132","108","models/vlt-boxzilla-bargains-01.gltf"
"vlt-boxzilla-bargains-02","boxzilla-bargains","commerce","Boxzilla Bargains · A2-1","A2-1","It came from beyond the bypass with everyday low consequences.","27.16","7.72","18.7636","756","132","108","models/vlt-boxzilla-bargains-02.gltf"
"vlt-boxzilla-bargains-03","boxzilla-bargains","commerce","Boxzilla Bargains · A3-1","A3-1","It came from beyond the bypass with everyday low consequences.","28.2","7.92","18.7636","756","132","108","models/vlt-boxzilla-bargains-03.gltf"
"vlt-boxzilla-bargains-04","boxzilla-bargains","commerce","Boxzilla Bargains · A4-1","A4-1","It came from beyond the bypass with everyday low consequences.","28.2","8.12","18.7636","756","132","108","models/vlt-boxzilla-bargains-04.gltf"
"vlt-boxzilla-bargains-05","boxzilla-bargains","commerce","Boxzilla Bargains · A5-1","A5-1","It came from beyond the bypass with everyday low consequences.","28.2","8.32","18.7636","756","132","108","models/vlt-boxzilla-bargains-05.gltf"
"vlt-boxzilla-bargains-06","boxzilla-bargains","commerce","Boxzilla Bargains · B1-1","B1-1","It came from beyond the bypass with everyday low consequences.","25.08","7.52","19.6222","756","132","108","models/vlt-boxzilla-bargains-06.gltf"
"vlt-boxzilla-bargains-07","boxzilla-bargains","commerce","Boxzilla Bargains · B2-1","B2-1","It came from beyond the bypass with everyday low consequences.","27.16","7.72","19.6222","756","132","108","models/vlt-boxzilla-bargains-07.gltf"
"vlt-boxzilla-bargains-08","boxzilla-bargains","commerce","Boxzilla Bargains · B3-1","B3-1","It came from beyond the bypass with everyday low consequences.","28.2","7.92","19.6222","756","132","108","models/vlt-boxzilla-bargains-08.gltf"
"vlt-boxzilla-bargains-09","boxzilla-bargains","commerce","Boxzilla Bargains · B4-1","B4-1","It came from beyond the bypass with everyday low consequences.","28.2","8.12","19.6222","756","132","108","models/vlt-boxzilla-bargains-09.gltf"
"vlt-boxzilla-bargains-10","boxzilla-bargains","commerce","Boxzilla Bargains · B5-1","B5-1","It came from beyond the bypass with everyday low consequences.","28.2","8.32","19.6222","756","132","108","models/vlt-boxzilla-bargains-10.gltf"
"vlt-boxzilla-bargains-11","boxzilla-bargains","commerce","Boxzilla Bargains · C1-1","C1-1","It came from beyond the bypass with everyday low consequences.","25.1596","7.52","20.4808","756","132","108","models/vlt-boxzilla-bargains-11.gltf"
"vlt-boxzilla-bargains-12","boxzilla-bargains","commerce","Boxzilla Bargains · C2-1","C2-1","It came from beyond the bypass with everyday low consequences.","27.16","7.72","20.4808","756","132","108","models/vlt-boxzilla-bargains-12.gltf"
"vlt-boxzilla-bargains-13","boxzilla-bargains","commerce","Boxzilla Bargains · C3-1","C3-1","It came from beyond the bypass with everyday low consequences.","28.2","7.92","20.4808","756","132","108","models/vlt-boxzilla-bargains-13.gltf"
"vlt-boxzilla-bargains-14","boxzilla-bargains","commerce","Boxzilla Bargains · C4-1","C4-1","It came from beyond the bypass with everyday low consequences.","28.2","8.12","20.4808","756","132","108","models/vlt-boxzilla-bargains-14.gltf"
"vlt-boxzilla-bargains-15","boxzilla-bargains","commerce","Boxzilla Bargains · C5-1","C5-1","It came from beyond the bypass with everyday low consequences.","28.2","8.32","20.4808","756","132","108","models/vlt-boxzilla-bargains-15.gltf"
"vlt-boxzilla-bargains-16","boxzilla-bargains","commerce","Boxzilla Bargains · D1-1","D1-1","It came from beyond the bypass with everyday low consequences.","25.5146","7.52","21.3394","756","132","108","models/vlt-boxzilla-bargains-16.gltf"
"vlt-boxzilla-bargains-17","boxzilla-bargains","commerce","Boxzilla Bargains · D2-1","D2-1","It came from beyond the bypass with everyday low consequences.","27.4282","7.72","21.3394","756","132","108","models/vlt-boxzilla-bargains-17.gltf"
"vlt-boxzilla-bargains-18","boxzilla-bargains","commerce","Boxzilla Bargains · D3-1","D3-1","It came from beyond the bypass with everyday low consequences.","28.385","7.92","21.3394","756","132","108","models/vlt-boxzilla-bargains-18.gltf"
"vlt-boxzilla-bargains-19","boxzilla-bargains","commerce","Boxzilla Bargains · D4-1","D4-1","It came from beyond the bypass with everyday low consequences.","28.385","8.12","21.3394","756","132","108","models/vlt-boxzilla-bargains-19.gltf"
"vlt-boxzilla-bargains-20","boxzilla-bargains","commerce","Boxzilla Bargains · D5-1","D5-1","It came from beyond the bypass with everyday low consequences.","28.385","8.32","21.3394","756","132","108","models/vlt-boxzilla-bargains-20.gltf"
"vlt-boxzilla-bargains-21","boxzilla-bargains","commerce","Boxzilla Bargains · A1-2","A1-2","It came from beyond the bypass with everyday low consequences.","25.08","7.52","22.6468","1296","168","120","models/vlt-boxzilla-bargains-21.gltf"
"vlt-boxzilla-bargains-22","boxzilla-bargains","commerce","Boxzilla Bargains · A2-2","A2-2","It came from beyond the bypass with everyday low consequences.","27.16","7.72","22.6468","1296","168","120","models/vlt-boxzilla-bargains-22.gltf"
"vlt-boxzilla-bargains-23","boxzilla-bargains","commerce","Boxzilla Bargains · A3-2","A3-2","It came from beyond the bypass with everyday low consequences.","28.2","7.92","22.6468","1296","168","120","models/vlt-boxzilla-bargains-23.gltf"
"vlt-boxzilla-bargains-24","boxzilla-bargains","commerce","Boxzilla Bargains · A4-2","A4-2","It came from beyond the bypass with everyday low consequences.","28.2","8.12","22.6468","1296","168","120","models/vlt-boxzilla-bargains-24.gltf"
"vlt-boxzilla-bargains-25","boxzilla-bargains","commerce","Boxzilla Bargains · A5-2","A5-2","It came from beyond the bypass with everyday low consequences.","28.2","8.32","22.6468","1296","168","120","models/vlt-boxzilla-bargains-25.gltf"
"vlt-boxzilla-bargains-26","boxzilla-bargains","commerce","Boxzilla Bargains · B1-2","B1-2","It came from beyond the bypass with everyday low consequences.","25.08","7.52","23.6836","1296","168","120","models/vlt-boxzilla-bargains-26.gltf"
"vlt-boxzilla-bargains-27","boxzilla-bargains","commerce","Boxzilla Bargains · B2-2","B2-2","It came from beyond the bypass with everyday low consequences.","27.16","7.72","23.6836","1296","168","120","models/vlt-boxzilla-bargains-27.gltf"
"vlt-boxzilla-bargains-28","boxzilla-bargains","commerce","Boxzilla Bargains · B3-2","B3-2","It came from beyond the bypass with everyday low consequences.","28.2","7.92","23.6836","1296","168","120","models/vlt-boxzilla-bargains-28.gltf"
"vlt-boxzilla-bargains-29","boxzilla-bargains","commerce","Boxzilla Bargains · B4-2","B4-2","It came from beyond the bypass with everyday low consequences.","28.2","8.12","23.6836","1296","168","120","models/vlt-boxzilla-bargains-29.gltf"
"vlt-boxzilla-bargains-30","boxzilla-bargains","commerce","Boxzilla Bargains · B5-2","B5-2","It came from beyond the bypass with everyday low consequences.","28.2","8.32","23.6836","1296","168","120","models/vlt-boxzilla-bargains-30.gltf"
"vlt-boxzilla-bargains-31","boxzilla-bargains","commerce","Boxzilla Bargains · C1-2","C1-2","It came from beyond the bypass with everyday low consequences.","25.1596","7.52","24.7204","1296","168","120","models/vlt-boxzilla-bargains-31.gltf"
"vlt-boxzilla-bargains-32","boxzilla-bargains","commerce","Boxzilla Bargains · C2-2","C2-2","It came from beyond the bypass with everyday low consequences.","27.16","7.72","24.7204","1296","168","120","models/vlt-boxzilla-bargains-32.gltf"
"vlt-boxzilla-bargains-33","boxzilla-bargains","commerce","Boxzilla Bargains · C3-2","C3-2","It came from beyond the bypass with everyday low consequences.","28.2","7.92","24.7204","1296","168","120","models/vlt-boxzilla-bargains-33.gltf"
"vlt-boxzilla-bargains-34","boxzilla-bargains","commerce","Boxzilla Bargains · C4-2","C4-2","It came from beyond the bypass with everyday low consequences.","28.2","8.12","24.7204","1296","168","120","models/vlt-boxzilla-bargains-34.gltf"
"vlt-boxzilla-bargains-35","boxzilla-bargains","commerce","Boxzilla Bargains · C5-2","C5-2","It came from beyond the bypass with everyday low consequences.","28.2","8.32","24.7204","1296","168","120","models/vlt-boxzilla-bargains-35.gltf"
"vlt-boxzilla-bargains-36","boxzilla-bargains","commerce","Boxzilla Bargains · D1-2","D1-2","It came from beyond the bypass with everyday low consequences.","25.5146","7.52","25.7572","1296","168","120","models/vlt-boxzilla-bargains-36.gltf"
"vlt-boxzilla-bargains-37","boxzilla-bargains","commerce","Boxzilla Bargains · D2-2","D2-2","It came from beyond the bypass with everyday low consequences.","27.4282","7.72","25.7572","1296","168","120","models/vlt-boxzilla-bargains-37.gltf"
"vlt-boxzilla-bargains-38","boxzilla-bargains","commerce","Boxzilla Bargains · D3-2","D3-2","It came from beyond the bypass with everyday low consequences.","28.385","7.92","25.7572","1296","168","120","models/vlt-boxzilla-bargains-38.gltf"
"vlt-boxzilla-bargains-39","boxzilla-bargains","commerce","Boxzilla Bargains · D4-2","D4-2","It came from beyond the bypass with everyday low consequences.","28.385","8.12","25.7572","1296","168","120","models/vlt-boxzilla-bargains-39.gltf"
"vlt-boxzilla-bargains-40","boxzilla-bargains","commerce","Boxzilla Bargains · D5-2","D5-2","It came from beyond the bypass with everyday low consequences.","28.385","8.32","25.7572","1296","168","120","models/vlt-boxzilla-bargains-40.gltf"
"vlt-brisket-bunker-01","brisket-bunker","commerce","Brisket Bunker · A1-1","A1-1","Prepared for twelve winters or one lunch rush.","14.7344","7.1","11.4","782","110","110","models/vlt-brisket-bunker-01.gltf"
"vlt-brisket-bunker-02","brisket-bunker","commerce","Brisket Bunker · A2-1","A2-1","Prepared for twelve winters or one lunch rush.","15.7648","7.225","11.4","782","110","110","models/vlt-brisket-bunker-02.gltf"
"vlt-brisket-bunker-03","brisket-bunker","commerce","Brisket Bunker · A3-1","A3-1","Prepared for twelve winters or one lunch rush.","16.7952","7.35","11.4","782","110","110","models/vlt-brisket-bunker-03.gltf"
"vlt-brisket-bunker-04","brisket-bunker","commerce","Brisket Bunker · A4-1","A4-1","Prepared for twelve winters or one lunch rush.","17.88","7.475","11.4","782","110","110","models/vlt-brisket-bunker-04.gltf"
"vlt-brisket-bunker-05","brisket-bunker","commerce","Brisket Bunker · A5-1","A5-1","Prepared for twelve winters or one lunch rush.","19","7.606607","11.4","782","110","110","models/vlt-brisket-bunker-05.gltf"
"vlt-brisket-bunker-06","brisket-bunker","commerce","Brisket Bunker · B1-1","B1-1","Prepared for twelve winters or one lunch rush.","15.0894","7.1","11.85","782","110","110","models/vlt-brisket-bunker-06.gltf"
"vlt-brisket-bunker-07","brisket-bunker","commerce","Brisket Bunker · B2-1","B2-1","Prepared for twelve winters or one lunch rush.","16.1198","7.225","11.85","782","110","110","models/vlt-brisket-bunker-07.gltf"
"vlt-brisket-bunker-08","brisket-bunker","commerce","Brisket Bunker · B3-1","B3-1","Prepared for twelve winters or one lunch rush.","17.1502","7.35","11.85","782","110","110","models/vlt-brisket-bunker-08.gltf"
"vlt-brisket-bunker-09","brisket-bunker","commerce","Brisket Bunker · B4-1","B4-1","Prepared for twelve winters or one lunch rush.","18.1806","7.475","11.85","782","110","110","models/vlt-brisket-bunker-09.gltf"
"vlt-brisket-bunker-10","brisket-bunker","commerce","Brisket Bunker · B5-1","B5-1","Prepared for twelve winters or one lunch rush.","19.211","7.606607","11.85","782","110","110","models/vlt-brisket-bunker-10.gltf"
"vlt-brisket-bunker-11","brisket-bunker","commerce","Brisket Bunker · C1-1","C1-1","Prepared for twelve winters or one lunch rush.","15.4444","7.1","12.3","782","110","110","models/vlt-brisket-bunker-11.gltf"
"vlt-brisket-bunker-12","brisket-bunker","commerce","Brisket Bunker · C2-1","C2-1","Prepared for twelve winters or one lunch rush.","16.4748","7.225","12.3","782","110","110","models/vlt-brisket-bunker-12.gltf"
"vlt-brisket-bunker-13","brisket-bunker","commerce","Brisket Bunker · C3-1","C3-1","Prepared for twelve winters or one lunch rush.","17.5052","7.35","12.3","782","110","110","models/vlt-brisket-bunker-13.gltf"
"vlt-brisket-bunker-14","brisket-bunker","commerce","Brisket Bunker · C4-1","C4-1","Prepared for twelve winters or one lunch rush.","18.5356","7.475","12.3","782","110","110","models/vlt-brisket-bunker-14.gltf"
"vlt-brisket-bunker-15","brisket-bunker","commerce","Brisket Bunker · C5-1","C5-1","Prepared for twelve winters or one lunch rush.","19.566","7.606607","12.3","782","110","110","models/vlt-brisket-bunker-15.gltf"
"vlt-brisket-bunker-16","brisket-bunker","commerce","Brisket Bunker · D1-1","D1-1","Prepared for twelve winters or one lunch rush.","15.7994","7.1","12.75","782","110","110","models/vlt-brisket-bunker-16.gltf"
"vlt-brisket-bunker-17","brisket-bunker","commerce","Brisket Bunker · D2-1","D2-1","Prepared for twelve winters or one lunch rush.","16.8298","7.225","12.75","782","110","110","models/vlt-brisket-bunker-17.gltf"
"vlt-brisket-bunker-18","brisket-bunker","commerce","Brisket Bunker · D3-1","D3-1","Prepared for twelve winters or one lunch rush.","17.8602","7.35","12.75","782","110","110","models/vlt-brisket-bunker-18.gltf"
"vlt-brisket-bunker-19","brisket-bunker","commerce","Brisket Bunker · D4-1","D4-1","Prepared for twelve winters or one lunch rush.","18.8906","7.475","12.75","782","110","110","models/vlt-brisket-bunker-19.gltf"
"vlt-brisket-bunker-20","brisket-bunker","commerce","Brisket Bunker · D5-1","D5-1","Prepared for twelve winters or one lunch rush.","19.921","7.606607","12.75","782","110","110","models/vlt-brisket-bunker-20.gltf"
"vlt-brisket-bunker-21","brisket-bunker","commerce","Brisket Bunker · A1-2","A1-2","Prepared for twelve winters or one lunch rush.","14.7344","7.1","13.226","1322","146","122","models/vlt-brisket-bunker-21.gltf"
"vlt-brisket-bunker-22","brisket-bunker","commerce","Brisket Bunker · A2-2","A2-2","Prepared for twelve winters or one lunch rush.","15.7648","7.225","13.226","1322","146","122","models/vlt-brisket-bunker-22.gltf"
"vlt-brisket-bunker-23","brisket-bunker","commerce","Brisket Bunker · A3-2","A3-2","Prepared for twelve winters or one lunch rush.","16.7952","7.35","13.226","1322","146","122","models/vlt-brisket-bunker-23.gltf"
"vlt-brisket-bunker-24","brisket-bunker","commerce","Brisket Bunker · A4-2","A4-2","Prepared for twelve winters or one lunch rush.","17.88","7.475","13.226","1322","146","122","models/vlt-brisket-bunker-24.gltf"
"vlt-brisket-bunker-25","brisket-bunker","commerce","Brisket Bunker · A5-2","A5-2","Prepared for twelve winters or one lunch rush.","19","7.606607","13.226","1322","146","122","models/vlt-brisket-bunker-25.gltf"
"vlt-brisket-bunker-26","brisket-bunker","commerce","Brisket Bunker · B1-2","B1-2","Prepared for twelve winters or one lunch rush.","15.0894","7.1","13.802","1322","146","122","models/vlt-brisket-bunker-26.gltf"
"vlt-brisket-bunker-27","brisket-bunker","commerce","Brisket Bunker · B2-2","B2-2","Prepared for twelve winters or one lunch rush.","16.1198","7.225","13.802","1322","146","122","models/vlt-brisket-bunker-27.gltf"
"vlt-brisket-bunker-28","brisket-bunker","commerce","Brisket Bunker · B3-2","B3-2","Prepared for twelve winters or one lunch rush.","17.1502","7.35","13.802","1322","146","122","models/vlt-brisket-bunker-28.gltf"
"vlt-brisket-bunker-29","brisket-bunker","commerce","Brisket Bunker · B4-2","B4-2","Prepared for twelve winters or one lunch rush.","18.1806","7.475","13.802","1322","146","122","models/vlt-brisket-bunker-29.gltf"
"vlt-brisket-bunker-30","brisket-bunker","commerce","Brisket Bunker · B5-2","B5-2","Prepared for twelve winters or one lunch rush.","19.211","7.606607","13.802","1322","146","122","models/vlt-brisket-bunker-30.gltf"
"vlt-brisket-bunker-31","brisket-bunker","commerce","Brisket Bunker · C1-2","C1-2","Prepared for twelve winters or one lunch rush.","15.4444","7.1","14.378","1322","146","122","models/vlt-brisket-bunker-31.gltf"
"vlt-brisket-bunker-32","brisket-bunker","commerce","Brisket Bunker · C2-2","C2-2","Prepared for twelve winters or one lunch rush.","16.4748","7.225","14.378","1322","146","122","models/vlt-brisket-bunker-32.gltf"
"vlt-brisket-bunker-33","brisket-bunker","commerce","Brisket Bunker · C3-2","C3-2","Prepared for twelve winters or one lunch rush.","17.5052","7.35","14.378","1322","146","122","models/vlt-brisket-bunker-33.gltf"
"vlt-brisket-bunker-34","brisket-bunker","commerce","Brisket Bunker · C4-2","C4-2","Prepared for twelve winters or one lunch rush.","18.5356","7.475","14.378","1322","146","122","models/vlt-brisket-bunker-34.gltf"
"vlt-brisket-bunker-35","brisket-bunker","commerce","Brisket Bunker · C5-2","C5-2","Prepared for twelve winters or one lunch rush.","19.566","7.606607","14.378","1322","146","122","models/vlt-brisket-bunker-35.gltf"
"vlt-brisket-bunker-36","brisket-bunker","commerce","Brisket Bunker · D1-2","D1-2","Prepared for twelve winters or one lunch rush.","15.7994","7.1","14.954","1322","146","122","models/vlt-brisket-bunker-36.gltf"
"vlt-brisket-bunker-37","brisket-bunker","commerce","Brisket Bunker · D2-2","D2-2","Prepared for twelve winters or one lunch rush.","16.8298","7.225","14.954","1322","146","122","models/vlt-brisket-bunker-37.gltf"
"vlt-brisket-bunker-38","brisket-bunker","commerce","Brisket Bunker · D3-2","D3-2","Prepared for twelve winters or one lunch rush.","17.8602","7.35","14.954","1322","146","122","models/vlt-brisket-bunker-38.gltf"
"vlt-brisket-bunker-39","brisket-bunker","commerce","Brisket Bunker · D4-2","D4-2","Prepared for twelve winters or one lunch rush.","18.8906","7.475","14.954","1322","146","122","models/vlt-brisket-bunker-39.gltf"
"vlt-brisket-bunker-40","brisket-bunker","commerce","Brisket Bunker · D5-2","D5-2","Prepared for twelve winters or one lunch rush.","19.921","7.606607","14.954","1322","146","122","models/vlt-brisket-bunker-40.gltf"
"vlt-bulkhead-club-01","bulkhead-club","commerce","Bulkhead Club · A1-1","A1-1","Membership proves you can save money by spending four hundred dollars.","24.2","12.6356","21.040045","1158","130","98","models/vlt-bulkhead-club-01.gltf"
"vlt-bulkhead-club-02","bulkhead-club","commerce","Bulkhead Club · A2-1","A2-1","Membership proves you can save money by spending four hundred dollars.","26.2","12.6356","21.040045","1158","130","98","models/vlt-bulkhead-club-02.gltf"
"vlt-bulkhead-club-03","bulkhead-club","commerce","Bulkhead Club · A3-1","A3-1","Membership proves you can save money by spending four hundred dollars.","28.2","12.6356","21.040045","1158","130","98","models/vlt-bulkhead-club-03.gltf"
"vlt-bulkhead-club-04","bulkhead-club","commerce","Bulkhead Club · A4-1","A4-1","Membership proves you can save money by spending four hundred dollars.","28.2","12.6356","21.040045","1158","130","98","models/vlt-bulkhead-club-04.gltf"
"vlt-bulkhead-club-05","bulkhead-club","commerce","Bulkhead Club · A5-1","A5-1","Membership proves you can save money by spending four hundred dollars.","28.2","12.6356","21.040045","1158","130","98","models/vlt-bulkhead-club-05.gltf"
"vlt-bulkhead-club-06","bulkhead-club","commerce","Bulkhead Club · B1-1","B1-1","Membership proves you can save money by spending four hundred dollars.","24.2","13.2512","21.955345","1158","130","98","models/vlt-bulkhead-club-06.gltf"
"vlt-bulkhead-club-07","bulkhead-club","commerce","Bulkhead Club · B2-1","B2-1","Membership proves you can save money by spending four hundred dollars.","26.2","13.2512","21.955345","1158","130","98","models/vlt-bulkhead-club-07.gltf"
"vlt-bulkhead-club-08","bulkhead-club","commerce","Bulkhead Club · B3-1","B3-1","Membership proves you can save money by spending four hundred dollars.","28.2","13.2512","21.955345","1158","130","98","models/vlt-bulkhead-club-08.gltf"
"vlt-bulkhead-club-09","bulkhead-club","commerce","Bulkhead Club · B4-1","B4-1","Membership proves you can save money by spending four hundred dollars.","28.2","13.2512","21.955345","1158","130","98","models/vlt-bulkhead-club-09.gltf"
"vlt-bulkhead-club-10","bulkhead-club","commerce","Bulkhead Club · B5-1","B5-1","Membership proves you can save money by spending four hundred dollars.","28.2","13.2512","21.955345","1158","130","98","models/vlt-bulkhead-club-10.gltf"
"vlt-bulkhead-club-11","bulkhead-club","commerce","Bulkhead Club · C1-1","C1-1","Membership proves you can save money by spending four hundred dollars.","24.2","13.8668","22.870645","1158","130","98","models/vlt-bulkhead-club-11.gltf"
"vlt-bulkhead-club-12","bulkhead-club","commerce","Bulkhead Club · C2-1","C2-1","Membership proves you can save money by spending four hundred dollars.","26.2","13.8668","22.870645","1158","130","98","models/vlt-bulkhead-club-12.gltf"
"vlt-bulkhead-club-13","bulkhead-club","commerce","Bulkhead Club · C3-1","C3-1","Membership proves you can save money by spending four hundred dollars.","28.2","13.8668","22.870645","1158","130","98","models/vlt-bulkhead-club-13.gltf"
"vlt-bulkhead-club-14","bulkhead-club","commerce","Bulkhead Club · C4-1","C4-1","Membership proves you can save money by spending four hundred dollars.","28.2","13.8668","22.870645","1158","130","98","models/vlt-bulkhead-club-14.gltf"
"vlt-bulkhead-club-15","bulkhead-club","commerce","Bulkhead Club · C5-1","C5-1","Membership proves you can save money by spending four hundred dollars.","28.2","13.8668","22.870645","1158","130","98","models/vlt-bulkhead-club-15.gltf"
"vlt-bulkhead-club-16","bulkhead-club","commerce","Bulkhead Club · D1-1","D1-1","Membership proves you can save money by spending four hundred dollars.","24.2","14.4824","23.785945","1158","130","98","models/vlt-bulkhead-club-16.gltf"
"vlt-bulkhead-club-17","bulkhead-club","commerce","Bulkhead Club · D2-1","D2-1","Membership proves you can save money by spending four hundred dollars.","26.2","14.4824","23.785945","1158","130","98","models/vlt-bulkhead-club-17.gltf"
"vlt-bulkhead-club-18","bulkhead-club","commerce","Bulkhead Club · D3-1","D3-1","Membership proves you can save money by spending four hundred dollars.","28.2","14.4824","23.785945","1158","130","98","models/vlt-bulkhead-club-18.gltf"
"vlt-bulkhead-club-19","bulkhead-club","commerce","Bulkhead Club · D4-1","D4-1","Membership proves you can save money by spending four hundred dollars.","28.2","14.4824","23.785945","1158","130","98","models/vlt-bulkhead-club-19.gltf"
"vlt-bulkhead-club-20","bulkhead-club","commerce","Bulkhead Club · D5-1","D5-1","Membership proves you can save money by spending four hundred dollars.","28.2","14.4824","23.785945","1158","130","98","models/vlt-bulkhead-club-20.gltf"
"vlt-bulkhead-club-21","bulkhead-club","commerce","Bulkhead Club · A1-2","A1-2","Membership proves you can save money by spending four hundred dollars.","24.2","12.6356","22.6468","1698","166","110","models/vlt-bulkhead-club-21.gltf"
"vlt-bulkhead-club-22","bulkhead-club","commerce","Bulkhead Club · A2-2","A2-2","Membership proves you can save money by spending four hundred dollars.","26.2","12.6356","22.6468","1698","166","110","models/vlt-bulkhead-club-22.gltf"
"vlt-bulkhead-club-23","bulkhead-club","commerce","Bulkhead Club · A3-2","A3-2","Membership proves you can save money by spending four hundred dollars.","28.2","12.6356","22.6468","1698","166","110","models/vlt-bulkhead-club-23.gltf"
"vlt-bulkhead-club-24","bulkhead-club","commerce","Bulkhead Club · A4-2","A4-2","Membership proves you can save money by spending four hundred dollars.","28.2","12.6356","22.6468","1698","166","110","models/vlt-bulkhead-club-24.gltf"
"vlt-bulkhead-club-25","bulkhead-club","commerce","Bulkhead Club · A5-2","A5-2","Membership proves you can save money by spending four hundred dollars.","28.2","12.6356","22.6468","1698","166","110","models/vlt-bulkhead-club-25.gltf"
"vlt-bulkhead-club-26","bulkhead-club","commerce","Bulkhead Club · B1-2","B1-2","Membership proves you can save money by spending four hundred dollars.","24.2","13.2512","23.6836","1698","166","110","models/vlt-bulkhead-club-26.gltf"
"vlt-bulkhead-club-27","bulkhead-club","commerce","Bulkhead Club · B2-2","B2-2","Membership proves you can save money by spending four hundred dollars.","26.2","13.2512","23.6836","1698","166","110","models/vlt-bulkhead-club-27.gltf"
"vlt-bulkhead-club-28","bulkhead-club","commerce","Bulkhead Club · B3-2","B3-2","Membership proves you can save money by spending four hundred dollars.","28.2","13.2512","23.6836","1698","166","110","models/vlt-bulkhead-club-28.gltf"
"vlt-bulkhead-club-29","bulkhead-club","commerce","Bulkhead Club · B4-2","B4-2","Membership proves you can save money by spending four hundred dollars.","28.2","13.2512","23.6836","1698","166","110","models/vlt-bulkhead-club-29.gltf"
"vlt-bulkhead-club-30","bulkhead-club","commerce","Bulkhead Club · B5-2","B5-2","Membership proves you can save money by spending four hundred dollars.","28.2","13.2512","23.6836","1698","166","110","models/vlt-bulkhead-club-30.gltf"
"vlt-bulkhead-club-31","bulkhead-club","commerce","Bulkhead Club · C1-2","C1-2","Membership proves you can save money by spending four hundred dollars.","24.2","13.8668","24.7204","1698","166","110","models/vlt-bulkhead-club-31.gltf"
"vlt-bulkhead-club-32","bulkhead-club","commerce","Bulkhead Club · C2-2","C2-2","Membership proves you can save money by spending four hundred dollars.","26.2","13.8668","24.7204","1698","166","110","models/vlt-bulkhead-club-32.gltf"
"vlt-bulkhead-club-33","bulkhead-club","commerce","Bulkhead Club · C3-2","C3-2","Membership proves you can save money by spending four hundred dollars.","28.2","13.8668","24.7204","1698","166","110","models/vlt-bulkhead-club-33.gltf"
"vlt-bulkhead-club-34","bulkhead-club","commerce","Bulkhead Club · C4-2","C4-2","Membership proves you can save money by spending four hundred dollars.","28.2","13.8668","24.7204","1698","166","110","models/vlt-bulkhead-club-34.gltf"
"vlt-bulkhead-club-35","bulkhead-club","commerce","Bulkhead Club · C5-2","C5-2","Membership proves you can save money by spending four hundred dollars.","28.2","13.8668","24.7204","1698","166","110","models/vlt-bulkhead-club-35.gltf"
"vlt-bulkhead-club-36","bulkhead-club","commerce","Bulkhead Club · D1-2","D1-2","Membership proves you can save money by spending four hundred dollars.","24.2","14.4824","25.7572","1698","166","110","models/vlt-bulkhead-club-36.gltf"
"vlt-bulkhead-club-37","bulkhead-club","commerce","Bulkhead Club · D2-2","D2-2","Membership proves you can save money by spending four hundred dollars.","26.2","14.4824","25.7572","1698","166","110","models/vlt-bulkhead-club-37.gltf"
"vlt-bulkhead-club-38","bulkhead-club","commerce","Bulkhead Club · D3-2","D3-2","Membership proves you can save money by spending four hundred dollars.","28.2","14.4824","25.7572","1698","166","110","models/vlt-bulkhead-club-38.gltf"
"vlt-bulkhead-club-39","bulkhead-club","commerce","Bulkhead Club · D4-2","D4-2","Membership proves you can save money by spending four hundred dollars.","28.2","14.4824","25.7572","1698","166","110","models/vlt-bulkhead-club-39.gltf"
"vlt-bulkhead-club-40","bulkhead-club","commerce","Bulkhead Club · D5-2","D5-2","Membership proves you can save money by spending four hundred dollars.","28.2","14.4824","25.7572","1698","166","110","models/vlt-bulkhead-club-40.gltf"
"vlt-bus-stop-nowhere-01","bus-stop-nowhere","infrastructure","Bus Stop to Nowhere · A1-1","A1-1","Ridership begins with optimism and sturdy shoes.","4.15636","3.525","2.47","1114","170","170","models/vlt-bus-stop-nowhere-01.gltf"
"vlt-bus-stop-nowhere-02","bus-stop-nowhere","infrastructure","Bus Stop to Nowhere · A2-1","A2-1","Ridership begins with optimism and sturdy shoes.","4.89076","3.645","2.47","1178","194","170","models/vlt-bus-stop-nowhere-02.gltf"
"vlt-bus-stop-nowhere-03","bus-stop-nowhere","infrastructure","Bus Stop to Nowhere · A3-1","A3-1","Ridership begins with optimism and sturdy shoes.","5.6986","3.765","2.47","1242","218","170","models/vlt-bus-stop-nowhere-03.gltf"
"vlt-bus-stop-nowhere-04","bus-stop-nowhere","infrastructure","Bus Stop to Nowhere · A4-1","A4-1","Ridership begins with optimism and sturdy shoes.","6.57988","3.885","2.47","1306","242","170","models/vlt-bus-stop-nowhere-04.gltf"
"vlt-bus-stop-nowhere-05","bus-stop-nowhere","infrastructure","Bus Stop to Nowhere · A5-1","A5-1","Ridership begins with optimism and sturdy shoes.","7.5346","4.005","2.47","1370","266","170","models/vlt-bus-stop-nowhere-05.gltf"
"vlt-bus-stop-nowhere-06","bus-stop-nowhere","infrastructure","Bus Stop to Nowhere · B1-1","B1-1","Ridership begins with optimism and sturdy shoes.","4.19636","3.525","2.81","1114","170","170","models/vlt-bus-stop-nowhere-06.gltf"
"vlt-bus-stop-nowhere-07","bus-stop-nowhere","infrastructure","Bus Stop to Nowhere · B2-1","B2-1","Ridership begins with optimism and sturdy shoes.","4.93076","3.645","2.81","1178","194","170","models/vlt-bus-stop-nowhere-07.gltf"
"vlt-bus-stop-nowhere-08","bus-stop-nowhere","infrastructure","Bus Stop to Nowhere · B3-1","B3-1","Ridership begins with optimism and sturdy shoes.","5.7386","3.765","2.81","1242","218","170","models/vlt-bus-stop-nowhere-08.gltf"
"vlt-bus-stop-nowhere-09","bus-stop-nowhere","infrastructure","Bus Stop to Nowhere · B4-1","B4-1","Ridership begins with optimism and sturdy shoes.","6.61988","3.885","2.81","1306","242","170","models/vlt-bus-stop-nowhere-09.gltf"
"vlt-bus-stop-nowhere-10","bus-stop-nowhere","infrastructure","Bus Stop to Nowhere · B5-1","B5-1","Ridership begins with optimism and sturdy shoes.","7.5746","4.005","2.81","1370","266","170","models/vlt-bus-stop-nowhere-10.gltf"
"vlt-bus-stop-nowhere-11","bus-stop-nowhere","infrastructure","Bus Stop to Nowhere · C1-1","C1-1","Ridership begins with optimism and sturdy shoes.","4.23636","3.525","3.15","1114","170","170","models/vlt-bus-stop-nowhere-11.gltf"
"vlt-bus-stop-nowhere-12","bus-stop-nowhere","infrastructure","Bus Stop to Nowhere · C2-1","C2-1","Ridership begins with optimism and sturdy shoes.","4.97076","3.645","3.15","1178","194","170","models/vlt-bus-stop-nowhere-12.gltf"
"vlt-bus-stop-nowhere-13","bus-stop-nowhere","infrastructure","Bus Stop to Nowhere · C3-1","C3-1","Ridership begins with optimism and sturdy shoes.","5.7786","3.765","3.15","1242","218","170","models/vlt-bus-stop-nowhere-13.gltf"
"vlt-bus-stop-nowhere-14","bus-stop-nowhere","infrastructure","Bus Stop to Nowhere · C4-1","C4-1","Ridership begins with optimism and sturdy shoes.","6.65988","3.885","3.15","1306","242","170","models/vlt-bus-stop-nowhere-14.gltf"
"vlt-bus-stop-nowhere-15","bus-stop-nowhere","infrastructure","Bus Stop to Nowhere · C5-1","C5-1","Ridership begins with optimism and sturdy shoes.","7.6146","4.005","3.15","1370","266","170","models/vlt-bus-stop-nowhere-15.gltf"
"vlt-bus-stop-nowhere-16","bus-stop-nowhere","infrastructure","Bus Stop to Nowhere · D1-1","D1-1","Ridership begins with optimism and sturdy shoes.","4.27636","3.525","3.491","1114","170","170","models/vlt-bus-stop-nowhere-16.gltf"
"vlt-bus-stop-nowhere-17","bus-stop-nowhere","infrastructure","Bus Stop to Nowhere · D2-1","D2-1","Ridership begins with optimism and sturdy shoes.","5.01076","3.645","3.491","1178","194","170","models/vlt-bus-stop-nowhere-17.gltf"
"vlt-bus-stop-nowhere-18","bus-stop-nowhere","infrastructure","Bus Stop to Nowhere · D3-1","D3-1","Ridership begins with optimism and sturdy shoes.","5.8186","3.765","3.491","1242","218","170","models/vlt-bus-stop-nowhere-18.gltf"
"vlt-bus-stop-nowhere-19","bus-stop-nowhere","infrastructure","Bus Stop to Nowhere · D4-1","D4-1","Ridership begins with optimism and sturdy shoes.","6.69988","3.885","3.491","1306","242","170","models/vlt-bus-stop-nowhere-19.gltf"
"vlt-bus-stop-nowhere-20","bus-stop-nowhere","infrastructure","Bus Stop to Nowhere · D5-1","D5-1","Ridership begins with optimism and sturdy shoes.","7.6546","4.005","3.491","1370","266","170","models/vlt-bus-stop-nowhere-20.gltf"
"vlt-bus-stop-nowhere-21","bus-stop-nowhere","infrastructure","Bus Stop to Nowhere · A1-2","A1-2","Ridership begins with optimism and sturdy shoes.","4.16112","3.525","2.637","1330","194","182","models/vlt-bus-stop-nowhere-21.gltf"
"vlt-bus-stop-nowhere-22","bus-stop-nowhere","infrastructure","Bus Stop to Nowhere · A2-2","A2-2","Ridership begins with optimism and sturdy shoes.","4.89076","3.645","2.637","1394","218","182","models/vlt-bus-stop-nowhere-22.gltf"
"vlt-bus-stop-nowhere-23","bus-stop-nowhere","infrastructure","Bus Stop to Nowhere · A3-2","A3-2","Ridership begins with optimism and sturdy shoes.","5.6986","3.765","2.637","1458","242","182","models/vlt-bus-stop-nowhere-23.gltf"
"vlt-bus-stop-nowhere-24","bus-stop-nowhere","infrastructure","Bus Stop to Nowhere · A4-2","A4-2","Ridership begins with optimism and sturdy shoes.","6.57988","3.885","2.637","1522","266","182","models/vlt-bus-stop-nowhere-24.gltf"
"vlt-bus-stop-nowhere-25","bus-stop-nowhere","infrastructure","Bus Stop to Nowhere · A5-2","A5-2","Ridership begins with optimism and sturdy shoes.","7.5346","4.005","2.637","1586","290","182","models/vlt-bus-stop-nowhere-25.gltf"
"vlt-bus-stop-nowhere-26","bus-stop-nowhere","infrastructure","Bus Stop to Nowhere · B1-2","B1-2","Ridership begins with optimism and sturdy shoes.","4.20112","3.525","2.962","1330","194","182","models/vlt-bus-stop-nowhere-26.gltf"
"vlt-bus-stop-nowhere-27","bus-stop-nowhere","infrastructure","Bus Stop to Nowhere · B2-2","B2-2","Ridership begins with optimism and sturdy shoes.","4.93076","3.645","2.962","1394","218","182","models/vlt-bus-stop-nowhere-27.gltf"
"vlt-bus-stop-nowhere-28","bus-stop-nowhere","infrastructure","Bus Stop to Nowhere · B3-2","B3-2","Ridership begins with optimism and sturdy shoes.","5.7386","3.765","2.962","1458","242","182","models/vlt-bus-stop-nowhere-28.gltf"
"vlt-bus-stop-nowhere-29","bus-stop-nowhere","infrastructure","Bus Stop to Nowhere · B4-2","B4-2","Ridership begins with optimism and sturdy shoes.","6.61988","3.885","2.962","1522","266","182","models/vlt-bus-stop-nowhere-29.gltf"
"vlt-bus-stop-nowhere-30","bus-stop-nowhere","infrastructure","Bus Stop to Nowhere · B5-2","B5-2","Ridership begins with optimism and sturdy shoes.","7.5746","4.005","2.962","1586","290","182","models/vlt-bus-stop-nowhere-30.gltf"
"vlt-bus-stop-nowhere-31","bus-stop-nowhere","infrastructure","Bus Stop to Nowhere · C1-2","C1-2","Ridership begins with optimism and sturdy shoes.","4.24112","3.525","3.332456","1330","194","182","models/vlt-bus-stop-nowhere-31.gltf"
"vlt-bus-stop-nowhere-32","bus-stop-nowhere","infrastructure","Bus Stop to Nowhere · C2-2","C2-2","Ridership begins with optimism and sturdy shoes.","4.97076","3.645","3.332456","1394","218","182","models/vlt-bus-stop-nowhere-32.gltf"
"vlt-bus-stop-nowhere-33","bus-stop-nowhere","infrastructure","Bus Stop to Nowhere · C3-2","C3-2","Ridership begins with optimism and sturdy shoes.","5.7786","3.765","3.332456","1458","242","182","models/vlt-bus-stop-nowhere-33.gltf"
"vlt-bus-stop-nowhere-34","bus-stop-nowhere","infrastructure","Bus Stop to Nowhere · C4-2","C4-2","Ridership begins with optimism and sturdy shoes.","6.65988","3.885","3.332456","1522","266","182","models/vlt-bus-stop-nowhere-34.gltf"
"vlt-bus-stop-nowhere-35","bus-stop-nowhere","infrastructure","Bus Stop to Nowhere · C5-2","C5-2","Ridership begins with optimism and sturdy shoes.","7.6146","4.005","3.332456","1586","290","182","models/vlt-bus-stop-nowhere-35.gltf"
"vlt-bus-stop-nowhere-36","bus-stop-nowhere","infrastructure","Bus Stop to Nowhere · D1-2","D1-2","Ridership begins with optimism and sturdy shoes.","4.28112","3.525","3.696605","1330","194","182","models/vlt-bus-stop-nowhere-36.gltf"
"vlt-bus-stop-nowhere-37","bus-stop-nowhere","infrastructure","Bus Stop to Nowhere · D2-2","D2-2","Ridership begins with optimism and sturdy shoes.","5.01076","3.645","3.696605","1394","218","182","models/vlt-bus-stop-nowhere-37.gltf"
"vlt-bus-stop-nowhere-38","bus-stop-nowhere","infrastructure","Bus Stop to Nowhere · D3-2","D3-2","Ridership begins with optimism and sturdy shoes.","5.8186","3.765","3.696605","1458","242","182","models/vlt-bus-stop-nowhere-38.gltf"
"vlt-bus-stop-nowhere-39","bus-stop-nowhere","infrastructure","Bus Stop to Nowhere · D4-2","D4-2","Ridership begins with optimism and sturdy shoes.","6.69988","3.885","3.696605","1522","266","182","models/vlt-bus-stop-nowhere-39.gltf"
"vlt-bus-stop-nowhere-40","bus-stop-nowhere","infrastructure","Bus Stop to Nowhere · D5-2","D5-2","Ridership begins with optimism and sturdy shoes.","7.6546","4.005","3.696605","1586","290","182","models/vlt-bus-stop-nowhere-40.gltf"
"vlt-buy-now-cry-later-01","buy-now-cry-later","commerce","Buy Now Cry Later · A1-1","A1-1","Take the sectional home today; process the sectional emotionally tomorrow.","18.92","7.386336","14.16","2174","218","158","models/vlt-buy-now-cry-later-01.gltf"
"vlt-buy-now-cry-later-02","buy-now-cry-later","commerce","Buy Now Cry Later · A2-1","A2-1","Take the sectional home today; process the sectional emotionally tomorrow.","20.44","7.536336","14.16","2390","230","158","models/vlt-buy-now-cry-later-02.gltf"
"vlt-buy-now-cry-later-03","buy-now-cry-later","commerce","Buy Now Cry Later · A3-1","A3-1","Take the sectional home today; process the sectional emotionally tomorrow.","21.96","7.686336","14.16","2606","242","158","models/vlt-buy-now-cry-later-03.gltf"
"vlt-buy-now-cry-later-04","buy-now-cry-later","commerce","Buy Now Cry Later · A4-1","A4-1","Take the sectional home today; process the sectional emotionally tomorrow.","23.48","7.836336","14.16","2714","242","158","models/vlt-buy-now-cry-later-04.gltf"
"vlt-buy-now-cry-later-05","buy-now-cry-later","commerce","Buy Now Cry Later · A5-1","A5-1","Take the sectional home today; process the sectional emotionally tomorrow.","25","7.986336","14.16","2714","242","158","models/vlt-buy-now-cry-later-05.gltf"
"vlt-buy-now-cry-later-06","buy-now-cry-later","commerce","Buy Now Cry Later · B1-1","B1-1","Take the sectional home today; process the sectional emotionally tomorrow.","18.92","7.386336","14.745","2174","218","158","models/vlt-buy-now-cry-later-06.gltf"
"vlt-buy-now-cry-later-07","buy-now-cry-later","commerce","Buy Now Cry Later · B2-1","B2-1","Take the sectional home today; process the sectional emotionally tomorrow.","20.44","7.536336","14.745","2390","230","158","models/vlt-buy-now-cry-later-07.gltf"
"vlt-buy-now-cry-later-08","buy-now-cry-later","commerce","Buy Now Cry Later · B3-1","B3-1","Take the sectional home today; process the sectional emotionally tomorrow.","21.96","7.686336","14.745","2606","242","158","models/vlt-buy-now-cry-later-08.gltf"
"vlt-buy-now-cry-later-09","buy-now-cry-later","commerce","Buy Now Cry Later · B4-1","B4-1","Take the sectional home today; process the sectional emotionally tomorrow.","23.48","7.836336","14.745","2714","242","158","models/vlt-buy-now-cry-later-09.gltf"
"vlt-buy-now-cry-later-10","buy-now-cry-later","commerce","Buy Now Cry Later · B5-1","B5-1","Take the sectional home today; process the sectional emotionally tomorrow.","25","7.986336","14.745","2714","242","158","models/vlt-buy-now-cry-later-10.gltf"
"vlt-buy-now-cry-later-11","buy-now-cry-later","commerce","Buy Now Cry Later · C1-1","C1-1","Take the sectional home today; process the sectional emotionally tomorrow.","18.92","7.386336","15.33","2174","218","158","models/vlt-buy-now-cry-later-11.gltf"
"vlt-buy-now-cry-later-12","buy-now-cry-later","commerce","Buy Now Cry Later · C2-1","C2-1","Take the sectional home today; process the sectional emotionally tomorrow.","20.44","7.536336","15.33","2390","230","158","models/vlt-buy-now-cry-later-12.gltf"
"vlt-buy-now-cry-later-13","buy-now-cry-later","commerce","Buy Now Cry Later · C3-1","C3-1","Take the sectional home today; process the sectional emotionally tomorrow.","21.96","7.686336","15.33","2606","242","158","models/vlt-buy-now-cry-later-13.gltf"
"vlt-buy-now-cry-later-14","buy-now-cry-later","commerce","Buy Now Cry Later · C4-1","C4-1","Take the sectional home today; process the sectional emotionally tomorrow.","23.48","7.836336","15.33","2714","242","158","models/vlt-buy-now-cry-later-14.gltf"
"vlt-buy-now-cry-later-15","buy-now-cry-later","commerce","Buy Now Cry Later · C5-1","C5-1","Take the sectional home today; process the sectional emotionally tomorrow.","25","7.986336","15.33","2714","242","158","models/vlt-buy-now-cry-later-15.gltf"
"vlt-buy-now-cry-later-16","buy-now-cry-later","commerce","Buy Now Cry Later · D1-1","D1-1","Take the sectional home today; process the sectional emotionally tomorrow.","18.92","7.386336","15.915","2174","218","158","models/vlt-buy-now-cry-later-16.gltf"
"vlt-buy-now-cry-later-17","buy-now-cry-later","commerce","Buy Now Cry Later · D2-1","D2-1","Take the sectional home today; process the sectional emotionally tomorrow.","20.44","7.536336","15.915","2390","230","158","models/vlt-buy-now-cry-later-17.gltf"
"vlt-buy-now-cry-later-18","buy-now-cry-later","commerce","Buy Now Cry Later · D3-1","D3-1","Take the sectional home today; process the sectional emotionally tomorrow.","21.96","7.686336","15.915","2606","242","158","models/vlt-buy-now-cry-later-18.gltf"
"vlt-buy-now-cry-later-19","buy-now-cry-later","commerce","Buy Now Cry Later · D4-1","D4-1","Take the sectional home today; process the sectional emotionally tomorrow.","23.48","7.836336","15.915","2714","242","158","models/vlt-buy-now-cry-later-19.gltf"
"vlt-buy-now-cry-later-20","buy-now-cry-later","commerce","Buy Now Cry Later · D5-1","D5-1","Take the sectional home today; process the sectional emotionally tomorrow.","25","7.986336","15.915","2714","242","158","models/vlt-buy-now-cry-later-20.gltf"
"vlt-buy-now-cry-later-21","buy-now-cry-later","commerce","Buy Now Cry Later · A1-2","A1-2","Take the sectional home today; process the sectional emotionally tomorrow.","18.92","7.386336","16.7588","2714","254","170","models/vlt-buy-now-cry-later-21.gltf"
"vlt-buy-now-cry-later-22","buy-now-cry-later","commerce","Buy Now Cry Later · A2-2","A2-2","Take the sectional home today; process the sectional emotionally tomorrow.","20.44","7.536336","16.7588","2930","266","170","models/vlt-buy-now-cry-later-22.gltf"
"vlt-buy-now-cry-later-23","buy-now-cry-later","commerce","Buy Now Cry Later · A3-2","A3-2","Take the sectional home today; process the sectional emotionally tomorrow.","21.96","7.686336","16.7588","3146","278","170","models/vlt-buy-now-cry-later-23.gltf"
"vlt-buy-now-cry-later-24","buy-now-cry-later","commerce","Buy Now Cry Later · A4-2","A4-2","Take the sectional home today; process the sectional emotionally tomorrow.","23.48","7.836336","16.7588","3254","278","170","models/vlt-buy-now-cry-later-24.gltf"
"vlt-buy-now-cry-later-25","buy-now-cry-later","commerce","Buy Now Cry Later · A5-2","A5-2","Take the sectional home today; process the sectional emotionally tomorrow.","25","7.986336","16.7588","3254","278","170","models/vlt-buy-now-cry-later-25.gltf"
"vlt-buy-now-cry-later-26","buy-now-cry-later","commerce","Buy Now Cry Later · B1-2","B1-2","Take the sectional home today; process the sectional emotionally tomorrow.","18.92","7.386336","17.5076","2714","254","170","models/vlt-buy-now-cry-later-26.gltf"
"vlt-buy-now-cry-later-27","buy-now-cry-later","commerce","Buy Now Cry Later · B2-2","B2-2","Take the sectional home today; process the sectional emotionally tomorrow.","20.44","7.536336","17.5076","2930","266","170","models/vlt-buy-now-cry-later-27.gltf"
"vlt-buy-now-cry-later-28","buy-now-cry-later","commerce","Buy Now Cry Later · B3-2","B3-2","Take the sectional home today; process the sectional emotionally tomorrow.","21.96","7.686336","17.5076","3146","278","170","models/vlt-buy-now-cry-later-28.gltf"
"vlt-buy-now-cry-later-29","buy-now-cry-later","commerce","Buy Now Cry Later · B4-2","B4-2","Take the sectional home today; process the sectional emotionally tomorrow.","23.48","7.836336","17.5076","3254","278","170","models/vlt-buy-now-cry-later-29.gltf"
"vlt-buy-now-cry-later-30","buy-now-cry-later","commerce","Buy Now Cry Later · B5-2","B5-2","Take the sectional home today; process the sectional emotionally tomorrow.","25","7.986336","17.5076","3254","278","170","models/vlt-buy-now-cry-later-30.gltf"
"vlt-buy-now-cry-later-31","buy-now-cry-later","commerce","Buy Now Cry Later · C1-2","C1-2","Take the sectional home today; process the sectional emotionally tomorrow.","18.92","7.386336","18.2564","2714","254","170","models/vlt-buy-now-cry-later-31.gltf"
"vlt-buy-now-cry-later-32","buy-now-cry-later","commerce","Buy Now Cry Later · C2-2","C2-2","Take the sectional home today; process the sectional emotionally tomorrow.","20.44","7.536336","18.2564","2930","266","170","models/vlt-buy-now-cry-later-32.gltf"
"vlt-buy-now-cry-later-33","buy-now-cry-later","commerce","Buy Now Cry Later · C3-2","C3-2","Take the sectional home today; process the sectional emotionally tomorrow.","21.96","7.686336","18.2564","3146","278","170","models/vlt-buy-now-cry-later-33.gltf"
"vlt-buy-now-cry-later-34","buy-now-cry-later","commerce","Buy Now Cry Later · C4-2","C4-2","Take the sectional home today; process the sectional emotionally tomorrow.","23.48","7.836336","18.2564","3254","278","170","models/vlt-buy-now-cry-later-34.gltf"
"vlt-buy-now-cry-later-35","buy-now-cry-later","commerce","Buy Now Cry Later · C5-2","C5-2","Take the sectional home today; process the sectional emotionally tomorrow.","25","7.986336","18.2564","3254","278","170","models/vlt-buy-now-cry-later-35.gltf"
"vlt-buy-now-cry-later-36","buy-now-cry-later","commerce","Buy Now Cry Later · D1-2","D1-2","Take the sectional home today; process the sectional emotionally tomorrow.","18.92","7.386336","19.0052","2714","254","170","models/vlt-buy-now-cry-later-36.gltf"
"vlt-buy-now-cry-later-37","buy-now-cry-later","commerce","Buy Now Cry Later · D2-2","D2-2","Take the sectional home today; process the sectional emotionally tomorrow.","20.44","7.536336","19.0052","2930","266","170","models/vlt-buy-now-cry-later-37.gltf"
"vlt-buy-now-cry-later-38","buy-now-cry-later","commerce","Buy Now Cry Later · D3-2","D3-2","Take the sectional home today; process the sectional emotionally tomorrow.","21.96","7.686336","19.0052","3146","278","170","models/vlt-buy-now-cry-later-38.gltf"
"vlt-buy-now-cry-later-39","buy-now-cry-later","commerce","Buy Now Cry Later · D4-2","D4-2","Take the sectional home today; process the sectional emotionally tomorrow.","23.48","7.836336","19.0052","3254","278","170","models/vlt-buy-now-cry-later-39.gltf"
"vlt-buy-now-cry-later-40","buy-now-cry-later","commerce","Buy Now Cry Later · D5-2","D5-2","Take the sectional home today; process the sectional emotionally tomorrow.","25","7.986336","19.0052","3254","278","170","models/vlt-buy-now-cry-later-40.gltf"
"vlt-chrome-confessional-01","chrome-confessional","commerce","Chrome Confessional · A1-1","A1-1","Pull forward slowly and disclose your premium package.","12.76","10.152","16.92","1128","288","176","models/vlt-chrome-confessional-01.gltf"
"vlt-chrome-confessional-02","chrome-confessional","commerce","Chrome Confessional · A2-1","A2-1","Pull forward slowly and disclose your premium package.","13.72","10.422","16.92","1128","288","176","models/vlt-chrome-confessional-02.gltf"
"vlt-chrome-confessional-03","chrome-confessional","commerce","Chrome Confessional · A3-1","A3-1","Pull forward slowly and disclose your premium package.","14.68","10.692","16.92","1128","288","176","models/vlt-chrome-confessional-03.gltf"
"vlt-chrome-confessional-04","chrome-confessional","commerce","Chrome Confessional · A4-1","A4-1","Pull forward slowly and disclose your premium package.","15.64","10.962","16.92","1128","288","176","models/vlt-chrome-confessional-04.gltf"
"vlt-chrome-confessional-05","chrome-confessional","commerce","Chrome Confessional · A5-1","A5-1","Pull forward slowly and disclose your premium package.","16.6","11.232","16.92","1128","288","176","models/vlt-chrome-confessional-05.gltf"
"vlt-chrome-confessional-06","chrome-confessional","commerce","Chrome Confessional · B1-1","B1-1","Pull forward slowly and disclose your premium package.","12.76","10.152","17.64","1128","288","176","models/vlt-chrome-confessional-06.gltf"
"vlt-chrome-confessional-07","chrome-confessional","commerce","Chrome Confessional · B2-1","B2-1","Pull forward slowly and disclose your premium package.","13.72","10.422","17.64","1128","288","176","models/vlt-chrome-confessional-07.gltf"
"vlt-chrome-confessional-08","chrome-confessional","commerce","Chrome Confessional · B3-1","B3-1","Pull forward slowly and disclose your premium package.","14.68","10.692","17.64","1128","288","176","models/vlt-chrome-confessional-08.gltf"
"vlt-chrome-confessional-09","chrome-confessional","commerce","Chrome Confessional · B4-1","B4-1","Pull forward slowly and disclose your premium package.","15.64","10.962","17.64","1128","288","176","models/vlt-chrome-confessional-09.gltf"
"vlt-chrome-confessional-10","chrome-confessional","commerce","Chrome Confessional · B5-1","B5-1","Pull forward slowly and disclose your premium package.","16.6","11.232","17.64","1128","288","176","models/vlt-chrome-confessional-10.gltf"
"vlt-chrome-confessional-11","chrome-confessional","commerce","Chrome Confessional · C1-1","C1-1","Pull forward slowly and disclose your premium package.","12.76","10.152","18.36","1128","288","176","models/vlt-chrome-confessional-11.gltf"
"vlt-chrome-confessional-12","chrome-confessional","commerce","Chrome Confessional · C2-1","C2-1","Pull forward slowly and disclose your premium package.","13.72","10.422","18.36","1128","288","176","models/vlt-chrome-confessional-12.gltf"
"vlt-chrome-confessional-13","chrome-confessional","commerce","Chrome Confessional · C3-1","C3-1","Pull forward slowly and disclose your premium package.","14.68","10.692","18.36","1128","288","176","models/vlt-chrome-confessional-13.gltf"
"vlt-chrome-confessional-14","chrome-confessional","commerce","Chrome Confessional · C4-1","C4-1","Pull forward slowly and disclose your premium package.","15.64","10.962","18.36","1128","288","176","models/vlt-chrome-confessional-14.gltf"
"vlt-chrome-confessional-15","chrome-confessional","commerce","Chrome Confessional · C5-1","C5-1","Pull forward slowly and disclose your premium package.","16.6","11.232","18.36","1128","288","176","models/vlt-chrome-confessional-15.gltf"
"vlt-chrome-confessional-16","chrome-confessional","commerce","Chrome Confessional · D1-1","D1-1","Pull forward slowly and disclose your premium package.","12.76","10.152","19.1028","1128","288","176","models/vlt-chrome-confessional-16.gltf"
"vlt-chrome-confessional-17","chrome-confessional","commerce","Chrome Confessional · D2-1","D2-1","Pull forward slowly and disclose your premium package.","13.72","10.422","19.1028","1128","288","176","models/vlt-chrome-confessional-17.gltf"
"vlt-chrome-confessional-18","chrome-confessional","commerce","Chrome Confessional · D3-1","D3-1","Pull forward slowly and disclose your premium package.","14.68","10.692","19.1028","1128","288","176","models/vlt-chrome-confessional-18.gltf"
"vlt-chrome-confessional-19","chrome-confessional","commerce","Chrome Confessional · D4-1","D4-1","Pull forward slowly and disclose your premium package.","15.64","10.962","19.1028","1128","288","176","models/vlt-chrome-confessional-19.gltf"
"vlt-chrome-confessional-20","chrome-confessional","commerce","Chrome Confessional · D5-1","D5-1","Pull forward slowly and disclose your premium package.","16.6","11.232","19.1028","1128","288","176","models/vlt-chrome-confessional-20.gltf"
"vlt-chrome-confessional-21","chrome-confessional","commerce","Chrome Confessional · A1-2","A1-2","Pull forward slowly and disclose your premium package.","12.76","10.152","20.2916","1668","324","188","models/vlt-chrome-confessional-21.gltf"
"vlt-chrome-confessional-22","chrome-confessional","commerce","Chrome Confessional · A2-2","A2-2","Pull forward slowly and disclose your premium package.","13.72","10.422","20.2916","1668","324","188","models/vlt-chrome-confessional-22.gltf"
"vlt-chrome-confessional-23","chrome-confessional","commerce","Chrome Confessional · A3-2","A3-2","Pull forward slowly and disclose your premium package.","14.68","10.692","20.2916","1668","324","188","models/vlt-chrome-confessional-23.gltf"
"vlt-chrome-confessional-24","chrome-confessional","commerce","Chrome Confessional · A4-2","A4-2","Pull forward slowly and disclose your premium package.","15.64","10.962","20.2916","1668","324","188","models/vlt-chrome-confessional-24.gltf"
"vlt-chrome-confessional-25","chrome-confessional","commerce","Chrome Confessional · A5-2","A5-2","Pull forward slowly and disclose your premium package.","16.6","11.232","20.2916","1668","324","188","models/vlt-chrome-confessional-25.gltf"
"vlt-chrome-confessional-26","chrome-confessional","commerce","Chrome Confessional · B1-2","B1-2","Pull forward slowly and disclose your premium package.","12.76","10.152","21.2132","1668","324","188","models/vlt-chrome-confessional-26.gltf"
"vlt-chrome-confessional-27","chrome-confessional","commerce","Chrome Confessional · B2-2","B2-2","Pull forward slowly and disclose your premium package.","13.72","10.422","21.2132","1668","324","188","models/vlt-chrome-confessional-27.gltf"
"vlt-chrome-confessional-28","chrome-confessional","commerce","Chrome Confessional · B3-2","B3-2","Pull forward slowly and disclose your premium package.","14.68","10.692","21.2132","1668","324","188","models/vlt-chrome-confessional-28.gltf"
"vlt-chrome-confessional-29","chrome-confessional","commerce","Chrome Confessional · B4-2","B4-2","Pull forward slowly and disclose your premium package.","15.64","10.962","21.2132","1668","324","188","models/vlt-chrome-confessional-29.gltf"
"vlt-chrome-confessional-30","chrome-confessional","commerce","Chrome Confessional · B5-2","B5-2","Pull forward slowly and disclose your premium package.","16.6","11.232","21.2132","1668","324","188","models/vlt-chrome-confessional-30.gltf"
"vlt-chrome-confessional-31","chrome-confessional","commerce","Chrome Confessional · C1-2","C1-2","Pull forward slowly and disclose your premium package.","12.76","10.152","22.1348","1668","324","188","models/vlt-chrome-confessional-31.gltf"
"vlt-chrome-confessional-32","chrome-confessional","commerce","Chrome Confessional · C2-2","C2-2","Pull forward slowly and disclose your premium package.","13.72","10.422","22.1348","1668","324","188","models/vlt-chrome-confessional-32.gltf"
"vlt-chrome-confessional-33","chrome-confessional","commerce","Chrome Confessional · C3-2","C3-2","Pull forward slowly and disclose your premium package.","14.68","10.692","22.1348","1668","324","188","models/vlt-chrome-confessional-33.gltf"
"vlt-chrome-confessional-34","chrome-confessional","commerce","Chrome Confessional · C4-2","C4-2","Pull forward slowly and disclose your premium package.","15.64","10.962","22.1348","1668","324","188","models/vlt-chrome-confessional-34.gltf"
"vlt-chrome-confessional-35","chrome-confessional","commerce","Chrome Confessional · C5-2","C5-2","Pull forward slowly and disclose your premium package.","16.6","11.232","22.1348","1668","324","188","models/vlt-chrome-confessional-35.gltf"
"vlt-chrome-confessional-36","chrome-confessional","commerce","Chrome Confessional · D1-2","D1-2","Pull forward slowly and disclose your premium package.","12.76","10.152","23.0564","1668","324","188","models/vlt-chrome-confessional-36.gltf"
"vlt-chrome-confessional-37","chrome-confessional","commerce","Chrome Confessional · D2-2","D2-2","Pull forward slowly and disclose your premium package.","13.72","10.422","23.0564","1668","324","188","models/vlt-chrome-confessional-37.gltf"
"vlt-chrome-confessional-38","chrome-confessional","commerce","Chrome Confessional · D3-2","D3-2","Pull forward slowly and disclose your premium package.","14.68","10.692","23.0564","1668","324","188","models/vlt-chrome-confessional-38.gltf"
"vlt-chrome-confessional-39","chrome-confessional","commerce","Chrome Confessional · D4-2","D4-2","Pull forward slowly and disclose your premium package.","15.64","10.962","23.0564","1668","324","188","models/vlt-chrome-confessional-39.gltf"
"vlt-chrome-confessional-40","chrome-confessional","commerce","Chrome Confessional · D5-2","D5-2","Pull forward slowly and disclose your premium package.","16.6","11.232","23.0564","1668","324","188","models/vlt-chrome-confessional-40.gltf"
"vlt-clean-coal-plant-01","clean-coal-plant","infrastructure","Very Clean Coal Plant · A1-1","A1-1","The adjective has completed environmental review.","17.520085","19.48","18.808","1478","278","206","models/vlt-clean-coal-plant-01.gltf"
"vlt-clean-coal-plant-02","clean-coal-plant","infrastructure","Very Clean Coal Plant · A2-1","A2-1","The adjective has completed environmental review.","19.104655","19.68","20.356","1758","326","206","models/vlt-clean-coal-plant-02.gltf"
"vlt-clean-coal-plant-03","clean-coal-plant","infrastructure","Very Clean Coal Plant · A3-1","A3-1","The adjective has completed environmental review.","20.689225","19.88","21.904","2038","374","206","models/vlt-clean-coal-plant-03.gltf"
"vlt-clean-coal-plant-04","clean-coal-plant","infrastructure","Very Clean Coal Plant · A4-1","A4-1","The adjective has completed environmental review.","22.273795","20.08","23.452","2446","470","206","models/vlt-clean-coal-plant-04.gltf"
"vlt-clean-coal-plant-05","clean-coal-plant","infrastructure","Very Clean Coal Plant · A5-1","A5-1","The adjective has completed environmental review.","23.858365","20.28","25","2726","518","206","models/vlt-clean-coal-plant-05.gltf"
"vlt-clean-coal-plant-06","clean-coal-plant","infrastructure","Very Clean Coal Plant · B1-1","B1-1","The adjective has completed environmental review.","17.520085","20.08","18.808","1478","278","206","models/vlt-clean-coal-plant-06.gltf"
"vlt-clean-coal-plant-07","clean-coal-plant","infrastructure","Very Clean Coal Plant · B2-1","B2-1","The adjective has completed environmental review.","19.104655","20.28","20.356","1758","326","206","models/vlt-clean-coal-plant-07.gltf"
"vlt-clean-coal-plant-08","clean-coal-plant","infrastructure","Very Clean Coal Plant · B3-1","B3-1","The adjective has completed environmental review.","20.689225","20.48","21.904","2038","374","206","models/vlt-clean-coal-plant-08.gltf"
"vlt-clean-coal-plant-09","clean-coal-plant","infrastructure","Very Clean Coal Plant · B4-1","B4-1","The adjective has completed environmental review.","22.273795","20.68","23.452","2446","470","206","models/vlt-clean-coal-plant-09.gltf"
"vlt-clean-coal-plant-10","clean-coal-plant","infrastructure","Very Clean Coal Plant · B5-1","B5-1","The adjective has completed environmental review.","23.858365","20.88","25","2726","518","206","models/vlt-clean-coal-plant-10.gltf"
"vlt-clean-coal-plant-11","clean-coal-plant","infrastructure","Very Clean Coal Plant · C1-1","C1-1","The adjective has completed environmental review.","17.520085","20.68","18.808","1478","278","206","models/vlt-clean-coal-plant-11.gltf"
"vlt-clean-coal-plant-12","clean-coal-plant","infrastructure","Very Clean Coal Plant · C2-1","C2-1","The adjective has completed environmental review.","19.104655","20.88","20.356","1758","326","206","models/vlt-clean-coal-plant-12.gltf"
"vlt-clean-coal-plant-13","clean-coal-plant","infrastructure","Very Clean Coal Plant · C3-1","C3-1","The adjective has completed environmental review.","20.689225","21.08","21.904","2038","374","206","models/vlt-clean-coal-plant-13.gltf"
"vlt-clean-coal-plant-14","clean-coal-plant","infrastructure","Very Clean Coal Plant · C4-1","C4-1","The adjective has completed environmental review.","22.273795","21.28","23.452","2446","470","206","models/vlt-clean-coal-plant-14.gltf"
"vlt-clean-coal-plant-15","clean-coal-plant","infrastructure","Very Clean Coal Plant · C5-1","C5-1","The adjective has completed environmental review.","23.858365","21.48","25","2726","518","206","models/vlt-clean-coal-plant-15.gltf"
"vlt-clean-coal-plant-16","clean-coal-plant","infrastructure","Very Clean Coal Plant · D1-1","D1-1","The adjective has completed environmental review.","17.520085","21.28","18.808","1478","278","206","models/vlt-clean-coal-plant-16.gltf"
"vlt-clean-coal-plant-17","clean-coal-plant","infrastructure","Very Clean Coal Plant · D2-1","D2-1","The adjective has completed environmental review.","19.104655","21.48","20.356","1758","326","206","models/vlt-clean-coal-plant-17.gltf"
"vlt-clean-coal-plant-18","clean-coal-plant","infrastructure","Very Clean Coal Plant · D3-1","D3-1","The adjective has completed environmental review.","20.689225","21.68","21.904","2038","374","206","models/vlt-clean-coal-plant-18.gltf"
"vlt-clean-coal-plant-19","clean-coal-plant","infrastructure","Very Clean Coal Plant · D4-1","D4-1","The adjective has completed environmental review.","22.273795","21.88","23.452","2446","470","206","models/vlt-clean-coal-plant-19.gltf"
"vlt-clean-coal-plant-20","clean-coal-plant","infrastructure","Very Clean Coal Plant · D5-1","D5-1","The adjective has completed environmental review.","23.858365","22.08","25","2726","518","206","models/vlt-clean-coal-plant-20.gltf"
"vlt-clean-coal-plant-21","clean-coal-plant","infrastructure","Very Clean Coal Plant · A1-2","A1-2","The adjective has completed environmental review.","17.520085","19.48","18.808","1694","302","218","models/vlt-clean-coal-plant-21.gltf"
"vlt-clean-coal-plant-22","clean-coal-plant","infrastructure","Very Clean Coal Plant · A2-2","A2-2","The adjective has completed environmental review.","19.104655","19.68","20.356","1974","350","218","models/vlt-clean-coal-plant-22.gltf"
"vlt-clean-coal-plant-23","clean-coal-plant","infrastructure","Very Clean Coal Plant · A3-2","A3-2","The adjective has completed environmental review.","20.689225","19.88","21.904","2254","398","218","models/vlt-clean-coal-plant-23.gltf"
"vlt-clean-coal-plant-24","clean-coal-plant","infrastructure","Very Clean Coal Plant · A4-2","A4-2","The adjective has completed environmental review.","22.273795","20.08","23.452","2662","494","218","models/vlt-clean-coal-plant-24.gltf"
"vlt-clean-coal-plant-25","clean-coal-plant","infrastructure","Very Clean Coal Plant · A5-2","A5-2","The adjective has completed environmental review.","23.858365","20.28","25","2942","542","218","models/vlt-clean-coal-plant-25.gltf"
"vlt-clean-coal-plant-26","clean-coal-plant","infrastructure","Very Clean Coal Plant · B1-2","B1-2","The adjective has completed environmental review.","17.520085","20.08","18.808","1694","302","218","models/vlt-clean-coal-plant-26.gltf"
"vlt-clean-coal-plant-27","clean-coal-plant","infrastructure","Very Clean Coal Plant · B2-2","B2-2","The adjective has completed environmental review.","19.104655","20.28","20.356","1974","350","218","models/vlt-clean-coal-plant-27.gltf"
"vlt-clean-coal-plant-28","clean-coal-plant","infrastructure","Very Clean Coal Plant · B3-2","B3-2","The adjective has completed environmental review.","20.689225","20.48","21.904","2254","398","218","models/vlt-clean-coal-plant-28.gltf"
"vlt-clean-coal-plant-29","clean-coal-plant","infrastructure","Very Clean Coal Plant · B4-2","B4-2","The adjective has completed environmental review.","22.273795","20.68","23.452","2662","494","218","models/vlt-clean-coal-plant-29.gltf"
"vlt-clean-coal-plant-30","clean-coal-plant","infrastructure","Very Clean Coal Plant · B5-2","B5-2","The adjective has completed environmental review.","23.858365","20.88","25","2942","542","218","models/vlt-clean-coal-plant-30.gltf"
"vlt-clean-coal-plant-31","clean-coal-plant","infrastructure","Very Clean Coal Plant · C1-2","C1-2","The adjective has completed environmental review.","17.520085","20.68","18.808","1694","302","218","models/vlt-clean-coal-plant-31.gltf"
"vlt-clean-coal-plant-32","clean-coal-plant","infrastructure","Very Clean Coal Plant · C2-2","C2-2","The adjective has completed environmental review.","19.104655","20.88","20.356","1974","350","218","models/vlt-clean-coal-plant-32.gltf"
"vlt-clean-coal-plant-33","clean-coal-plant","infrastructure","Very Clean Coal Plant · C3-2","C3-2","The adjective has completed environmental review.","20.689225","21.08","21.904","2254","398","218","models/vlt-clean-coal-plant-33.gltf"
"vlt-clean-coal-plant-34","clean-coal-plant","infrastructure","Very Clean Coal Plant · C4-2","C4-2","The adjective has completed environmental review.","22.273795","21.28","23.452","2662","494","218","models/vlt-clean-coal-plant-34.gltf"
"vlt-clean-coal-plant-35","clean-coal-plant","infrastructure","Very Clean Coal Plant · C5-2","C5-2","The adjective has completed environmental review.","23.858365","21.48","25","2942","542","218","models/vlt-clean-coal-plant-35.gltf"
"vlt-clean-coal-plant-36","clean-coal-plant","infrastructure","Very Clean Coal Plant · D1-2","D1-2","The adjective has completed environmental review.","17.520085","21.28","18.808","1694","302","218","models/vlt-clean-coal-plant-36.gltf"
"vlt-clean-coal-plant-37","clean-coal-plant","infrastructure","Very Clean Coal Plant · D2-2","D2-2","The adjective has completed environmental review.","19.104655","21.48","20.356","1974","350","218","models/vlt-clean-coal-plant-37.gltf"
"vlt-clean-coal-plant-38","clean-coal-plant","infrastructure","Very Clean Coal Plant · D3-2","D3-2","The adjective has completed environmental review.","20.689225","21.68","21.904","2254","398","218","models/vlt-clean-coal-plant-38.gltf"
"vlt-clean-coal-plant-39","clean-coal-plant","infrastructure","Very Clean Coal Plant · D4-2","D4-2","The adjective has completed environmental review.","22.273795","21.88","23.452","2662","494","218","models/vlt-clean-coal-plant-39.gltf"
"vlt-clean-coal-plant-40","clean-coal-plant","infrastructure","Very Clean Coal Plant · D5-2","D5-2","The adjective has completed environmental review.","23.858365","22.08","25","2942","542","218","models/vlt-clean-coal-plant-40.gltf"
"vlt-coffee-covenant-01","coffee-covenant","commerce","Coffee Covenant · A1-1","A1-1","By sipping you accept binding foam arbitration.","11","6.548674","10.48","1014","374","198","models/vlt-coffee-covenant-01.gltf"
"vlt-coffee-covenant-02","coffee-covenant","commerce","Coffee Covenant · A2-1","A2-1","By sipping you accept binding foam arbitration.","11.8","6.673674","10.48","1014","374","198","models/vlt-coffee-covenant-02.gltf"
"vlt-coffee-covenant-03","coffee-covenant","commerce","Coffee Covenant · A3-1","A3-1","By sipping you accept binding foam arbitration.","12.6","6.798674","10.48","1014","374","198","models/vlt-coffee-covenant-03.gltf"
"vlt-coffee-covenant-04","coffee-covenant","commerce","Coffee Covenant · A4-1","A4-1","By sipping you accept binding foam arbitration.","13.4","6.923674","10.48","1014","374","198","models/vlt-coffee-covenant-04.gltf"
"vlt-coffee-covenant-05","coffee-covenant","commerce","Coffee Covenant · A5-1","A5-1","By sipping you accept binding foam arbitration.","14.2","7.048674","10.48","1014","374","198","models/vlt-coffee-covenant-05.gltf"
"vlt-coffee-covenant-06","coffee-covenant","commerce","Coffee Covenant · B1-1","B1-1","By sipping you accept binding foam arbitration.","11","6.548674","10.885","1014","374","198","models/vlt-coffee-covenant-06.gltf"
"vlt-coffee-covenant-07","coffee-covenant","commerce","Coffee Covenant · B2-1","B2-1","By sipping you accept binding foam arbitration.","11.8","6.673674","10.885","1014","374","198","models/vlt-coffee-covenant-07.gltf"
"vlt-coffee-covenant-08","coffee-covenant","commerce","Coffee Covenant · B3-1","B3-1","By sipping you accept binding foam arbitration.","12.6","6.798674","10.885","1014","374","198","models/vlt-coffee-covenant-08.gltf"
"vlt-coffee-covenant-09","coffee-covenant","commerce","Coffee Covenant · B4-1","B4-1","By sipping you accept binding foam arbitration.","13.4","6.923674","10.885","1014","374","198","models/vlt-coffee-covenant-09.gltf"
"vlt-coffee-covenant-10","coffee-covenant","commerce","Coffee Covenant · B5-1","B5-1","By sipping you accept binding foam arbitration.","14.2","7.048674","10.885","1014","374","198","models/vlt-coffee-covenant-10.gltf"
"vlt-coffee-covenant-11","coffee-covenant","commerce","Coffee Covenant · C1-1","C1-1","By sipping you accept binding foam arbitration.","11","6.548674","11.29","1014","374","198","models/vlt-coffee-covenant-11.gltf"
"vlt-coffee-covenant-12","coffee-covenant","commerce","Coffee Covenant · C2-1","C2-1","By sipping you accept binding foam arbitration.","11.8","6.673674","11.29","1014","374","198","models/vlt-coffee-covenant-12.gltf"
"vlt-coffee-covenant-13","coffee-covenant","commerce","Coffee Covenant · C3-1","C3-1","By sipping you accept binding foam arbitration.","12.6","6.798674","11.29","1014","374","198","models/vlt-coffee-covenant-13.gltf"
"vlt-coffee-covenant-14","coffee-covenant","commerce","Coffee Covenant · C4-1","C4-1","By sipping you accept binding foam arbitration.","13.4","6.923674","11.29","1014","374","198","models/vlt-coffee-covenant-14.gltf"
"vlt-coffee-covenant-15","coffee-covenant","commerce","Coffee Covenant · C5-1","C5-1","By sipping you accept binding foam arbitration.","14.2","7.048674","11.29","1014","374","198","models/vlt-coffee-covenant-15.gltf"
"vlt-coffee-covenant-16","coffee-covenant","commerce","Coffee Covenant · D1-1","D1-1","By sipping you accept binding foam arbitration.","11","6.548674","11.695","1014","374","198","models/vlt-coffee-covenant-16.gltf"
"vlt-coffee-covenant-17","coffee-covenant","commerce","Coffee Covenant · D2-1","D2-1","By sipping you accept binding foam arbitration.","11.8","6.673674","11.695","1014","374","198","models/vlt-coffee-covenant-17.gltf"
"vlt-coffee-covenant-18","coffee-covenant","commerce","Coffee Covenant · D3-1","D3-1","By sipping you accept binding foam arbitration.","12.6","6.798674","11.695","1014","374","198","models/vlt-coffee-covenant-18.gltf"
"vlt-coffee-covenant-19","coffee-covenant","commerce","Coffee Covenant · D4-1","D4-1","By sipping you accept binding foam arbitration.","13.4","6.923674","11.695","1014","374","198","models/vlt-coffee-covenant-19.gltf"
"vlt-coffee-covenant-20","coffee-covenant","commerce","Coffee Covenant · D5-1","D5-1","By sipping you accept binding foam arbitration.","14.2","7.048674","11.695","1014","374","198","models/vlt-coffee-covenant-20.gltf"
"vlt-coffee-covenant-21","coffee-covenant","commerce","Coffee Covenant · A1-2","A1-2","By sipping you accept binding foam arbitration.","11","6.548674","12.0484","1554","410","210","models/vlt-coffee-covenant-21.gltf"
"vlt-coffee-covenant-22","coffee-covenant","commerce","Coffee Covenant · A2-2","A2-2","By sipping you accept binding foam arbitration.","11.8","6.673674","12.0484","1554","410","210","models/vlt-coffee-covenant-22.gltf"
"vlt-coffee-covenant-23","coffee-covenant","commerce","Coffee Covenant · A3-2","A3-2","By sipping you accept binding foam arbitration.","12.6","6.798674","12.0484","1554","410","210","models/vlt-coffee-covenant-23.gltf"
"vlt-coffee-covenant-24","coffee-covenant","commerce","Coffee Covenant · A4-2","A4-2","By sipping you accept binding foam arbitration.","13.4","6.923674","12.0484","1554","410","210","models/vlt-coffee-covenant-24.gltf"
"vlt-coffee-covenant-25","coffee-covenant","commerce","Coffee Covenant · A5-2","A5-2","By sipping you accept binding foam arbitration.","14.2","7.048674","12.0484","1554","410","210","models/vlt-coffee-covenant-25.gltf"
"vlt-coffee-covenant-26","coffee-covenant","commerce","Coffee Covenant · B1-2","B1-2","By sipping you accept binding foam arbitration.","11","6.548674","12.5668","1554","410","210","models/vlt-coffee-covenant-26.gltf"
"vlt-coffee-covenant-27","coffee-covenant","commerce","Coffee Covenant · B2-2","B2-2","By sipping you accept binding foam arbitration.","11.8","6.673674","12.5668","1554","410","210","models/vlt-coffee-covenant-27.gltf"
"vlt-coffee-covenant-28","coffee-covenant","commerce","Coffee Covenant · B3-2","B3-2","By sipping you accept binding foam arbitration.","12.6","6.798674","12.5668","1554","410","210","models/vlt-coffee-covenant-28.gltf"
"vlt-coffee-covenant-29","coffee-covenant","commerce","Coffee Covenant · B4-2","B4-2","By sipping you accept binding foam arbitration.","13.4","6.923674","12.5668","1554","410","210","models/vlt-coffee-covenant-29.gltf"
"vlt-coffee-covenant-30","coffee-covenant","commerce","Coffee Covenant · B5-2","B5-2","By sipping you accept binding foam arbitration.","14.2","7.048674","12.5668","1554","410","210","models/vlt-coffee-covenant-30.gltf"
"vlt-coffee-covenant-31","coffee-covenant","commerce","Coffee Covenant · C1-2","C1-2","By sipping you accept binding foam arbitration.","11","6.548674","13.0852","1554","410","210","models/vlt-coffee-covenant-31.gltf"
"vlt-coffee-covenant-32","coffee-covenant","commerce","Coffee Covenant · C2-2","C2-2","By sipping you accept binding foam arbitration.","11.8","6.673674","13.0852","1554","410","210","models/vlt-coffee-covenant-32.gltf"
"vlt-coffee-covenant-33","coffee-covenant","commerce","Coffee Covenant · C3-2","C3-2","By sipping you accept binding foam arbitration.","12.6","6.798674","13.0852","1554","410","210","models/vlt-coffee-covenant-33.gltf"
"vlt-coffee-covenant-34","coffee-covenant","commerce","Coffee Covenant · C4-2","C4-2","By sipping you accept binding foam arbitration.","13.4","6.923674","13.0852","1554","410","210","models/vlt-coffee-covenant-34.gltf"
"vlt-coffee-covenant-35","coffee-covenant","commerce","Coffee Covenant · C5-2","C5-2","By sipping you accept binding foam arbitration.","14.2","7.048674","13.0852","1554","410","210","models/vlt-coffee-covenant-35.gltf"
"vlt-coffee-covenant-36","coffee-covenant","commerce","Coffee Covenant · D1-2","D1-2","By sipping you accept binding foam arbitration.","11","6.548674","13.6036","1554","410","210","models/vlt-coffee-covenant-36.gltf"
"vlt-coffee-covenant-37","coffee-covenant","commerce","Coffee Covenant · D2-2","D2-2","By sipping you accept binding foam arbitration.","11.8","6.673674","13.6036","1554","410","210","models/vlt-coffee-covenant-37.gltf"
"vlt-coffee-covenant-38","coffee-covenant","commerce","Coffee Covenant · D3-2","D3-2","By sipping you accept binding foam arbitration.","12.6","6.798674","13.6036","1554","410","210","models/vlt-coffee-covenant-38.gltf"
"vlt-coffee-covenant-39","coffee-covenant","commerce","Coffee Covenant · D4-2","D4-2","By sipping you accept binding foam arbitration.","13.4","6.923674","13.6036","1554","410","210","models/vlt-coffee-covenant-39.gltf"
"vlt-coffee-covenant-40","coffee-covenant","commerce","Coffee Covenant · D5-2","D5-2","By sipping you accept binding foam arbitration.","14.2","7.048674","13.6036","1554","410","210","models/vlt-coffee-covenant-40.gltf"
"vlt-concrete-batch-plant-01","concrete-batch-plant","infrastructure","Progress Batch Plant · A1-1","A1-1","Every new lane begins as dust near somebody else.","13.889","9","10.4936","874","194","194","models/vlt-concrete-batch-plant-01.gltf"
"vlt-concrete-batch-plant-02","concrete-batch-plant","infrastructure","Progress Batch Plant · A2-1","A2-1","Every new lane begins as dust near somebody else.","16.5818","9","11.3912","1066","266","194","models/vlt-concrete-batch-plant-02.gltf"
"vlt-concrete-batch-plant-03","concrete-batch-plant","infrastructure","Progress Batch Plant · A3-1","A3-1","Every new lane begins as dust near somebody else.","19.5194","9","12.2888","1258","338","194","models/vlt-concrete-batch-plant-03.gltf"
"vlt-concrete-batch-plant-04","concrete-batch-plant","infrastructure","Progress Batch Plant · A4-1","A4-1","Every new lane begins as dust near somebody else.","22.7136","9","13.1864","1450","410","194","models/vlt-concrete-batch-plant-04.gltf"
"vlt-concrete-batch-plant-05","concrete-batch-plant","infrastructure","Progress Batch Plant · A5-1","A5-1","Every new lane begins as dust near somebody else.","26.208","9","14.084","1642","482","194","models/vlt-concrete-batch-plant-05.gltf"
"vlt-concrete-batch-plant-06","concrete-batch-plant","infrastructure","Progress Batch Plant · B1-1","B1-1","Every new lane begins as dust near somebody else.","13.949","9.45","11.4812","874","194","194","models/vlt-concrete-batch-plant-06.gltf"
"vlt-concrete-batch-plant-07","concrete-batch-plant","infrastructure","Progress Batch Plant · B2-1","B2-1","Every new lane begins as dust near somebody else.","16.6418","9.45","12.4604","1066","266","194","models/vlt-concrete-batch-plant-07.gltf"
"vlt-concrete-batch-plant-08","concrete-batch-plant","infrastructure","Progress Batch Plant · B3-1","B3-1","Every new lane begins as dust near somebody else.","19.5794","9.45","13.4396","1258","338","194","models/vlt-concrete-batch-plant-08.gltf"
"vlt-concrete-batch-plant-09","concrete-batch-plant","infrastructure","Progress Batch Plant · B4-1","B4-1","Every new lane begins as dust near somebody else.","22.7618","9.45","14.4188","1450","410","194","models/vlt-concrete-batch-plant-09.gltf"
"vlt-concrete-batch-plant-10","concrete-batch-plant","infrastructure","Progress Batch Plant · B5-1","B5-1","Every new lane begins as dust near somebody else.","26.208","9.45","15.398","1642","482","194","models/vlt-concrete-batch-plant-10.gltf"
"vlt-concrete-batch-plant-11","concrete-batch-plant","infrastructure","Progress Batch Plant · C1-1","C1-1","Every new lane begins as dust near somebody else.","14.009","9.9","12.4688","874","194","194","models/vlt-concrete-batch-plant-11.gltf"
"vlt-concrete-batch-plant-12","concrete-batch-plant","infrastructure","Progress Batch Plant · C2-1","C2-1","Every new lane begins as dust near somebody else.","16.7018","9.9","13.5296","1066","266","194","models/vlt-concrete-batch-plant-12.gltf"
"vlt-concrete-batch-plant-13","concrete-batch-plant","infrastructure","Progress Batch Plant · C3-1","C3-1","Every new lane begins as dust near somebody else.","19.6394","9.9","14.5904","1258","338","194","models/vlt-concrete-batch-plant-13.gltf"
"vlt-concrete-batch-plant-14","concrete-batch-plant","infrastructure","Progress Batch Plant · C4-1","C4-1","Every new lane begins as dust near somebody else.","22.8218","9.9","15.6512","1450","410","194","models/vlt-concrete-batch-plant-14.gltf"
"vlt-concrete-batch-plant-15","concrete-batch-plant","infrastructure","Progress Batch Plant · C5-1","C5-1","Every new lane begins as dust near somebody else.","26.249","9.9","16.712","1642","482","194","models/vlt-concrete-batch-plant-15.gltf"
"vlt-concrete-batch-plant-16","concrete-batch-plant","infrastructure","Progress Batch Plant · D1-1","D1-1","Every new lane begins as dust near somebody else.","14.069","10.35","13.4564","874","194","194","models/vlt-concrete-batch-plant-16.gltf"
"vlt-concrete-batch-plant-17","concrete-batch-plant","infrastructure","Progress Batch Plant · D2-1","D2-1","Every new lane begins as dust near somebody else.","16.7618","10.35","14.5988","1066","266","194","models/vlt-concrete-batch-plant-17.gltf"
"vlt-concrete-batch-plant-18","concrete-batch-plant","infrastructure","Progress Batch Plant · D3-1","D3-1","Every new lane begins as dust near somebody else.","19.6994","10.35","15.7412","1258","338","194","models/vlt-concrete-batch-plant-18.gltf"
"vlt-concrete-batch-plant-19","concrete-batch-plant","infrastructure","Progress Batch Plant · D4-1","D4-1","Every new lane begins as dust near somebody else.","22.8818","10.35","16.8836","1450","410","194","models/vlt-concrete-batch-plant-19.gltf"
"vlt-concrete-batch-plant-20","concrete-batch-plant","infrastructure","Progress Batch Plant · D5-1","D5-1","Every new lane begins as dust near somebody else.","26.309","10.35","18.026","1642","482","194","models/vlt-concrete-batch-plant-20.gltf"
"vlt-concrete-batch-plant-21","concrete-batch-plant","infrastructure","Progress Batch Plant · A1-2","A1-2","Every new lane begins as dust near somebody else.","13.889","9","10.4936","1090","218","206","models/vlt-concrete-batch-plant-21.gltf"
"vlt-concrete-batch-plant-22","concrete-batch-plant","infrastructure","Progress Batch Plant · A2-2","A2-2","Every new lane begins as dust near somebody else.","16.5818","9","11.3912","1282","290","206","models/vlt-concrete-batch-plant-22.gltf"
"vlt-concrete-batch-plant-23","concrete-batch-plant","infrastructure","Progress Batch Plant · A3-2","A3-2","Every new lane begins as dust near somebody else.","19.5194","9","12.2888","1474","362","206","models/vlt-concrete-batch-plant-23.gltf"
"vlt-concrete-batch-plant-24","concrete-batch-plant","infrastructure","Progress Batch Plant · A4-2","A4-2","Every new lane begins as dust near somebody else.","22.7136","9","13.1864","1666","434","206","models/vlt-concrete-batch-plant-24.gltf"
"vlt-concrete-batch-plant-25","concrete-batch-plant","infrastructure","Progress Batch Plant · A5-2","A5-2","Every new lane begins as dust near somebody else.","26.208","9","14.084","1858","506","206","models/vlt-concrete-batch-plant-25.gltf"
"vlt-concrete-batch-plant-26","concrete-batch-plant","infrastructure","Progress Batch Plant · B1-2","B1-2","Every new lane begins as dust near somebody else.","13.949","9.45","11.4812","1090","218","206","models/vlt-concrete-batch-plant-26.gltf"
"vlt-concrete-batch-plant-27","concrete-batch-plant","infrastructure","Progress Batch Plant · B2-2","B2-2","Every new lane begins as dust near somebody else.","16.6418","9.45","12.4604","1282","290","206","models/vlt-concrete-batch-plant-27.gltf"
"vlt-concrete-batch-plant-28","concrete-batch-plant","infrastructure","Progress Batch Plant · B3-2","B3-2","Every new lane begins as dust near somebody else.","19.5794","9.45","13.4396","1474","362","206","models/vlt-concrete-batch-plant-28.gltf"
"vlt-concrete-batch-plant-29","concrete-batch-plant","infrastructure","Progress Batch Plant · B4-2","B4-2","Every new lane begins as dust near somebody else.","22.7618","9.45","14.4188","1666","434","206","models/vlt-concrete-batch-plant-29.gltf"
"vlt-concrete-batch-plant-30","concrete-batch-plant","infrastructure","Progress Batch Plant · B5-2","B5-2","Every new lane begins as dust near somebody else.","26.208","9.45","15.398","1858","506","206","models/vlt-concrete-batch-plant-30.gltf"
"vlt-concrete-batch-plant-31","concrete-batch-plant","infrastructure","Progress Batch Plant · C1-2","C1-2","Every new lane begins as dust near somebody else.","14.009","9.9","12.4688","1090","218","206","models/vlt-concrete-batch-plant-31.gltf"
"vlt-concrete-batch-plant-32","concrete-batch-plant","infrastructure","Progress Batch Plant · C2-2","C2-2","Every new lane begins as dust near somebody else.","16.7018","9.9","13.5296","1282","290","206","models/vlt-concrete-batch-plant-32.gltf"
"vlt-concrete-batch-plant-33","concrete-batch-plant","infrastructure","Progress Batch Plant · C3-2","C3-2","Every new lane begins as dust near somebody else.","19.6394","9.9","14.5904","1474","362","206","models/vlt-concrete-batch-plant-33.gltf"
"vlt-concrete-batch-plant-34","concrete-batch-plant","infrastructure","Progress Batch Plant · C4-2","C4-2","Every new lane begins as dust near somebody else.","22.8218","9.9","15.6512","1666","434","206","models/vlt-concrete-batch-plant-34.gltf"
"vlt-concrete-batch-plant-35","concrete-batch-plant","infrastructure","Progress Batch Plant · C5-2","C5-2","Every new lane begins as dust near somebody else.","26.249","9.9","16.712","1858","506","206","models/vlt-concrete-batch-plant-35.gltf"
"vlt-concrete-batch-plant-36","concrete-batch-plant","infrastructure","Progress Batch Plant · D1-2","D1-2","Every new lane begins as dust near somebody else.","14.069","10.35","13.4564","1090","218","206","models/vlt-concrete-batch-plant-36.gltf"
"vlt-concrete-batch-plant-37","concrete-batch-plant","infrastructure","Progress Batch Plant · D2-2","D2-2","Every new lane begins as dust near somebody else.","16.7618","10.35","14.5988","1282","290","206","models/vlt-concrete-batch-plant-37.gltf"
"vlt-concrete-batch-plant-38","concrete-batch-plant","infrastructure","Progress Batch Plant · D3-2","D3-2","Every new lane begins as dust near somebody else.","19.6994","10.35","15.7412","1474","362","206","models/vlt-concrete-batch-plant-38.gltf"
"vlt-concrete-batch-plant-39","concrete-batch-plant","infrastructure","Progress Batch Plant · D4-2","D4-2","Every new lane begins as dust near somebody else.","22.8818","10.35","16.8836","1666","434","206","models/vlt-concrete-batch-plant-39.gltf"
"vlt-concrete-batch-plant-40","concrete-batch-plant","infrastructure","Progress Batch Plant · D5-2","D5-2","Every new lane begins as dust near somebody else.","26.309","10.35","18.026","1858","506","206","models/vlt-concrete-batch-plant-40.gltf"
"vlt-convenience-congress-01","convenience-congress","commerce","Convenience Congress · A1-1","A1-1","Open all night and filibustering the hot roller since Tuesday.","17.16","7.4354","16.4272","1046","260","230","models/vlt-convenience-congress-01.gltf"
"vlt-convenience-congress-02","convenience-congress","commerce","Convenience Congress · A2-1","A2-1","Open all night and filibustering the hot roller since Tuesday.","18.5272","7.63315","16.4272","1046","260","230","models/vlt-convenience-congress-02.gltf"
"vlt-convenience-congress-03","convenience-congress","commerce","Convenience Congress · A3-1","A3-1","Open all night and filibustering the hot roller since Tuesday.","19.9428","7.8309","16.4272","1046","260","230","models/vlt-convenience-congress-03.gltf"
"vlt-convenience-congress-04","convenience-congress","commerce","Convenience Congress · A4-1","A4-1","Open all night and filibustering the hot roller since Tuesday.","21.3584","8.02865","16.4272","1046","260","230","models/vlt-convenience-congress-04.gltf"
"vlt-convenience-congress-05","convenience-congress","commerce","Convenience Congress · A5-1","A5-1","Open all night and filibustering the hot roller since Tuesday.","22.774","8.2264","16.6392","1046","260","230","models/vlt-convenience-congress-05.gltf"
"vlt-convenience-congress-06","convenience-congress","commerce","Convenience Congress · B1-1","B1-1","Open all night and filibustering the hot roller since Tuesday.","17.16","7.475","17.1769","1046","260","230","models/vlt-convenience-congress-06.gltf"
"vlt-convenience-congress-07","convenience-congress","commerce","Convenience Congress · B2-1","B2-1","Open all night and filibustering the hot roller since Tuesday.","18.5272","7.63315","17.1769","1046","260","230","models/vlt-convenience-congress-07.gltf"
"vlt-convenience-congress-08","convenience-congress","commerce","Convenience Congress · B3-1","B3-1","Open all night and filibustering the hot roller since Tuesday.","19.9428","7.8309","17.1769","1046","260","230","models/vlt-convenience-congress-08.gltf"
"vlt-convenience-congress-09","convenience-congress","commerce","Convenience Congress · B4-1","B4-1","Open all night and filibustering the hot roller since Tuesday.","21.3584","8.02865","17.1769","1046","260","230","models/vlt-convenience-congress-09.gltf"
"vlt-convenience-congress-10","convenience-congress","commerce","Convenience Congress · B5-1","B5-1","Open all night and filibustering the hot roller since Tuesday.","22.774","8.2264","17.242804","1046","260","230","models/vlt-convenience-congress-10.gltf"
"vlt-convenience-congress-11","convenience-congress","commerce","Convenience Congress · C1-1","C1-1","Open all night and filibustering the hot roller since Tuesday.","17.16","7.875","17.9266","1046","260","230","models/vlt-convenience-congress-11.gltf"
"vlt-convenience-congress-12","convenience-congress","commerce","Convenience Congress · C2-1","C2-1","Open all night and filibustering the hot roller since Tuesday.","18.5272","7.875","17.9266","1046","260","230","models/vlt-convenience-congress-12.gltf"
"vlt-convenience-congress-13","convenience-congress","commerce","Convenience Congress · C3-1","C3-1","Open all night and filibustering the hot roller since Tuesday.","19.9428","7.875","17.9266","1046","260","230","models/vlt-convenience-congress-13.gltf"
"vlt-convenience-congress-14","convenience-congress","commerce","Convenience Congress · C4-1","C4-1","Open all night and filibustering the hot roller since Tuesday.","21.3584","8.02865","17.9266","1046","260","230","models/vlt-convenience-congress-14.gltf"
"vlt-convenience-congress-15","convenience-congress","commerce","Convenience Congress · C5-1","C5-1","Open all night and filibustering the hot roller since Tuesday.","22.774","8.2264","17.9266","1046","260","230","models/vlt-convenience-congress-15.gltf"
"vlt-convenience-congress-16","convenience-congress","commerce","Convenience Congress · D1-1","D1-1","Open all night and filibustering the hot roller since Tuesday.","17.16","8.275","18.6763","1046","260","230","models/vlt-convenience-congress-16.gltf"
"vlt-convenience-congress-17","convenience-congress","commerce","Convenience Congress · D2-1","D2-1","Open all night and filibustering the hot roller since Tuesday.","18.5272","8.275","18.6763","1046","260","230","models/vlt-convenience-congress-17.gltf"
"vlt-convenience-congress-18","convenience-congress","commerce","Convenience Congress · D3-1","D3-1","Open all night and filibustering the hot roller since Tuesday.","19.9428","8.275","18.6763","1046","260","230","models/vlt-convenience-congress-18.gltf"
"vlt-convenience-congress-19","convenience-congress","commerce","Convenience Congress · D4-1","D4-1","Open all night and filibustering the hot roller since Tuesday.","21.3584","8.275","18.6763","1046","260","230","models/vlt-convenience-congress-19.gltf"
"vlt-convenience-congress-20","convenience-congress","commerce","Convenience Congress · D5-1","D5-1","Open all night and filibustering the hot roller since Tuesday.","22.774","8.275","18.6763","1046","260","230","models/vlt-convenience-congress-20.gltf"
"vlt-convenience-congress-21","convenience-congress","commerce","Convenience Congress · A1-2","A1-2","Open all night and filibustering the hot roller since Tuesday.","17.16","7.4354","17.9364","1586","296","242","models/vlt-convenience-congress-21.gltf"
"vlt-convenience-congress-22","convenience-congress","commerce","Convenience Congress · A2-2","A2-2","Open all night and filibustering the hot roller since Tuesday.","18.5272","7.63315","17.9364","1586","296","242","models/vlt-convenience-congress-22.gltf"
"vlt-convenience-congress-23","convenience-congress","commerce","Convenience Congress · A3-2","A3-2","Open all night and filibustering the hot roller since Tuesday.","19.9428","7.8309","17.9364","1586","296","242","models/vlt-convenience-congress-23.gltf"
"vlt-convenience-congress-24","convenience-congress","commerce","Convenience Congress · A4-2","A4-2","Open all night and filibustering the hot roller since Tuesday.","21.3584","8.02865","17.9364","1586","296","242","models/vlt-convenience-congress-24.gltf"
"vlt-convenience-congress-25","convenience-congress","commerce","Convenience Congress · A5-2","A5-2","Open all night and filibustering the hot roller since Tuesday.","22.774","8.2264","18.1484","1586","296","242","models/vlt-convenience-congress-25.gltf"
"vlt-convenience-congress-26","convenience-congress","commerce","Convenience Congress · B1-2","B1-2","Open all night and filibustering the hot roller since Tuesday.","17.16","7.475","18.7428","1586","296","242","models/vlt-convenience-congress-26.gltf"
"vlt-convenience-congress-27","convenience-congress","commerce","Convenience Congress · B2-2","B2-2","Open all night and filibustering the hot roller since Tuesday.","18.5272","7.63315","18.7428","1586","296","242","models/vlt-convenience-congress-27.gltf"
"vlt-convenience-congress-28","convenience-congress","commerce","Convenience Congress · B3-2","B3-2","Open all night and filibustering the hot roller since Tuesday.","19.9428","7.8309","18.7428","1586","296","242","models/vlt-convenience-congress-28.gltf"
"vlt-convenience-congress-29","convenience-congress","commerce","Convenience Congress · B4-2","B4-2","Open all night and filibustering the hot roller since Tuesday.","21.3584","8.02865","18.7428","1586","296","242","models/vlt-convenience-congress-29.gltf"
"vlt-convenience-congress-30","convenience-congress","commerce","Convenience Congress · B5-2","B5-2","Open all night and filibustering the hot roller since Tuesday.","22.774","8.2264","18.808704","1586","296","242","models/vlt-convenience-congress-30.gltf"
"vlt-convenience-congress-31","convenience-congress","commerce","Convenience Congress · C1-2","C1-2","Open all night and filibustering the hot roller since Tuesday.","17.16","7.875","19.5492","1586","296","242","models/vlt-convenience-congress-31.gltf"
"vlt-convenience-congress-32","convenience-congress","commerce","Convenience Congress · C2-2","C2-2","Open all night and filibustering the hot roller since Tuesday.","18.5272","7.875","19.5492","1586","296","242","models/vlt-convenience-congress-32.gltf"
"vlt-convenience-congress-33","convenience-congress","commerce","Convenience Congress · C3-2","C3-2","Open all night and filibustering the hot roller since Tuesday.","19.9428","7.875","19.5492","1586","296","242","models/vlt-convenience-congress-33.gltf"
"vlt-convenience-congress-34","convenience-congress","commerce","Convenience Congress · C4-2","C4-2","Open all night and filibustering the hot roller since Tuesday.","21.3584","8.02865","19.5492","1586","296","242","models/vlt-convenience-congress-34.gltf"
"vlt-convenience-congress-35","convenience-congress","commerce","Convenience Congress · C5-2","C5-2","Open all night and filibustering the hot roller since Tuesday.","22.774","8.2264","19.5492","1586","296","242","models/vlt-convenience-congress-35.gltf"
"vlt-convenience-congress-36","convenience-congress","commerce","Convenience Congress · D1-2","D1-2","Open all night and filibustering the hot roller since Tuesday.","17.16","8.275","20.3556","1586","296","242","models/vlt-convenience-congress-36.gltf"
"vlt-convenience-congress-37","convenience-congress","commerce","Convenience Congress · D2-2","D2-2","Open all night and filibustering the hot roller since Tuesday.","18.5272","8.275","20.3556","1586","296","242","models/vlt-convenience-congress-37.gltf"
"vlt-convenience-congress-38","convenience-congress","commerce","Convenience Congress · D3-2","D3-2","Open all night and filibustering the hot roller since Tuesday.","19.9428","8.275","20.3556","1586","296","242","models/vlt-convenience-congress-38.gltf"
"vlt-convenience-congress-39","convenience-congress","commerce","Convenience Congress · D4-2","D4-2","Open all night and filibustering the hot roller since Tuesday.","21.3584","8.275","20.3556","1586","296","242","models/vlt-convenience-congress-39.gltf"
"vlt-convenience-congress-40","convenience-congress","commerce","Convenience Congress · D5-2","D5-2","Open all night and filibustering the hot roller since Tuesday.","22.774","8.275","20.3556","1586","296","242","models/vlt-convenience-congress-40.gltf"
"vlt-copay-castle-01","copay-castle","commerce","Copay Castle · A1-1","A1-1","Walk in worried, ride out with a payment plan.","15.4","5.86","11.4","1698","242","182","models/vlt-copay-castle-01.gltf"
"vlt-copay-castle-02","copay-castle","commerce","Copay Castle · A2-1","A2-1","Walk in worried, ride out with a payment plan.","16.6","6.01","11.4","1914","254","182","models/vlt-copay-castle-02.gltf"
"vlt-copay-castle-03","copay-castle","commerce","Copay Castle · A3-1","A3-1","Walk in worried, ride out with a payment plan.","17.8","6.16","11.4","2130","266","182","models/vlt-copay-castle-03.gltf"
"vlt-copay-castle-04","copay-castle","commerce","Copay Castle · A4-1","A4-1","Walk in worried, ride out with a payment plan.","19","6.31","11.4","2238","266","182","models/vlt-copay-castle-04.gltf"
"vlt-copay-castle-05","copay-castle","commerce","Copay Castle · A5-1","A5-1","Walk in worried, ride out with a payment plan.","20.2","6.46","11.4","2238","266","182","models/vlt-copay-castle-05.gltf"
"vlt-copay-castle-06","copay-castle","commerce","Copay Castle · B1-1","B1-1","Walk in worried, ride out with a payment plan.","15.4","5.86","11.85","1698","242","182","models/vlt-copay-castle-06.gltf"
"vlt-copay-castle-07","copay-castle","commerce","Copay Castle · B2-1","B2-1","Walk in worried, ride out with a payment plan.","16.6","6.01","11.85","1914","254","182","models/vlt-copay-castle-07.gltf"
"vlt-copay-castle-08","copay-castle","commerce","Copay Castle · B3-1","B3-1","Walk in worried, ride out with a payment plan.","17.8","6.16","11.85","2130","266","182","models/vlt-copay-castle-08.gltf"
"vlt-copay-castle-09","copay-castle","commerce","Copay Castle · B4-1","B4-1","Walk in worried, ride out with a payment plan.","19","6.31","11.85","2238","266","182","models/vlt-copay-castle-09.gltf"
"vlt-copay-castle-10","copay-castle","commerce","Copay Castle · B5-1","B5-1","Walk in worried, ride out with a payment plan.","20.2","6.46","11.85","2238","266","182","models/vlt-copay-castle-10.gltf"
"vlt-copay-castle-11","copay-castle","commerce","Copay Castle · C1-1","C1-1","Walk in worried, ride out with a payment plan.","15.4","5.86","12.3","1698","242","182","models/vlt-copay-castle-11.gltf"
"vlt-copay-castle-12","copay-castle","commerce","Copay Castle · C2-1","C2-1","Walk in worried, ride out with a payment plan.","16.6","6.01","12.3","1914","254","182","models/vlt-copay-castle-12.gltf"
"vlt-copay-castle-13","copay-castle","commerce","Copay Castle · C3-1","C3-1","Walk in worried, ride out with a payment plan.","17.8","6.16","12.3","2130","266","182","models/vlt-copay-castle-13.gltf"
"vlt-copay-castle-14","copay-castle","commerce","Copay Castle · C4-1","C4-1","Walk in worried, ride out with a payment plan.","19","6.31","12.3","2238","266","182","models/vlt-copay-castle-14.gltf"
"vlt-copay-castle-15","copay-castle","commerce","Copay Castle · C5-1","C5-1","Walk in worried, ride out with a payment plan.","20.2","6.46","12.3","2238","266","182","models/vlt-copay-castle-15.gltf"
"vlt-copay-castle-16","copay-castle","commerce","Copay Castle · D1-1","D1-1","Walk in worried, ride out with a payment plan.","15.4","5.86","12.75","1698","242","182","models/vlt-copay-castle-16.gltf"
"vlt-copay-castle-17","copay-castle","commerce","Copay Castle · D2-1","D2-1","Walk in worried, ride out with a payment plan.","16.6","6.01","12.75","1914","254","182","models/vlt-copay-castle-17.gltf"
"vlt-copay-castle-18","copay-castle","commerce","Copay Castle · D3-1","D3-1","Walk in worried, ride out with a payment plan.","17.8","6.16","12.75","2130","266","182","models/vlt-copay-castle-18.gltf"
"vlt-copay-castle-19","copay-castle","commerce","Copay Castle · D4-1","D4-1","Walk in worried, ride out with a payment plan.","19","6.31","12.75","2238","266","182","models/vlt-copay-castle-19.gltf"
"vlt-copay-castle-20","copay-castle","commerce","Copay Castle · D5-1","D5-1","Walk in worried, ride out with a payment plan.","20.2","6.46","12.75","2238","266","182","models/vlt-copay-castle-20.gltf"
"vlt-copay-castle-21","copay-castle","commerce","Copay Castle · A1-2","A1-2","Walk in worried, ride out with a payment plan.","15.4","5.86","13.226","2778","314","206","models/vlt-copay-castle-21.gltf"
"vlt-copay-castle-22","copay-castle","commerce","Copay Castle · A2-2","A2-2","Walk in worried, ride out with a payment plan.","16.6","6.01","13.226","2994","326","206","models/vlt-copay-castle-22.gltf"
"vlt-copay-castle-23","copay-castle","commerce","Copay Castle · A3-2","A3-2","Walk in worried, ride out with a payment plan.","17.8","6.16","13.226","3210","338","206","models/vlt-copay-castle-23.gltf"
"vlt-copay-castle-24","copay-castle","commerce","Copay Castle · A4-2","A4-2","Walk in worried, ride out with a payment plan.","19","6.31","13.226","3318","338","206","models/vlt-copay-castle-24.gltf"
"vlt-copay-castle-25","copay-castle","commerce","Copay Castle · A5-2","A5-2","Walk in worried, ride out with a payment plan.","20.2","6.46","13.226","3318","338","206","models/vlt-copay-castle-25.gltf"
"vlt-copay-castle-26","copay-castle","commerce","Copay Castle · B1-2","B1-2","Walk in worried, ride out with a payment plan.","15.4","5.86","13.802","2778","314","206","models/vlt-copay-castle-26.gltf"
"vlt-copay-castle-27","copay-castle","commerce","Copay Castle · B2-2","B2-2","Walk in worried, ride out with a payment plan.","16.6","6.01","13.802","2994","326","206","models/vlt-copay-castle-27.gltf"
"vlt-copay-castle-28","copay-castle","commerce","Copay Castle · B3-2","B3-2","Walk in worried, ride out with a payment plan.","17.8","6.16","13.802","3210","338","206","models/vlt-copay-castle-28.gltf"
"vlt-copay-castle-29","copay-castle","commerce","Copay Castle · B4-2","B4-2","Walk in worried, ride out with a payment plan.","19","6.31","13.802","3318","338","206","models/vlt-copay-castle-29.gltf"
"vlt-copay-castle-30","copay-castle","commerce","Copay Castle · B5-2","B5-2","Walk in worried, ride out with a payment plan.","20.2","6.46","13.802","3318","338","206","models/vlt-copay-castle-30.gltf"
"vlt-copay-castle-31","copay-castle","commerce","Copay Castle · C1-2","C1-2","Walk in worried, ride out with a payment plan.","15.4","5.86","14.378","2778","314","206","models/vlt-copay-castle-31.gltf"
"vlt-copay-castle-32","copay-castle","commerce","Copay Castle · C2-2","C2-2","Walk in worried, ride out with a payment plan.","16.6","6.01","14.378","2994","326","206","models/vlt-copay-castle-32.gltf"
"vlt-copay-castle-33","copay-castle","commerce","Copay Castle · C3-2","C3-2","Walk in worried, ride out with a payment plan.","17.8","6.16","14.378","3210","338","206","models/vlt-copay-castle-33.gltf"
"vlt-copay-castle-34","copay-castle","commerce","Copay Castle · C4-2","C4-2","Walk in worried, ride out with a payment plan.","19","6.31","14.378","3318","338","206","models/vlt-copay-castle-34.gltf"
"vlt-copay-castle-35","copay-castle","commerce","Copay Castle · C5-2","C5-2","Walk in worried, ride out with a payment plan.","20.2","6.46","14.378","3318","338","206","models/vlt-copay-castle-35.gltf"
"vlt-copay-castle-36","copay-castle","commerce","Copay Castle · D1-2","D1-2","Walk in worried, ride out with a payment plan.","15.4","5.86","14.954","2778","314","206","models/vlt-copay-castle-36.gltf"
"vlt-copay-castle-37","copay-castle","commerce","Copay Castle · D2-2","D2-2","Walk in worried, ride out with a payment plan.","16.6","6.01","14.954","2994","326","206","models/vlt-copay-castle-37.gltf"
"vlt-copay-castle-38","copay-castle","commerce","Copay Castle · D3-2","D3-2","Walk in worried, ride out with a payment plan.","17.8","6.16","14.954","3210","338","206","models/vlt-copay-castle-38.gltf"
"vlt-copay-castle-39","copay-castle","commerce","Copay Castle · D4-2","D4-2","Walk in worried, ride out with a payment plan.","19","6.31","14.954","3318","338","206","models/vlt-copay-castle-39.gltf"
"vlt-copay-castle-40","copay-castle","commerce","Copay Castle · D5-2","D5-2","Walk in worried, ride out with a payment plan.","20.2","6.46","14.954","3318","338","206","models/vlt-copay-castle-40.gltf"
"vlt-county-fair-midway-01","county-fair-midway","neighborhood","Possum County Midway · A1-1","A1-1","A week of public culture and eleven months of compacted mud.","15.84","9.925","14.08","2484","756","284","models/vlt-county-fair-midway-01.gltf"
"vlt-county-fair-midway-02","county-fair-midway","neighborhood","Possum County Midway · A2-1","A2-1","A week of public culture and eleven months of compacted mud.","18.24","10.625","15.36","2592","768","284","models/vlt-county-fair-midway-02.gltf"
"vlt-county-fair-midway-03","county-fair-midway","neighborhood","Possum County Midway · A3-1","A3-1","A week of public culture and eleven months of compacted mud.","20.8","11.325","16.64","2700","780","284","models/vlt-county-fair-midway-03.gltf"
"vlt-county-fair-midway-04","county-fair-midway","neighborhood","Possum County Midway · A4-1","A4-1","A week of public culture and eleven months of compacted mud.","23.52","12.025","17.92","2808","792","284","models/vlt-county-fair-midway-04.gltf"
"vlt-county-fair-midway-05","county-fair-midway","neighborhood","Possum County Midway · A5-1","A5-1","A week of public culture and eleven months of compacted mud.","26.4","12.725","19.2","2916","804","284","models/vlt-county-fair-midway-05.gltf"
"vlt-county-fair-midway-06","county-fair-midway","neighborhood","Possum County Midway · B1-1","B1-1","A week of public culture and eleven months of compacted mud.","15.84","9.78","14.96","2848","864","284","models/vlt-county-fair-midway-06.gltf"
"vlt-county-fair-midway-07","county-fair-midway","neighborhood","Possum County Midway · B2-1","B2-1","A week of public culture and eleven months of compacted mud.","18.24","10.48","16.32","2956","876","284","models/vlt-county-fair-midway-07.gltf"
"vlt-county-fair-midway-08","county-fair-midway","neighborhood","Possum County Midway · B3-1","B3-1","A week of public culture and eleven months of compacted mud.","20.8","11.18","17.68","3064","888","284","models/vlt-county-fair-midway-08.gltf"
"vlt-county-fair-midway-09","county-fair-midway","neighborhood","Possum County Midway · B4-1","B4-1","A week of public culture and eleven months of compacted mud.","23.52","11.88","19.04","3172","900","284","models/vlt-county-fair-midway-09.gltf"
"vlt-county-fair-midway-10","county-fair-midway","neighborhood","Possum County Midway · B5-1","B5-1","A week of public culture and eleven months of compacted mud.","26.4","12.58","20.4","3280","912","284","models/vlt-county-fair-midway-10.gltf"
"vlt-county-fair-midway-11","county-fair-midway","neighborhood","Possum County Midway · C1-1","C1-1","A week of public culture and eleven months of compacted mud.","15.84","9.78","15.84","3212","972","284","models/vlt-county-fair-midway-11.gltf"
"vlt-county-fair-midway-12","county-fair-midway","neighborhood","Possum County Midway · C2-1","C2-1","A week of public culture and eleven months of compacted mud.","18.24","10.48","17.28","3320","984","284","models/vlt-county-fair-midway-12.gltf"
"vlt-county-fair-midway-13","county-fair-midway","neighborhood","Possum County Midway · C3-1","C3-1","A week of public culture and eleven months of compacted mud.","20.8","11.18","18.72","3428","996","284","models/vlt-county-fair-midway-13.gltf"
"vlt-county-fair-midway-14","county-fair-midway","neighborhood","Possum County Midway · C4-1","C4-1","A week of public culture and eleven months of compacted mud.","23.52","11.88","20.16","3536","1008","284","models/vlt-county-fair-midway-14.gltf"
"vlt-county-fair-midway-15","county-fair-midway","neighborhood","Possum County Midway · C5-1","C5-1","A week of public culture and eleven months of compacted mud.","26.4","12.58","21.6","3644","1020","284","models/vlt-county-fair-midway-15.gltf"
"vlt-county-fair-midway-16","county-fair-midway","neighborhood","Possum County Midway · D1-1","D1-1","A week of public culture and eleven months of compacted mud.","15.84","9.814683","16.72","3576","1080","284","models/vlt-county-fair-midway-16.gltf"
"vlt-county-fair-midway-17","county-fair-midway","neighborhood","Possum County Midway · D2-1","D2-1","A week of public culture and eleven months of compacted mud.","18.24","10.505908","18.24","3684","1092","284","models/vlt-county-fair-midway-17.gltf"
"vlt-county-fair-midway-18","county-fair-midway","neighborhood","Possum County Midway · D3-1","D3-1","A week of public culture and eleven months of compacted mud.","20.8","11.197132","19.76","3792","1104","284","models/vlt-county-fair-midway-18.gltf"
"vlt-county-fair-midway-19","county-fair-midway","neighborhood","Possum County Midway · D4-1","D4-1","A week of public culture and eleven months of compacted mud.","23.52","11.888357","21.28","3900","1116","284","models/vlt-county-fair-midway-19.gltf"
"vlt-county-fair-midway-20","county-fair-midway","neighborhood","Possum County Midway · D5-1","D5-1","A week of public culture and eleven months of compacted mud.","26.4","12.58","22.8","4008","1128","284","models/vlt-county-fair-midway-20.gltf"
"vlt-county-fair-midway-21","county-fair-midway","neighborhood","Possum County Midway · A1-2","A1-2","A week of public culture and eleven months of compacted mud.","15.84","9.925","14.08","2592","768","296","models/vlt-county-fair-midway-21.gltf"
"vlt-county-fair-midway-22","county-fair-midway","neighborhood","Possum County Midway · A2-2","A2-2","A week of public culture and eleven months of compacted mud.","18.24","10.625","15.36","2700","780","296","models/vlt-county-fair-midway-22.gltf"
"vlt-county-fair-midway-23","county-fair-midway","neighborhood","Possum County Midway · A3-2","A3-2","A week of public culture and eleven months of compacted mud.","20.8","11.325","16.64","2808","792","296","models/vlt-county-fair-midway-23.gltf"
"vlt-county-fair-midway-24","county-fair-midway","neighborhood","Possum County Midway · A4-2","A4-2","A week of public culture and eleven months of compacted mud.","23.52","12.025","17.92","2916","804","296","models/vlt-county-fair-midway-24.gltf"
"vlt-county-fair-midway-25","county-fair-midway","neighborhood","Possum County Midway · A5-2","A5-2","A week of public culture and eleven months of compacted mud.","26.4","12.725","19.2","3024","816","296","models/vlt-county-fair-midway-25.gltf"
"vlt-county-fair-midway-26","county-fair-midway","neighborhood","Possum County Midway · B1-2","B1-2","A week of public culture and eleven months of compacted mud.","15.84","9.78","14.96","2956","876","296","models/vlt-county-fair-midway-26.gltf"
"vlt-county-fair-midway-27","county-fair-midway","neighborhood","Possum County Midway · B2-2","B2-2","A week of public culture and eleven months of compacted mud.","18.24","10.48","16.32","3064","888","296","models/vlt-county-fair-midway-27.gltf"
"vlt-county-fair-midway-28","county-fair-midway","neighborhood","Possum County Midway · B3-2","B3-2","A week of public culture and eleven months of compacted mud.","20.8","11.18","17.68","3172","900","296","models/vlt-county-fair-midway-28.gltf"
"vlt-county-fair-midway-29","county-fair-midway","neighborhood","Possum County Midway · B4-2","B4-2","A week of public culture and eleven months of compacted mud.","23.52","11.88","19.04","3280","912","296","models/vlt-county-fair-midway-29.gltf"
"vlt-county-fair-midway-30","county-fair-midway","neighborhood","Possum County Midway · B5-2","B5-2","A week of public culture and eleven months of compacted mud.","26.4","12.58","20.4","3388","924","296","models/vlt-county-fair-midway-30.gltf"
"vlt-county-fair-midway-31","county-fair-midway","neighborhood","Possum County Midway · C1-2","C1-2","A week of public culture and eleven months of compacted mud.","15.84","9.78","15.84","3320","984","296","models/vlt-county-fair-midway-31.gltf"
"vlt-county-fair-midway-32","county-fair-midway","neighborhood","Possum County Midway · C2-2","C2-2","A week of public culture and eleven months of compacted mud.","18.24","10.48","17.28","3428","996","296","models/vlt-county-fair-midway-32.gltf"
"vlt-county-fair-midway-33","county-fair-midway","neighborhood","Possum County Midway · C3-2","C3-2","A week of public culture and eleven months of compacted mud.","20.8","11.18","18.72","3536","1008","296","models/vlt-county-fair-midway-33.gltf"
"vlt-county-fair-midway-34","county-fair-midway","neighborhood","Possum County Midway · C4-2","C4-2","A week of public culture and eleven months of compacted mud.","23.52","11.88","20.16","3644","1020","296","models/vlt-county-fair-midway-34.gltf"
"vlt-county-fair-midway-35","county-fair-midway","neighborhood","Possum County Midway · C5-2","C5-2","A week of public culture and eleven months of compacted mud.","26.4","12.58","21.6","3752","1032","296","models/vlt-county-fair-midway-35.gltf"
"vlt-county-fair-midway-36","county-fair-midway","neighborhood","Possum County Midway · D1-2","D1-2","A week of public culture and eleven months of compacted mud.","15.84","9.814683","16.72","3684","1092","296","models/vlt-county-fair-midway-36.gltf"
"vlt-county-fair-midway-37","county-fair-midway","neighborhood","Possum County Midway · D2-2","D2-2","A week of public culture and eleven months of compacted mud.","18.24","10.505908","18.24","3792","1104","296","models/vlt-county-fair-midway-37.gltf"
"vlt-county-fair-midway-38","county-fair-midway","neighborhood","Possum County Midway · D3-2","D3-2","A week of public culture and eleven months of compacted mud.","20.8","11.197132","19.76","3900","1116","296","models/vlt-county-fair-midway-38.gltf"
"vlt-county-fair-midway-39","county-fair-midway","neighborhood","Possum County Midway · D4-2","D4-2","A week of public culture and eleven months of compacted mud.","23.52","11.888357","21.28","4008","1128","296","models/vlt-county-fair-midway-39.gltf"
"vlt-county-fair-midway-40","county-fair-midway","neighborhood","Possum County Midway · D5-2","D5-2","A week of public culture and eleven months of compacted mud.","26.4","12.58","22.8","4116","1140","296","models/vlt-county-fair-midway-40.gltf"
"vlt-culvert-gateway-01","culvert-gateway","infrastructure","Culvert Gateway · A1-1","A1-1","The creek has been streamlined for permitting convenience.","7.765","3.25","6.53","1238","326","214","models/vlt-culvert-gateway-01.gltf"
"vlt-culvert-gateway-02","culvert-gateway","infrastructure","Culvert Gateway · A2-1","A2-1","The creek has been streamlined for permitting convenience.","9.365","3.25","6.53","1302","350","214","models/vlt-culvert-gateway-02.gltf"
"vlt-culvert-gateway-03","culvert-gateway","infrastructure","Culvert Gateway · A3-1","A3-1","The creek has been streamlined for permitting convenience.","11.125","3.25","6.53","1878","590","214","models/vlt-culvert-gateway-03.gltf"
"vlt-culvert-gateway-04","culvert-gateway","infrastructure","Culvert Gateway · A4-1","A4-1","The creek has been streamlined for permitting convenience.","13.045","3.25","6.53","1942","614","214","models/vlt-culvert-gateway-04.gltf"
"vlt-culvert-gateway-05","culvert-gateway","infrastructure","Culvert Gateway · A5-1","A5-1","The creek has been streamlined for permitting convenience.","15.125","3.25","6.53","2518","854","214","models/vlt-culvert-gateway-05.gltf"
"vlt-culvert-gateway-06","culvert-gateway","infrastructure","Culvert Gateway · B1-1","B1-1","The creek has been streamlined for permitting convenience.","7.825","3.25","7.18","1238","326","214","models/vlt-culvert-gateway-06.gltf"
"vlt-culvert-gateway-07","culvert-gateway","infrastructure","Culvert Gateway · B2-1","B2-1","The creek has been streamlined for permitting convenience.","9.425","3.25","7.18","1302","350","214","models/vlt-culvert-gateway-07.gltf"
"vlt-culvert-gateway-08","culvert-gateway","infrastructure","Culvert Gateway · B3-1","B3-1","The creek has been streamlined for permitting convenience.","11.185","3.25","7.18","1878","590","214","models/vlt-culvert-gateway-08.gltf"
"vlt-culvert-gateway-09","culvert-gateway","infrastructure","Culvert Gateway · B4-1","B4-1","The creek has been streamlined for permitting convenience.","13.105","3.25","7.18","1942","614","214","models/vlt-culvert-gateway-09.gltf"
"vlt-culvert-gateway-10","culvert-gateway","infrastructure","Culvert Gateway · B5-1","B5-1","The creek has been streamlined for permitting convenience.","15.185","3.25","7.18","2518","854","214","models/vlt-culvert-gateway-10.gltf"
"vlt-culvert-gateway-11","culvert-gateway","infrastructure","Culvert Gateway · C1-1","C1-1","The creek has been streamlined for permitting convenience.","7.885","3.25","7.83","1238","326","214","models/vlt-culvert-gateway-11.gltf"
"vlt-culvert-gateway-12","culvert-gateway","infrastructure","Culvert Gateway · C2-1","C2-1","The creek has been streamlined for permitting convenience.","9.485","3.25","7.83","1302","350","214","models/vlt-culvert-gateway-12.gltf"
"vlt-culvert-gateway-13","culvert-gateway","infrastructure","Culvert Gateway · C3-1","C3-1","The creek has been streamlined for permitting convenience.","11.245","3.25","7.83","1878","590","214","models/vlt-culvert-gateway-13.gltf"
"vlt-culvert-gateway-14","culvert-gateway","infrastructure","Culvert Gateway · C4-1","C4-1","The creek has been streamlined for permitting convenience.","13.165","3.25","7.83","1942","614","214","models/vlt-culvert-gateway-14.gltf"
"vlt-culvert-gateway-15","culvert-gateway","infrastructure","Culvert Gateway · C5-1","C5-1","The creek has been streamlined for permitting convenience.","15.245","3.25","7.83","2518","854","214","models/vlt-culvert-gateway-15.gltf"
"vlt-culvert-gateway-16","culvert-gateway","infrastructure","Culvert Gateway · D1-1","D1-1","The creek has been streamlined for permitting convenience.","7.945","3.25","8.48","1750","542","214","models/vlt-culvert-gateway-16.gltf"
"vlt-culvert-gateway-17","culvert-gateway","infrastructure","Culvert Gateway · D2-1","D2-1","The creek has been streamlined for permitting convenience.","9.545","3.25","8.48","1814","566","214","models/vlt-culvert-gateway-17.gltf"
"vlt-culvert-gateway-18","culvert-gateway","infrastructure","Culvert Gateway · D3-1","D3-1","The creek has been streamlined for permitting convenience.","11.305","3.25","8.48","2390","806","214","models/vlt-culvert-gateway-18.gltf"
"vlt-culvert-gateway-19","culvert-gateway","infrastructure","Culvert Gateway · D4-1","D4-1","The creek has been streamlined for permitting convenience.","13.225","3.25","8.48","2454","830","214","models/vlt-culvert-gateway-19.gltf"
"vlt-culvert-gateway-20","culvert-gateway","infrastructure","Culvert Gateway · D5-1","D5-1","The creek has been streamlined for permitting convenience.","15.305","3.25","8.48","3030","1070","214","models/vlt-culvert-gateway-20.gltf"
"vlt-culvert-gateway-21","culvert-gateway","infrastructure","Culvert Gateway · A1-2","A1-2","The creek has been streamlined for permitting convenience.","7.765","3.25","6.53","1454","350","226","models/vlt-culvert-gateway-21.gltf"
"vlt-culvert-gateway-22","culvert-gateway","infrastructure","Culvert Gateway · A2-2","A2-2","The creek has been streamlined for permitting convenience.","9.365","3.25","6.53","1518","374","226","models/vlt-culvert-gateway-22.gltf"
"vlt-culvert-gateway-23","culvert-gateway","infrastructure","Culvert Gateway · A3-2","A3-2","The creek has been streamlined for permitting convenience.","11.125","3.25","6.53","2094","614","226","models/vlt-culvert-gateway-23.gltf"
"vlt-culvert-gateway-24","culvert-gateway","infrastructure","Culvert Gateway · A4-2","A4-2","The creek has been streamlined for permitting convenience.","13.045","3.25","6.53","2158","638","226","models/vlt-culvert-gateway-24.gltf"
"vlt-culvert-gateway-25","culvert-gateway","infrastructure","Culvert Gateway · A5-2","A5-2","The creek has been streamlined for permitting convenience.","15.125","3.25","6.53","2734","878","226","models/vlt-culvert-gateway-25.gltf"
"vlt-culvert-gateway-26","culvert-gateway","infrastructure","Culvert Gateway · B1-2","B1-2","The creek has been streamlined for permitting convenience.","7.825","3.25","7.18","1454","350","226","models/vlt-culvert-gateway-26.gltf"
"vlt-culvert-gateway-27","culvert-gateway","infrastructure","Culvert Gateway · B2-2","B2-2","The creek has been streamlined for permitting convenience.","9.425","3.25","7.18","1518","374","226","models/vlt-culvert-gateway-27.gltf"
"vlt-culvert-gateway-28","culvert-gateway","infrastructure","Culvert Gateway · B3-2","B3-2","The creek has been streamlined for permitting convenience.","11.185","3.25","7.18","2094","614","226","models/vlt-culvert-gateway-28.gltf"
"vlt-culvert-gateway-29","culvert-gateway","infrastructure","Culvert Gateway · B4-2","B4-2","The creek has been streamlined for permitting convenience.","13.105","3.25","7.18","2158","638","226","models/vlt-culvert-gateway-29.gltf"
"vlt-culvert-gateway-30","culvert-gateway","infrastructure","Culvert Gateway · B5-2","B5-2","The creek has been streamlined for permitting convenience.","15.185","3.25","7.18","2734","878","226","models/vlt-culvert-gateway-30.gltf"
"vlt-culvert-gateway-31","culvert-gateway","infrastructure","Culvert Gateway · C1-2","C1-2","The creek has been streamlined for permitting convenience.","7.885","3.25","7.83","1454","350","226","models/vlt-culvert-gateway-31.gltf"
"vlt-culvert-gateway-32","culvert-gateway","infrastructure","Culvert Gateway · C2-2","C2-2","The creek has been streamlined for permitting convenience.","9.485","3.25","7.83","1518","374","226","models/vlt-culvert-gateway-32.gltf"
"vlt-culvert-gateway-33","culvert-gateway","infrastructure","Culvert Gateway · C3-2","C3-2","The creek has been streamlined for permitting convenience.","11.245","3.25","7.83","2094","614","226","models/vlt-culvert-gateway-33.gltf"
"vlt-culvert-gateway-34","culvert-gateway","infrastructure","Culvert Gateway · C4-2","C4-2","The creek has been streamlined for permitting convenience.","13.165","3.25","7.83","2158","638","226","models/vlt-culvert-gateway-34.gltf"
"vlt-culvert-gateway-35","culvert-gateway","infrastructure","Culvert Gateway · C5-2","C5-2","The creek has been streamlined for permitting convenience.","15.245","3.25","7.83","2734","878","226","models/vlt-culvert-gateway-35.gltf"
"vlt-culvert-gateway-36","culvert-gateway","infrastructure","Culvert Gateway · D1-2","D1-2","The creek has been streamlined for permitting convenience.","7.945","3.25","8.48","1966","566","226","models/vlt-culvert-gateway-36.gltf"
"vlt-culvert-gateway-37","culvert-gateway","infrastructure","Culvert Gateway · D2-2","D2-2","The creek has been streamlined for permitting convenience.","9.545","3.25","8.48","2030","590","226","models/vlt-culvert-gateway-37.gltf"
"vlt-culvert-gateway-38","culvert-gateway","infrastructure","Culvert Gateway · D3-2","D3-2","The creek has been streamlined for permitting convenience.","11.305","3.25","8.48","2606","830","226","models/vlt-culvert-gateway-38.gltf"
"vlt-culvert-gateway-39","culvert-gateway","infrastructure","Culvert Gateway · D4-2","D4-2","The creek has been streamlined for permitting convenience.","13.225","3.25","8.48","2670","854","226","models/vlt-culvert-gateway-39.gltf"
"vlt-culvert-gateway-40","culvert-gateway","infrastructure","Culvert Gateway · D5-2","D5-2","The creek has been streamlined for permitting convenience.","15.305","3.25","8.48","3246","1094","226","models/vlt-culvert-gateway-40.gltf"
"vlt-curb-crave-01","curb-crave","commerce","Curb Crave · A1-1","A1-1","Meals arrive in thirty seconds; the traffic study arrives never.","13.333732","3.98","9.56","1674","290","190","models/vlt-curb-crave-01.gltf"
"vlt-curb-crave-02","curb-crave","commerce","Curb Crave · A2-1","A2-1","Meals arrive in thirty seconds; the traffic study arrives never.","14.293732","4.08","9.56","1890","302","190","models/vlt-curb-crave-02.gltf"
"vlt-curb-crave-03","curb-crave","commerce","Curb Crave · A3-1","A3-1","Meals arrive in thirty seconds; the traffic study arrives never.","15.253732","4.18","9.56","2106","314","190","models/vlt-curb-crave-03.gltf"
"vlt-curb-crave-04","curb-crave","commerce","Curb Crave · A4-1","A4-1","Meals arrive in thirty seconds; the traffic study arrives never.","16.213731","4.28","9.56","2214","314","190","models/vlt-curb-crave-04.gltf"
"vlt-curb-crave-05","curb-crave","commerce","Curb Crave · A5-1","A5-1","Meals arrive in thirty seconds; the traffic study arrives never.","17.173732","4.38","9.56","2214","314","190","models/vlt-curb-crave-05.gltf"
"vlt-curb-crave-06","curb-crave","commerce","Curb Crave · B1-1","B1-1","Meals arrive in thirty seconds; the traffic study arrives never.","13.333699","3.98","9.92","1674","290","190","models/vlt-curb-crave-06.gltf"
"vlt-curb-crave-07","curb-crave","commerce","Curb Crave · B2-1","B2-1","Meals arrive in thirty seconds; the traffic study arrives never.","14.293699","4.08","9.92","1890","302","190","models/vlt-curb-crave-07.gltf"
"vlt-curb-crave-08","curb-crave","commerce","Curb Crave · B3-1","B3-1","Meals arrive in thirty seconds; the traffic study arrives never.","15.253699","4.18","9.92","2106","314","190","models/vlt-curb-crave-08.gltf"
"vlt-curb-crave-09","curb-crave","commerce","Curb Crave · B4-1","B4-1","Meals arrive in thirty seconds; the traffic study arrives never.","16.2137","4.28","9.92","2214","314","190","models/vlt-curb-crave-09.gltf"
"vlt-curb-crave-10","curb-crave","commerce","Curb Crave · B5-1","B5-1","Meals arrive in thirty seconds; the traffic study arrives never.","17.173699","4.38","9.92","2214","314","190","models/vlt-curb-crave-10.gltf"
"vlt-curb-crave-11","curb-crave","commerce","Curb Crave · C1-1","C1-1","Meals arrive in thirty seconds; the traffic study arrives never.","13.333671","3.98","10.28","1674","290","190","models/vlt-curb-crave-11.gltf"
"vlt-curb-crave-12","curb-crave","commerce","Curb Crave · C2-1","C2-1","Meals arrive in thirty seconds; the traffic study arrives never.","14.293671","4.08","10.28","1890","302","190","models/vlt-curb-crave-12.gltf"
"vlt-curb-crave-13","curb-crave","commerce","Curb Crave · C3-1","C3-1","Meals arrive in thirty seconds; the traffic study arrives never.","15.253671","4.18","10.28","2106","314","190","models/vlt-curb-crave-13.gltf"
"vlt-curb-crave-14","curb-crave","commerce","Curb Crave · C4-1","C4-1","Meals arrive in thirty seconds; the traffic study arrives never.","16.213671","4.28","10.28","2214","314","190","models/vlt-curb-crave-14.gltf"
"vlt-curb-crave-15","curb-crave","commerce","Curb Crave · C5-1","C5-1","Meals arrive in thirty seconds; the traffic study arrives never.","17.173671","4.38","10.28","2214","314","190","models/vlt-curb-crave-15.gltf"
"vlt-curb-crave-16","curb-crave","commerce","Curb Crave · D1-1","D1-1","Meals arrive in thirty seconds; the traffic study arrives never.","13.333647","3.98","10.64","1674","290","190","models/vlt-curb-crave-16.gltf"
"vlt-curb-crave-17","curb-crave","commerce","Curb Crave · D2-1","D2-1","Meals arrive in thirty seconds; the traffic study arrives never.","14.293647","4.08","10.64","1890","302","190","models/vlt-curb-crave-17.gltf"
"vlt-curb-crave-18","curb-crave","commerce","Curb Crave · D3-1","D3-1","Meals arrive in thirty seconds; the traffic study arrives never.","15.253646","4.18","10.64","2106","314","190","models/vlt-curb-crave-18.gltf"
"vlt-curb-crave-19","curb-crave","commerce","Curb Crave · D4-1","D4-1","Meals arrive in thirty seconds; the traffic study arrives never.","16.213646","4.28","10.64","2214","314","190","models/vlt-curb-crave-19.gltf"
"vlt-curb-crave-20","curb-crave","commerce","Curb Crave · D5-1","D5-1","Meals arrive in thirty seconds; the traffic study arrives never.","17.173647","4.38","10.64","2214","314","190","models/vlt-curb-crave-20.gltf"
"vlt-curb-crave-21","curb-crave","commerce","Curb Crave · A1-2","A1-2","Meals arrive in thirty seconds; the traffic study arrives never.","13.333732","3.98","10.8708","2214","326","202","models/vlt-curb-crave-21.gltf"
"vlt-curb-crave-22","curb-crave","commerce","Curb Crave · A2-2","A2-2","Meals arrive in thirty seconds; the traffic study arrives never.","14.293732","4.08","10.8708","2430","338","202","models/vlt-curb-crave-22.gltf"
"vlt-curb-crave-23","curb-crave","commerce","Curb Crave · A3-2","A3-2","Meals arrive in thirty seconds; the traffic study arrives never.","15.253732","4.18","10.8708","2646","350","202","models/vlt-curb-crave-23.gltf"
"vlt-curb-crave-24","curb-crave","commerce","Curb Crave · A4-2","A4-2","Meals arrive in thirty seconds; the traffic study arrives never.","16.213731","4.28","10.8708","2754","350","202","models/vlt-curb-crave-24.gltf"
"vlt-curb-crave-25","curb-crave","commerce","Curb Crave · A5-2","A5-2","Meals arrive in thirty seconds; the traffic study arrives never.","17.173732","4.38","10.8708","2754","350","202","models/vlt-curb-crave-25.gltf"
"vlt-curb-crave-26","curb-crave","commerce","Curb Crave · B1-2","B1-2","Meals arrive in thirty seconds; the traffic study arrives never.","13.333699","3.98","11.3316","2214","326","202","models/vlt-curb-crave-26.gltf"
"vlt-curb-crave-27","curb-crave","commerce","Curb Crave · B2-2","B2-2","Meals arrive in thirty seconds; the traffic study arrives never.","14.293699","4.08","11.3316","2430","338","202","models/vlt-curb-crave-27.gltf"
"vlt-curb-crave-28","curb-crave","commerce","Curb Crave · B3-2","B3-2","Meals arrive in thirty seconds; the traffic study arrives never.","15.253699","4.18","11.3316","2646","350","202","models/vlt-curb-crave-28.gltf"
"vlt-curb-crave-29","curb-crave","commerce","Curb Crave · B4-2","B4-2","Meals arrive in thirty seconds; the traffic study arrives never.","16.2137","4.28","11.3316","2754","350","202","models/vlt-curb-crave-29.gltf"
"vlt-curb-crave-30","curb-crave","commerce","Curb Crave · B5-2","B5-2","Meals arrive in thirty seconds; the traffic study arrives never.","17.173699","4.38","11.3316","2754","350","202","models/vlt-curb-crave-30.gltf"
"vlt-curb-crave-31","curb-crave","commerce","Curb Crave · C1-2","C1-2","Meals arrive in thirty seconds; the traffic study arrives never.","13.333671","3.98","11.7924","2214","326","202","models/vlt-curb-crave-31.gltf"
"vlt-curb-crave-32","curb-crave","commerce","Curb Crave · C2-2","C2-2","Meals arrive in thirty seconds; the traffic study arrives never.","14.293671","4.08","11.7924","2430","338","202","models/vlt-curb-crave-32.gltf"
"vlt-curb-crave-33","curb-crave","commerce","Curb Crave · C3-2","C3-2","Meals arrive in thirty seconds; the traffic study arrives never.","15.253671","4.18","11.7924","2646","350","202","models/vlt-curb-crave-33.gltf"
"vlt-curb-crave-34","curb-crave","commerce","Curb Crave · C4-2","C4-2","Meals arrive in thirty seconds; the traffic study arrives never.","16.213671","4.28","11.7924","2754","350","202","models/vlt-curb-crave-34.gltf"
"vlt-curb-crave-35","curb-crave","commerce","Curb Crave · C5-2","C5-2","Meals arrive in thirty seconds; the traffic study arrives never.","17.173671","4.38","11.7924","2754","350","202","models/vlt-curb-crave-35.gltf"
"vlt-curb-crave-36","curb-crave","commerce","Curb Crave · D1-2","D1-2","Meals arrive in thirty seconds; the traffic study arrives never.","13.333647","3.98","12.2532","2214","326","202","models/vlt-curb-crave-36.gltf"
"vlt-curb-crave-37","curb-crave","commerce","Curb Crave · D2-2","D2-2","Meals arrive in thirty seconds; the traffic study arrives never.","14.293647","4.08","12.2532","2430","338","202","models/vlt-curb-crave-37.gltf"
"vlt-curb-crave-38","curb-crave","commerce","Curb Crave · D3-2","D3-2","Meals arrive in thirty seconds; the traffic study arrives never.","15.253646","4.18","12.2532","2646","350","202","models/vlt-curb-crave-38.gltf"
"vlt-curb-crave-39","curb-crave","commerce","Curb Crave · D4-2","D4-2","Meals arrive in thirty seconds; the traffic study arrives never.","16.213646","4.28","12.2532","2754","350","202","models/vlt-curb-crave-39.gltf"
"vlt-curb-crave-40","curb-crave","commerce","Curb Crave · D5-2","D5-2","Meals arrive in thirty seconds; the traffic study arrives never.","17.173647","4.38","12.2532","2754","350","202","models/vlt-curb-crave-40.gltf"
"vlt-daiquiri-dash-01","daiquiri-dash","commerce","Daiquiri Dash · A1-1","A1-1","No need to leave the vehicle or reconsider anything.","10.12","8.246066","9.56","578","154","130","models/vlt-daiquiri-dash-01.gltf"
"vlt-daiquiri-dash-02","daiquiri-dash","commerce","Daiquiri Dash · A2-1","A2-1","No need to leave the vehicle or reconsider anything.","10.84","8.46428","9.56","578","154","130","models/vlt-daiquiri-dash-02.gltf"
"vlt-daiquiri-dash-03","daiquiri-dash","commerce","Daiquiri Dash · A3-1","A3-1","No need to leave the vehicle or reconsider anything.","11.56","8.682521","9.56","578","154","130","models/vlt-daiquiri-dash-03.gltf"
"vlt-daiquiri-dash-04","daiquiri-dash","commerce","Daiquiri Dash · A4-1","A4-1","No need to leave the vehicle or reconsider anything.","12.28","8.900786","9.56","578","154","130","models/vlt-daiquiri-dash-04.gltf"
"vlt-daiquiri-dash-05","daiquiri-dash","commerce","Daiquiri Dash · A5-1","A5-1","No need to leave the vehicle or reconsider anything.","13","9.119075","9.56","578","154","130","models/vlt-daiquiri-dash-05.gltf"
"vlt-daiquiri-dash-06","daiquiri-dash","commerce","Daiquiri Dash · B1-1","B1-1","No need to leave the vehicle or reconsider anything.","10.12","8.246066","9.92","578","154","130","models/vlt-daiquiri-dash-06.gltf"
"vlt-daiquiri-dash-07","daiquiri-dash","commerce","Daiquiri Dash · B2-1","B2-1","No need to leave the vehicle or reconsider anything.","10.84","8.46428","9.92","578","154","130","models/vlt-daiquiri-dash-07.gltf"
"vlt-daiquiri-dash-08","daiquiri-dash","commerce","Daiquiri Dash · B3-1","B3-1","No need to leave the vehicle or reconsider anything.","11.56","8.682521","9.92","578","154","130","models/vlt-daiquiri-dash-08.gltf"
"vlt-daiquiri-dash-09","daiquiri-dash","commerce","Daiquiri Dash · B4-1","B4-1","No need to leave the vehicle or reconsider anything.","12.28","8.900786","9.92","578","154","130","models/vlt-daiquiri-dash-09.gltf"
"vlt-daiquiri-dash-10","daiquiri-dash","commerce","Daiquiri Dash · B5-1","B5-1","No need to leave the vehicle or reconsider anything.","13","9.119075","9.92","578","154","130","models/vlt-daiquiri-dash-10.gltf"
"vlt-daiquiri-dash-11","daiquiri-dash","commerce","Daiquiri Dash · C1-1","C1-1","No need to leave the vehicle or reconsider anything.","10.12","8.246066","10.28","578","154","130","models/vlt-daiquiri-dash-11.gltf"
"vlt-daiquiri-dash-12","daiquiri-dash","commerce","Daiquiri Dash · C2-1","C2-1","No need to leave the vehicle or reconsider anything.","10.84","8.46428","10.28","578","154","130","models/vlt-daiquiri-dash-12.gltf"
"vlt-daiquiri-dash-13","daiquiri-dash","commerce","Daiquiri Dash · C3-1","C3-1","No need to leave the vehicle or reconsider anything.","11.56","8.682521","10.28","578","154","130","models/vlt-daiquiri-dash-13.gltf"
"vlt-daiquiri-dash-14","daiquiri-dash","commerce","Daiquiri Dash · C4-1","C4-1","No need to leave the vehicle or reconsider anything.","12.28","8.900786","10.28","578","154","130","models/vlt-daiquiri-dash-14.gltf"
"vlt-daiquiri-dash-15","daiquiri-dash","commerce","Daiquiri Dash · C5-1","C5-1","No need to leave the vehicle or reconsider anything.","13","9.119075","10.28","578","154","130","models/vlt-daiquiri-dash-15.gltf"
"vlt-daiquiri-dash-16","daiquiri-dash","commerce","Daiquiri Dash · D1-1","D1-1","No need to leave the vehicle or reconsider anything.","10.12","8.246066","10.64","578","154","130","models/vlt-daiquiri-dash-16.gltf"
"vlt-daiquiri-dash-17","daiquiri-dash","commerce","Daiquiri Dash · D2-1","D2-1","No need to leave the vehicle or reconsider anything.","10.84","8.46428","10.64","578","154","130","models/vlt-daiquiri-dash-17.gltf"
"vlt-daiquiri-dash-18","daiquiri-dash","commerce","Daiquiri Dash · D3-1","D3-1","No need to leave the vehicle or reconsider anything.","11.56","8.682521","10.64","578","154","130","models/vlt-daiquiri-dash-18.gltf"
"vlt-daiquiri-dash-19","daiquiri-dash","commerce","Daiquiri Dash · D4-1","D4-1","No need to leave the vehicle or reconsider anything.","12.28","8.900786","10.64","578","154","130","models/vlt-daiquiri-dash-19.gltf"
"vlt-daiquiri-dash-20","daiquiri-dash","commerce","Daiquiri Dash · D5-1","D5-1","No need to leave the vehicle or reconsider anything.","13","9.119075","10.64","578","154","130","models/vlt-daiquiri-dash-20.gltf"
"vlt-daiquiri-dash-21","daiquiri-dash","commerce","Daiquiri Dash · A1-2","A1-2","No need to leave the vehicle or reconsider anything.","10.12","8.246066","10.8708","1118","190","142","models/vlt-daiquiri-dash-21.gltf"
"vlt-daiquiri-dash-22","daiquiri-dash","commerce","Daiquiri Dash · A2-2","A2-2","No need to leave the vehicle or reconsider anything.","10.84","8.46428","10.8708","1118","190","142","models/vlt-daiquiri-dash-22.gltf"
"vlt-daiquiri-dash-23","daiquiri-dash","commerce","Daiquiri Dash · A3-2","A3-2","No need to leave the vehicle or reconsider anything.","11.56","8.682521","10.8708","1118","190","142","models/vlt-daiquiri-dash-23.gltf"
"vlt-daiquiri-dash-24","daiquiri-dash","commerce","Daiquiri Dash · A4-2","A4-2","No need to leave the vehicle or reconsider anything.","12.28","8.900786","10.8708","1118","190","142","models/vlt-daiquiri-dash-24.gltf"
"vlt-daiquiri-dash-25","daiquiri-dash","commerce","Daiquiri Dash · A5-2","A5-2","No need to leave the vehicle or reconsider anything.","13","9.119075","10.8708","1118","190","142","models/vlt-daiquiri-dash-25.gltf"
"vlt-daiquiri-dash-26","daiquiri-dash","commerce","Daiquiri Dash · B1-2","B1-2","No need to leave the vehicle or reconsider anything.","10.12","8.246066","11.3316","1118","190","142","models/vlt-daiquiri-dash-26.gltf"
"vlt-daiquiri-dash-27","daiquiri-dash","commerce","Daiquiri Dash · B2-2","B2-2","No need to leave the vehicle or reconsider anything.","10.84","8.46428","11.3316","1118","190","142","models/vlt-daiquiri-dash-27.gltf"
"vlt-daiquiri-dash-28","daiquiri-dash","commerce","Daiquiri Dash · B3-2","B3-2","No need to leave the vehicle or reconsider anything.","11.56","8.682521","11.3316","1118","190","142","models/vlt-daiquiri-dash-28.gltf"
"vlt-daiquiri-dash-29","daiquiri-dash","commerce","Daiquiri Dash · B4-2","B4-2","No need to leave the vehicle or reconsider anything.","12.28","8.900786","11.3316","1118","190","142","models/vlt-daiquiri-dash-29.gltf"
"vlt-daiquiri-dash-30","daiquiri-dash","commerce","Daiquiri Dash · B5-2","B5-2","No need to leave the vehicle or reconsider anything.","13","9.119075","11.3316","1118","190","142","models/vlt-daiquiri-dash-30.gltf"
"vlt-daiquiri-dash-31","daiquiri-dash","commerce","Daiquiri Dash · C1-2","C1-2","No need to leave the vehicle or reconsider anything.","10.12","8.246066","11.7924","1118","190","142","models/vlt-daiquiri-dash-31.gltf"
"vlt-daiquiri-dash-32","daiquiri-dash","commerce","Daiquiri Dash · C2-2","C2-2","No need to leave the vehicle or reconsider anything.","10.84","8.46428","11.7924","1118","190","142","models/vlt-daiquiri-dash-32.gltf"
"vlt-daiquiri-dash-33","daiquiri-dash","commerce","Daiquiri Dash · C3-2","C3-2","No need to leave the vehicle or reconsider anything.","11.56","8.682521","11.7924","1118","190","142","models/vlt-daiquiri-dash-33.gltf"
"vlt-daiquiri-dash-34","daiquiri-dash","commerce","Daiquiri Dash · C4-2","C4-2","No need to leave the vehicle or reconsider anything.","12.28","8.900786","11.7924","1118","190","142","models/vlt-daiquiri-dash-34.gltf"
"vlt-daiquiri-dash-35","daiquiri-dash","commerce","Daiquiri Dash · C5-2","C5-2","No need to leave the vehicle or reconsider anything.","13","9.119075","11.7924","1118","190","142","models/vlt-daiquiri-dash-35.gltf"
"vlt-daiquiri-dash-36","daiquiri-dash","commerce","Daiquiri Dash · D1-2","D1-2","No need to leave the vehicle or reconsider anything.","10.12","8.246066","12.2532","1118","190","142","models/vlt-daiquiri-dash-36.gltf"
"vlt-daiquiri-dash-37","daiquiri-dash","commerce","Daiquiri Dash · D2-2","D2-2","No need to leave the vehicle or reconsider anything.","10.84","8.46428","12.2532","1118","190","142","models/vlt-daiquiri-dash-37.gltf"
"vlt-daiquiri-dash-38","daiquiri-dash","commerce","Daiquiri Dash · D3-2","D3-2","No need to leave the vehicle or reconsider anything.","11.56","8.682521","12.2532","1118","190","142","models/vlt-daiquiri-dash-38.gltf"
"vlt-daiquiri-dash-39","daiquiri-dash","commerce","Daiquiri Dash · D4-2","D4-2","No need to leave the vehicle or reconsider anything.","12.28","8.900786","12.2532","1118","190","142","models/vlt-daiquiri-dash-39.gltf"
"vlt-daiquiri-dash-40","daiquiri-dash","commerce","Daiquiri Dash · D5-2","D5-2","No need to leave the vehicle or reconsider anything.","13","9.119075","12.2532","1118","190","142","models/vlt-daiquiri-dash-40.gltf"
"vlt-dmv-queue-annex-01","dmv-queue-annex","infrastructure","DMV Queue Annex · A1-1","A1-1","Mobility begins with taking a number.","11.1962","3.853","10","1482","194","158","models/vlt-dmv-queue-annex-01.gltf"
"vlt-dmv-queue-annex-02","dmv-queue-annex","infrastructure","DMV Queue Annex · A2-1","A2-1","Mobility begins with taking a number.","12.1754","3.9825","10.48","1762","242","158","models/vlt-dmv-queue-annex-02.gltf"
"vlt-dmv-queue-annex-03","dmv-queue-annex","infrastructure","DMV Queue Annex · A3-1","A3-1","Mobility begins with taking a number.","13.1546","4.112","10.96","2042","290","158","models/vlt-dmv-queue-annex-03.gltf"
"vlt-dmv-queue-annex-04","dmv-queue-annex","infrastructure","DMV Queue Annex · A4-1","A4-1","Mobility begins with taking a number.","14.1338","4.2415","11.44","2214","326","158","models/vlt-dmv-queue-annex-04.gltf"
"vlt-dmv-queue-annex-05","dmv-queue-annex","infrastructure","DMV Queue Annex · A5-1","A5-1","Mobility begins with taking a number.","15.113","4.371","11.92","2494","374","158","models/vlt-dmv-queue-annex-05.gltf"
"vlt-dmv-queue-annex-06","dmv-queue-annex","infrastructure","DMV Queue Annex · B1-1","B1-1","Mobility begins with taking a number.","11.2562","3.853","10.59","1482","194","158","models/vlt-dmv-queue-annex-06.gltf"
"vlt-dmv-queue-annex-07","dmv-queue-annex","infrastructure","DMV Queue Annex · B2-1","B2-1","Mobility begins with taking a number.","12.2354","3.9825","11.07","1654","230","158","models/vlt-dmv-queue-annex-07.gltf"
"vlt-dmv-queue-annex-08","dmv-queue-annex","infrastructure","DMV Queue Annex · B3-1","B3-1","Mobility begins with taking a number.","13.2146","4.112","11.55","1934","278","158","models/vlt-dmv-queue-annex-08.gltf"
"vlt-dmv-queue-annex-09","dmv-queue-annex","infrastructure","DMV Queue Annex · B4-1","B4-1","Mobility begins with taking a number.","14.1938","4.2415","12.03","2214","326","158","models/vlt-dmv-queue-annex-09.gltf"
"vlt-dmv-queue-annex-10","dmv-queue-annex","infrastructure","DMV Queue Annex · B5-1","B5-1","Mobility begins with taking a number.","15.173","4.371","12.51","2494","374","158","models/vlt-dmv-queue-annex-10.gltf"
"vlt-dmv-queue-annex-11","dmv-queue-annex","infrastructure","DMV Queue Annex · C1-1","C1-1","Mobility begins with taking a number.","11.3162","3.853","11.18","1482","194","158","models/vlt-dmv-queue-annex-11.gltf"
"vlt-dmv-queue-annex-12","dmv-queue-annex","infrastructure","DMV Queue Annex · C2-1","C2-1","Mobility begins with taking a number.","12.2954","3.9825","11.66","1654","230","158","models/vlt-dmv-queue-annex-12.gltf"
"vlt-dmv-queue-annex-13","dmv-queue-annex","infrastructure","DMV Queue Annex · C3-1","C3-1","Mobility begins with taking a number.","13.2746","4.112","12.14","1934","278","158","models/vlt-dmv-queue-annex-13.gltf"
"vlt-dmv-queue-annex-14","dmv-queue-annex","infrastructure","DMV Queue Annex · C4-1","C4-1","Mobility begins with taking a number.","14.2538","4.2415","12.62","2214","326","158","models/vlt-dmv-queue-annex-14.gltf"
"vlt-dmv-queue-annex-15","dmv-queue-annex","infrastructure","DMV Queue Annex · C5-1","C5-1","Mobility begins with taking a number.","15.233","4.371","13.1","2494","374","158","models/vlt-dmv-queue-annex-15.gltf"
"vlt-dmv-queue-annex-16","dmv-queue-annex","infrastructure","DMV Queue Annex · D1-1","D1-1","Mobility begins with taking a number.","11.3762","3.853","11.77","1482","194","158","models/vlt-dmv-queue-annex-16.gltf"
"vlt-dmv-queue-annex-17","dmv-queue-annex","infrastructure","DMV Queue Annex · D2-1","D2-1","Mobility begins with taking a number.","12.3554","3.9825","12.25","1762","242","158","models/vlt-dmv-queue-annex-17.gltf"
"vlt-dmv-queue-annex-18","dmv-queue-annex","infrastructure","DMV Queue Annex · D3-1","D3-1","Mobility begins with taking a number.","13.3346","4.112","12.73","2042","290","158","models/vlt-dmv-queue-annex-18.gltf"
"vlt-dmv-queue-annex-19","dmv-queue-annex","infrastructure","DMV Queue Annex · D4-1","D4-1","Mobility begins with taking a number.","14.3138","4.2415","13.21","2214","326","158","models/vlt-dmv-queue-annex-19.gltf"
"vlt-dmv-queue-annex-20","dmv-queue-annex","infrastructure","DMV Queue Annex · D5-1","D5-1","Mobility begins with taking a number.","15.293","4.371","13.69","2494","374","158","models/vlt-dmv-queue-annex-20.gltf"
"vlt-dmv-queue-annex-21","dmv-queue-annex","infrastructure","DMV Queue Annex · A1-2","A1-2","Mobility begins with taking a number.","11.1962","3.853","10","1698","218","170","models/vlt-dmv-queue-annex-21.gltf"
"vlt-dmv-queue-annex-22","dmv-queue-annex","infrastructure","DMV Queue Annex · A2-2","A2-2","Mobility begins with taking a number.","12.1754","3.9825","10.48","1978","266","170","models/vlt-dmv-queue-annex-22.gltf"
"vlt-dmv-queue-annex-23","dmv-queue-annex","infrastructure","DMV Queue Annex · A3-2","A3-2","Mobility begins with taking a number.","13.1546","4.112","10.96","2258","314","170","models/vlt-dmv-queue-annex-23.gltf"
"vlt-dmv-queue-annex-24","dmv-queue-annex","infrastructure","DMV Queue Annex · A4-2","A4-2","Mobility begins with taking a number.","14.1338","4.2415","11.44","2430","350","170","models/vlt-dmv-queue-annex-24.gltf"
"vlt-dmv-queue-annex-25","dmv-queue-annex","infrastructure","DMV Queue Annex · A5-2","A5-2","Mobility begins with taking a number.","15.113","4.371","11.92","2710","398","170","models/vlt-dmv-queue-annex-25.gltf"
"vlt-dmv-queue-annex-26","dmv-queue-annex","infrastructure","DMV Queue Annex · B1-2","B1-2","Mobility begins with taking a number.","11.2562","3.853","10.59","1698","218","170","models/vlt-dmv-queue-annex-26.gltf"
"vlt-dmv-queue-annex-27","dmv-queue-annex","infrastructure","DMV Queue Annex · B2-2","B2-2","Mobility begins with taking a number.","12.2354","3.9825","11.07","1870","254","170","models/vlt-dmv-queue-annex-27.gltf"
"vlt-dmv-queue-annex-28","dmv-queue-annex","infrastructure","DMV Queue Annex · B3-2","B3-2","Mobility begins with taking a number.","13.2146","4.112","11.55","2150","302","170","models/vlt-dmv-queue-annex-28.gltf"
"vlt-dmv-queue-annex-29","dmv-queue-annex","infrastructure","DMV Queue Annex · B4-2","B4-2","Mobility begins with taking a number.","14.1938","4.2415","12.03","2430","350","170","models/vlt-dmv-queue-annex-29.gltf"
"vlt-dmv-queue-annex-30","dmv-queue-annex","infrastructure","DMV Queue Annex · B5-2","B5-2","Mobility begins with taking a number.","15.173","4.371","12.51","2710","398","170","models/vlt-dmv-queue-annex-30.gltf"
"vlt-dmv-queue-annex-31","dmv-queue-annex","infrastructure","DMV Queue Annex · C1-2","C1-2","Mobility begins with taking a number.","11.3162","3.853","11.18","1698","218","170","models/vlt-dmv-queue-annex-31.gltf"
"vlt-dmv-queue-annex-32","dmv-queue-annex","infrastructure","DMV Queue Annex · C2-2","C2-2","Mobility begins with taking a number.","12.2954","3.9825","11.66","1870","254","170","models/vlt-dmv-queue-annex-32.gltf"
"vlt-dmv-queue-annex-33","dmv-queue-annex","infrastructure","DMV Queue Annex · C3-2","C3-2","Mobility begins with taking a number.","13.2746","4.112","12.14","2150","302","170","models/vlt-dmv-queue-annex-33.gltf"
"vlt-dmv-queue-annex-34","dmv-queue-annex","infrastructure","DMV Queue Annex · C4-2","C4-2","Mobility begins with taking a number.","14.2538","4.2415","12.62","2430","350","170","models/vlt-dmv-queue-annex-34.gltf"
"vlt-dmv-queue-annex-35","dmv-queue-annex","infrastructure","DMV Queue Annex · C5-2","C5-2","Mobility begins with taking a number.","15.233","4.371","13.1","2710","398","170","models/vlt-dmv-queue-annex-35.gltf"
"vlt-dmv-queue-annex-36","dmv-queue-annex","infrastructure","DMV Queue Annex · D1-2","D1-2","Mobility begins with taking a number.","11.3762","3.853","11.77","1698","218","170","models/vlt-dmv-queue-annex-36.gltf"
"vlt-dmv-queue-annex-37","dmv-queue-annex","infrastructure","DMV Queue Annex · D2-2","D2-2","Mobility begins with taking a number.","12.3554","3.9825","12.25","1978","266","170","models/vlt-dmv-queue-annex-37.gltf"
"vlt-dmv-queue-annex-38","dmv-queue-annex","infrastructure","DMV Queue Annex · D3-2","D3-2","Mobility begins with taking a number.","13.3346","4.112","12.73","2258","314","170","models/vlt-dmv-queue-annex-38.gltf"
"vlt-dmv-queue-annex-39","dmv-queue-annex","infrastructure","DMV Queue Annex · D4-2","D4-2","Mobility begins with taking a number.","14.3138","4.2415","13.21","2430","350","170","models/vlt-dmv-queue-annex-39.gltf"
"vlt-dmv-queue-annex-40","dmv-queue-annex","infrastructure","DMV Queue Annex · D5-2","D5-2","Mobility begins with taking a number.","15.293","4.371","13.69","2710","398","170","models/vlt-dmv-queue-annex-40.gltf"
"vlt-donut-deposition-01","donut-deposition","commerce","Donut Deposition · A1-1","A1-1","The sprinkles are admissible and the coffee knows counsel.","11.88","7.33","9.56","2514","338","166","models/vlt-donut-deposition-01.gltf"
"vlt-donut-deposition-02","donut-deposition","commerce","Donut Deposition · A2-1","A2-1","The sprinkles are admissible and the coffee knows counsel.","12.76","7.51","9.56","2730","350","166","models/vlt-donut-deposition-02.gltf"
"vlt-donut-deposition-03","donut-deposition","commerce","Donut Deposition · A3-1","A3-1","The sprinkles are admissible and the coffee knows counsel.","13.64","7.69","9.56","2946","362","166","models/vlt-donut-deposition-03.gltf"
"vlt-donut-deposition-04","donut-deposition","commerce","Donut Deposition · A4-1","A4-1","The sprinkles are admissible and the coffee knows counsel.","14.52","7.87","9.56","3054","362","166","models/vlt-donut-deposition-04.gltf"
"vlt-donut-deposition-05","donut-deposition","commerce","Donut Deposition · A5-1","A5-1","The sprinkles are admissible and the coffee knows counsel.","15.4","8.05","9.56","3054","362","166","models/vlt-donut-deposition-05.gltf"
"vlt-donut-deposition-06","donut-deposition","commerce","Donut Deposition · B1-1","B1-1","The sprinkles are admissible and the coffee knows counsel.","11.88","7.33","9.92","2514","338","166","models/vlt-donut-deposition-06.gltf"
"vlt-donut-deposition-07","donut-deposition","commerce","Donut Deposition · B2-1","B2-1","The sprinkles are admissible and the coffee knows counsel.","12.76","7.51","9.92","2730","350","166","models/vlt-donut-deposition-07.gltf"
"vlt-donut-deposition-08","donut-deposition","commerce","Donut Deposition · B3-1","B3-1","The sprinkles are admissible and the coffee knows counsel.","13.64","7.69","9.92","2946","362","166","models/vlt-donut-deposition-08.gltf"
"vlt-donut-deposition-09","donut-deposition","commerce","Donut Deposition · B4-1","B4-1","The sprinkles are admissible and the coffee knows counsel.","14.52","7.87","9.92","3054","362","166","models/vlt-donut-deposition-09.gltf"
"vlt-donut-deposition-10","donut-deposition","commerce","Donut Deposition · B5-1","B5-1","The sprinkles are admissible and the coffee knows counsel.","15.4","8.05","9.92","3054","362","166","models/vlt-donut-deposition-10.gltf"
"vlt-donut-deposition-11","donut-deposition","commerce","Donut Deposition · C1-1","C1-1","The sprinkles are admissible and the coffee knows counsel.","11.88","7.33","10.28","2514","338","166","models/vlt-donut-deposition-11.gltf"
"vlt-donut-deposition-12","donut-deposition","commerce","Donut Deposition · C2-1","C2-1","The sprinkles are admissible and the coffee knows counsel.","12.76","7.51","10.28","2730","350","166","models/vlt-donut-deposition-12.gltf"
"vlt-donut-deposition-13","donut-deposition","commerce","Donut Deposition · C3-1","C3-1","The sprinkles are admissible and the coffee knows counsel.","13.64","7.69","10.28","2946","362","166","models/vlt-donut-deposition-13.gltf"
"vlt-donut-deposition-14","donut-deposition","commerce","Donut Deposition · C4-1","C4-1","The sprinkles are admissible and the coffee knows counsel.","14.52","7.87","10.28","3054","362","166","models/vlt-donut-deposition-14.gltf"
"vlt-donut-deposition-15","donut-deposition","commerce","Donut Deposition · C5-1","C5-1","The sprinkles are admissible and the coffee knows counsel.","15.4","8.05","10.28","3054","362","166","models/vlt-donut-deposition-15.gltf"
"vlt-donut-deposition-16","donut-deposition","commerce","Donut Deposition · D1-1","D1-1","The sprinkles are admissible and the coffee knows counsel.","11.88","7.33","10.64","2514","338","166","models/vlt-donut-deposition-16.gltf"
"vlt-donut-deposition-17","donut-deposition","commerce","Donut Deposition · D2-1","D2-1","The sprinkles are admissible and the coffee knows counsel.","12.76","7.51","10.64","2730","350","166","models/vlt-donut-deposition-17.gltf"
"vlt-donut-deposition-18","donut-deposition","commerce","Donut Deposition · D3-1","D3-1","The sprinkles are admissible and the coffee knows counsel.","13.64","7.69","10.64","2946","362","166","models/vlt-donut-deposition-18.gltf"
"vlt-donut-deposition-19","donut-deposition","commerce","Donut Deposition · D4-1","D4-1","The sprinkles are admissible and the coffee knows counsel.","14.52","7.87","10.64","3054","362","166","models/vlt-donut-deposition-19.gltf"
"vlt-donut-deposition-20","donut-deposition","commerce","Donut Deposition · D5-1","D5-1","The sprinkles are admissible and the coffee knows counsel.","15.4","8.05","10.64","3054","362","166","models/vlt-donut-deposition-20.gltf"
"vlt-donut-deposition-21","donut-deposition","commerce","Donut Deposition · A1-2","A1-2","The sprinkles are admissible and the coffee knows counsel.","11.88","7.33","10.8708","3054","374","178","models/vlt-donut-deposition-21.gltf"
"vlt-donut-deposition-22","donut-deposition","commerce","Donut Deposition · A2-2","A2-2","The sprinkles are admissible and the coffee knows counsel.","12.76","7.51","10.8708","3270","386","178","models/vlt-donut-deposition-22.gltf"
"vlt-donut-deposition-23","donut-deposition","commerce","Donut Deposition · A3-2","A3-2","The sprinkles are admissible and the coffee knows counsel.","13.64","7.69","10.8708","3486","398","178","models/vlt-donut-deposition-23.gltf"
"vlt-donut-deposition-24","donut-deposition","commerce","Donut Deposition · A4-2","A4-2","The sprinkles are admissible and the coffee knows counsel.","14.52","7.87","10.8708","3594","398","178","models/vlt-donut-deposition-24.gltf"
"vlt-donut-deposition-25","donut-deposition","commerce","Donut Deposition · A5-2","A5-2","The sprinkles are admissible and the coffee knows counsel.","15.4","8.05","10.8708","3594","398","178","models/vlt-donut-deposition-25.gltf"
"vlt-donut-deposition-26","donut-deposition","commerce","Donut Deposition · B1-2","B1-2","The sprinkles are admissible and the coffee knows counsel.","11.88","7.33","11.3316","3054","374","178","models/vlt-donut-deposition-26.gltf"
"vlt-donut-deposition-27","donut-deposition","commerce","Donut Deposition · B2-2","B2-2","The sprinkles are admissible and the coffee knows counsel.","12.76","7.51","11.3316","3270","386","178","models/vlt-donut-deposition-27.gltf"
"vlt-donut-deposition-28","donut-deposition","commerce","Donut Deposition · B3-2","B3-2","The sprinkles are admissible and the coffee knows counsel.","13.64","7.69","11.3316","3486","398","178","models/vlt-donut-deposition-28.gltf"
"vlt-donut-deposition-29","donut-deposition","commerce","Donut Deposition · B4-2","B4-2","The sprinkles are admissible and the coffee knows counsel.","14.52","7.87","11.3316","3594","398","178","models/vlt-donut-deposition-29.gltf"
"vlt-donut-deposition-30","donut-deposition","commerce","Donut Deposition · B5-2","B5-2","The sprinkles are admissible and the coffee knows counsel.","15.4","8.05","11.3316","3594","398","178","models/vlt-donut-deposition-30.gltf"
"vlt-donut-deposition-31","donut-deposition","commerce","Donut Deposition · C1-2","C1-2","The sprinkles are admissible and the coffee knows counsel.","11.88","7.33","11.7924","3054","374","178","models/vlt-donut-deposition-31.gltf"
"vlt-donut-deposition-32","donut-deposition","commerce","Donut Deposition · C2-2","C2-2","The sprinkles are admissible and the coffee knows counsel.","12.76","7.51","11.7924","3270","386","178","models/vlt-donut-deposition-32.gltf"
"vlt-donut-deposition-33","donut-deposition","commerce","Donut Deposition · C3-2","C3-2","The sprinkles are admissible and the coffee knows counsel.","13.64","7.69","11.7924","3486","398","178","models/vlt-donut-deposition-33.gltf"
"vlt-donut-deposition-34","donut-deposition","commerce","Donut Deposition · C4-2","C4-2","The sprinkles are admissible and the coffee knows counsel.","14.52","7.87","11.7924","3594","398","178","models/vlt-donut-deposition-34.gltf"
"vlt-donut-deposition-35","donut-deposition","commerce","Donut Deposition · C5-2","C5-2","The sprinkles are admissible and the coffee knows counsel.","15.4","8.05","11.7924","3594","398","178","models/vlt-donut-deposition-35.gltf"
"vlt-donut-deposition-36","donut-deposition","commerce","Donut Deposition · D1-2","D1-2","The sprinkles are admissible and the coffee knows counsel.","11.88","7.33","12.2532","3054","374","178","models/vlt-donut-deposition-36.gltf"
"vlt-donut-deposition-37","donut-deposition","commerce","Donut Deposition · D2-2","D2-2","The sprinkles are admissible and the coffee knows counsel.","12.76","7.51","12.2532","3270","386","178","models/vlt-donut-deposition-37.gltf"
"vlt-donut-deposition-38","donut-deposition","commerce","Donut Deposition · D3-2","D3-2","The sprinkles are admissible and the coffee knows counsel.","13.64","7.69","12.2532","3486","398","178","models/vlt-donut-deposition-38.gltf"
"vlt-donut-deposition-39","donut-deposition","commerce","Donut Deposition · D4-2","D4-2","The sprinkles are admissible and the coffee knows counsel.","14.52","7.87","12.2532","3594","398","178","models/vlt-donut-deposition-39.gltf"
"vlt-donut-deposition-40","donut-deposition","commerce","Donut Deposition · D5-2","D5-2","The sprinkles are admissible and the coffee knows counsel.","15.4","8.05","12.2532","3594","398","178","models/vlt-donut-deposition-40.gltf"
"vlt-double-wide-01","double-wide","neighborhood","Double-Wide Executive · A1-1","A1-1","Twice the width, one shared marriage seam.","7.32672","3.302179","12.2636","1728","192","84","models/vlt-double-wide-01.gltf"
"vlt-double-wide-02","double-wide","neighborhood","Double-Wide Executive · A2-1","A2-1","Twice the width, one shared marriage seam.","8.44416","3.312817","13.1044","1836","204","96","models/vlt-double-wide-02.gltf"
"vlt-double-wide-03","double-wide","neighborhood","Double-Wide Executive · A3-1","A3-1","Twice the width, one shared marriage seam.","9.78016","3.323455","14.0124","1944","216","108","models/vlt-double-wide-03.gltf"
"vlt-double-wide-04","double-wide","neighborhood","Double-Wide Executive · A4-1","A4-1","Twice the width, one shared marriage seam.","11.21344","3.334093","15.0752","2052","228","120","models/vlt-double-wide-04.gltf"
"vlt-double-wide-05","double-wide","neighborhood","Double-Wide Executive · A5-1","A5-1","Twice the width, one shared marriage seam.","12.744","3.344731","17.16","2052","228","120","models/vlt-double-wide-05.gltf"
"vlt-double-wide-06","double-wide","neighborhood","Double-Wide Executive · B1-1","B1-1","Twice the width, one shared marriage seam.","7.32672","3.302179","12.2636","1836","204","84","models/vlt-double-wide-06.gltf"
"vlt-double-wide-07","double-wide","neighborhood","Double-Wide Executive · B2-1","B2-1","Twice the width, one shared marriage seam.","8.44416","3.312817","13.1044","1944","216","96","models/vlt-double-wide-07.gltf"
"vlt-double-wide-08","double-wide","neighborhood","Double-Wide Executive · B3-1","B3-1","Twice the width, one shared marriage seam.","9.78016","3.323455","14.0124","2052","228","108","models/vlt-double-wide-08.gltf"
"vlt-double-wide-09","double-wide","neighborhood","Double-Wide Executive · B4-1","B4-1","Twice the width, one shared marriage seam.","11.21344","3.334093","15.0752","2160","240","120","models/vlt-double-wide-09.gltf"
"vlt-double-wide-10","double-wide","neighborhood","Double-Wide Executive · B5-1","B5-1","Twice the width, one shared marriage seam.","12.744","3.344731","17.16","2160","240","120","models/vlt-double-wide-10.gltf"
"vlt-double-wide-11","double-wide","neighborhood","Double-Wide Executive · C1-1","C1-1","Twice the width, one shared marriage seam.","7.32672","3.302179","12.2636","1944","216","84","models/vlt-double-wide-11.gltf"
"vlt-double-wide-12","double-wide","neighborhood","Double-Wide Executive · C2-1","C2-1","Twice the width, one shared marriage seam.","8.44416","3.312817","13.1044","2052","228","96","models/vlt-double-wide-12.gltf"
"vlt-double-wide-13","double-wide","neighborhood","Double-Wide Executive · C3-1","C3-1","Twice the width, one shared marriage seam.","9.78016","3.323455","14.0124","2160","240","108","models/vlt-double-wide-13.gltf"
"vlt-double-wide-14","double-wide","neighborhood","Double-Wide Executive · C4-1","C4-1","Twice the width, one shared marriage seam.","11.21344","3.334093","15.0752","2268","252","120","models/vlt-double-wide-14.gltf"
"vlt-double-wide-15","double-wide","neighborhood","Double-Wide Executive · C5-1","C5-1","Twice the width, one shared marriage seam.","12.744","3.344731","17.16","2268","252","120","models/vlt-double-wide-15.gltf"
"vlt-double-wide-16","double-wide","neighborhood","Double-Wide Executive · D1-1","D1-1","Twice the width, one shared marriage seam.","7.32672","3.302179","12.2636","2052","228","84","models/vlt-double-wide-16.gltf"
"vlt-double-wide-17","double-wide","neighborhood","Double-Wide Executive · D2-1","D2-1","Twice the width, one shared marriage seam.","8.44416","3.312817","13.1044","2160","240","96","models/vlt-double-wide-17.gltf"
"vlt-double-wide-18","double-wide","neighborhood","Double-Wide Executive · D3-1","D3-1","Twice the width, one shared marriage seam.","9.78016","3.323455","14.0124","2268","252","108","models/vlt-double-wide-18.gltf"
"vlt-double-wide-19","double-wide","neighborhood","Double-Wide Executive · D4-1","D4-1","Twice the width, one shared marriage seam.","11.21344","3.334093","15.0752","2376","264","120","models/vlt-double-wide-19.gltf"
"vlt-double-wide-20","double-wide","neighborhood","Double-Wide Executive · D5-1","D5-1","Twice the width, one shared marriage seam.","12.744","3.344731","17.16","2376","264","120","models/vlt-double-wide-20.gltf"
"vlt-double-wide-21","double-wide","neighborhood","Double-Wide Executive · A1-2","A1-2","Twice the width, one shared marriage seam.","7.32672","3.3928","12.2636","1944","216","84","models/vlt-double-wide-21.gltf"
"vlt-double-wide-22","double-wide","neighborhood","Double-Wide Executive · A2-2","A2-2","Twice the width, one shared marriage seam.","8.44416","3.403975","13.1044","2052","228","96","models/vlt-double-wide-22.gltf"
"vlt-double-wide-23","double-wide","neighborhood","Double-Wide Executive · A3-2","A3-2","Twice the width, one shared marriage seam.","9.78016","3.415151","14.0124","2160","240","108","models/vlt-double-wide-23.gltf"
"vlt-double-wide-24","double-wide","neighborhood","Double-Wide Executive · A4-2","A4-2","Twice the width, one shared marriage seam.","11.21344","3.426326","15.0752","2268","252","120","models/vlt-double-wide-24.gltf"
"vlt-double-wide-25","double-wide","neighborhood","Double-Wide Executive · A5-2","A5-2","Twice the width, one shared marriage seam.","12.744","3.437501","17.16","2268","252","120","models/vlt-double-wide-25.gltf"
"vlt-double-wide-26","double-wide","neighborhood","Double-Wide Executive · B1-2","B1-2","Twice the width, one shared marriage seam.","7.32672","3.3928","12.2636","2052","228","84","models/vlt-double-wide-26.gltf"
"vlt-double-wide-27","double-wide","neighborhood","Double-Wide Executive · B2-2","B2-2","Twice the width, one shared marriage seam.","8.44416","3.403975","13.1044","2160","240","96","models/vlt-double-wide-27.gltf"
"vlt-double-wide-28","double-wide","neighborhood","Double-Wide Executive · B3-2","B3-2","Twice the width, one shared marriage seam.","9.78016","3.415151","14.0124","2268","252","108","models/vlt-double-wide-28.gltf"
"vlt-double-wide-29","double-wide","neighborhood","Double-Wide Executive · B4-2","B4-2","Twice the width, one shared marriage seam.","11.21344","3.426326","15.0752","2376","264","120","models/vlt-double-wide-29.gltf"
"vlt-double-wide-30","double-wide","neighborhood","Double-Wide Executive · B5-2","B5-2","Twice the width, one shared marriage seam.","12.744","3.437501","17.16","2376","264","120","models/vlt-double-wide-30.gltf"
"vlt-double-wide-31","double-wide","neighborhood","Double-Wide Executive · C1-2","C1-2","Twice the width, one shared marriage seam.","7.32672","3.3928","12.2636","2160","240","84","models/vlt-double-wide-31.gltf"
"vlt-double-wide-32","double-wide","neighborhood","Double-Wide Executive · C2-2","C2-2","Twice the width, one shared marriage seam.","8.44416","3.403975","13.1044","2268","252","96","models/vlt-double-wide-32.gltf"
"vlt-double-wide-33","double-wide","neighborhood","Double-Wide Executive · C3-2","C3-2","Twice the width, one shared marriage seam.","9.78016","3.415151","14.0124","2376","264","108","models/vlt-double-wide-33.gltf"
"vlt-double-wide-34","double-wide","neighborhood","Double-Wide Executive · C4-2","C4-2","Twice the width, one shared marriage seam.","11.21344","3.426326","15.0752","2484","276","120","models/vlt-double-wide-34.gltf"
"vlt-double-wide-35","double-wide","neighborhood","Double-Wide Executive · C5-2","C5-2","Twice the width, one shared marriage seam.","12.744","3.437501","17.16","2484","276","120","models/vlt-double-wide-35.gltf"
"vlt-double-wide-36","double-wide","neighborhood","Double-Wide Executive · D1-2","D1-2","Twice the width, one shared marriage seam.","7.32672","3.3928","12.2636","2268","252","84","models/vlt-double-wide-36.gltf"
"vlt-double-wide-37","double-wide","neighborhood","Double-Wide Executive · D2-2","D2-2","Twice the width, one shared marriage seam.","8.44416","3.403975","13.1044","2376","264","96","models/vlt-double-wide-37.gltf"
"vlt-double-wide-38","double-wide","neighborhood","Double-Wide Executive · D3-2","D3-2","Twice the width, one shared marriage seam.","9.78016","3.415151","14.0124","2484","276","108","models/vlt-double-wide-38.gltf"
"vlt-double-wide-39","double-wide","neighborhood","Double-Wide Executive · D4-2","D4-2","Twice the width, one shared marriage seam.","11.21344","3.426326","15.0752","2592","288","120","models/vlt-double-wide-39.gltf"
"vlt-double-wide-40","double-wide","neighborhood","Double-Wide Executive · D5-2","D5-2","Twice the width, one shared marriage seam.","12.744","3.437501","17.16","2592","288","120","models/vlt-double-wide-40.gltf"
"vlt-express-lane-gantry-01","express-lane-gantry","infrastructure","Express Lane Gantry · A1-1","A1-1","Congestion is a subscription opportunity.","13.02","6.34","3.884","868","172","124","models/vlt-express-lane-gantry-01.gltf"
"vlt-express-lane-gantry-02","express-lane-gantry","infrastructure","Express Lane Gantry · A2-1","A2-1","Congestion is a subscription opportunity.","16.87556","6.34","3.884","946","210","124","models/vlt-express-lane-gantry-02.gltf"
"vlt-express-lane-gantry-03","express-lane-gantry","infrastructure","Express Lane Gantry · A3-1","A3-1","Congestion is a subscription opportunity.","21.21668","6.34","3.884","1024","248","124","models/vlt-express-lane-gantry-03.gltf"
"vlt-express-lane-gantry-04","express-lane-gantry","infrastructure","Express Lane Gantry · A4-1","A4-1","Congestion is a subscription opportunity.","26.09152","6.34","3.884","1102","286","124","models/vlt-express-lane-gantry-04.gltf"
"vlt-express-lane-gantry-05","express-lane-gantry","infrastructure","Express Lane Gantry · A5-1","A5-1","Congestion is a subscription opportunity.","31.4496","6.34","3.884","1180","324","124","models/vlt-express-lane-gantry-05.gltf"
"vlt-express-lane-gantry-06","express-lane-gantry","infrastructure","Express Lane Gantry · B1-1","B1-1","Congestion is a subscription opportunity.","13.08","6.69","3.974","932","196","124","models/vlt-express-lane-gantry-06.gltf"
"vlt-express-lane-gantry-07","express-lane-gantry","infrastructure","Express Lane Gantry · B2-1","B2-1","Congestion is a subscription opportunity.","16.93556","6.69","3.974","1010","234","124","models/vlt-express-lane-gantry-07.gltf"
"vlt-express-lane-gantry-08","express-lane-gantry","infrastructure","Express Lane Gantry · B3-1","B3-1","Congestion is a subscription opportunity.","21.27668","6.69","3.974","1088","272","124","models/vlt-express-lane-gantry-08.gltf"
"vlt-express-lane-gantry-09","express-lane-gantry","infrastructure","Express Lane Gantry · B4-1","B4-1","Congestion is a subscription opportunity.","26.09152","6.69","3.974","1166","310","124","models/vlt-express-lane-gantry-09.gltf"
"vlt-express-lane-gantry-10","express-lane-gantry","infrastructure","Express Lane Gantry · B5-1","B5-1","Congestion is a subscription opportunity.","31.4496","6.69","3.974","1244","348","124","models/vlt-express-lane-gantry-10.gltf"
"vlt-express-lane-gantry-11","express-lane-gantry","infrastructure","Express Lane Gantry · C1-1","C1-1","Congestion is a subscription opportunity.","13.14","7.04","4.064","996","220","124","models/vlt-express-lane-gantry-11.gltf"
"vlt-express-lane-gantry-12","express-lane-gantry","infrastructure","Express Lane Gantry · C2-1","C2-1","Congestion is a subscription opportunity.","16.99556","7.04","4.064","1074","258","124","models/vlt-express-lane-gantry-12.gltf"
"vlt-express-lane-gantry-13","express-lane-gantry","infrastructure","Express Lane Gantry · C3-1","C3-1","Congestion is a subscription opportunity.","21.33668","7.04","4.064","1152","296","124","models/vlt-express-lane-gantry-13.gltf"
"vlt-express-lane-gantry-14","express-lane-gantry","infrastructure","Express Lane Gantry · C4-1","C4-1","Congestion is a subscription opportunity.","26.13476","7.04","4.064","1230","334","124","models/vlt-express-lane-gantry-14.gltf"
"vlt-express-lane-gantry-15","express-lane-gantry","infrastructure","Express Lane Gantry · C5-1","C5-1","Congestion is a subscription opportunity.","31.4496","7.04","4.064","1308","372","124","models/vlt-express-lane-gantry-15.gltf"
"vlt-express-lane-gantry-16","express-lane-gantry","infrastructure","Express Lane Gantry · D1-1","D1-1","Congestion is a subscription opportunity.","13.2","7.39","4.154","1060","244","124","models/vlt-express-lane-gantry-16.gltf"
"vlt-express-lane-gantry-17","express-lane-gantry","infrastructure","Express Lane Gantry · D2-1","D2-1","Congestion is a subscription opportunity.","17.05556","7.39","4.154","1138","282","124","models/vlt-express-lane-gantry-17.gltf"
"vlt-express-lane-gantry-18","express-lane-gantry","infrastructure","Express Lane Gantry · D3-1","D3-1","Congestion is a subscription opportunity.","21.39668","7.39","4.154","1216","320","124","models/vlt-express-lane-gantry-18.gltf"
"vlt-express-lane-gantry-19","express-lane-gantry","infrastructure","Express Lane Gantry · D4-1","D4-1","Congestion is a subscription opportunity.","26.19476","7.39","4.154","1294","358","124","models/vlt-express-lane-gantry-19.gltf"
"vlt-express-lane-gantry-20","express-lane-gantry","infrastructure","Express Lane Gantry · D5-1","D5-1","Congestion is a subscription opportunity.","31.4498","7.39","4.154","1372","396","124","models/vlt-express-lane-gantry-20.gltf"
"vlt-express-lane-gantry-21","express-lane-gantry","infrastructure","Express Lane Gantry · A1-2","A1-2","Congestion is a subscription opportunity.","13.02","6.34","3.953","1084","196","136","models/vlt-express-lane-gantry-21.gltf"
"vlt-express-lane-gantry-22","express-lane-gantry","infrastructure","Express Lane Gantry · A2-2","A2-2","Congestion is a subscription opportunity.","16.87556","6.34","3.953","1162","234","136","models/vlt-express-lane-gantry-22.gltf"
"vlt-express-lane-gantry-23","express-lane-gantry","infrastructure","Express Lane Gantry · A3-2","A3-2","Congestion is a subscription opportunity.","21.21668","6.34","3.953","1240","272","136","models/vlt-express-lane-gantry-23.gltf"
"vlt-express-lane-gantry-24","express-lane-gantry","infrastructure","Express Lane Gantry · A4-2","A4-2","Congestion is a subscription opportunity.","26.09152","6.34","3.953","1318","310","136","models/vlt-express-lane-gantry-24.gltf"
"vlt-express-lane-gantry-25","express-lane-gantry","infrastructure","Express Lane Gantry · A5-2","A5-2","Congestion is a subscription opportunity.","31.4496","6.34","3.953","1396","348","136","models/vlt-express-lane-gantry-25.gltf"
"vlt-express-lane-gantry-26","express-lane-gantry","infrastructure","Express Lane Gantry · B1-2","B1-2","Congestion is a subscription opportunity.","13.08","6.69","4.043","1148","220","136","models/vlt-express-lane-gantry-26.gltf"
"vlt-express-lane-gantry-27","express-lane-gantry","infrastructure","Express Lane Gantry · B2-2","B2-2","Congestion is a subscription opportunity.","16.93556","6.69","4.043","1226","258","136","models/vlt-express-lane-gantry-27.gltf"
"vlt-express-lane-gantry-28","express-lane-gantry","infrastructure","Express Lane Gantry · B3-2","B3-2","Congestion is a subscription opportunity.","21.27668","6.69","4.043","1304","296","136","models/vlt-express-lane-gantry-28.gltf"
"vlt-express-lane-gantry-29","express-lane-gantry","infrastructure","Express Lane Gantry · B4-2","B4-2","Congestion is a subscription opportunity.","26.09152","6.69","4.043","1382","334","136","models/vlt-express-lane-gantry-29.gltf"
"vlt-express-lane-gantry-30","express-lane-gantry","infrastructure","Express Lane Gantry · B5-2","B5-2","Congestion is a subscription opportunity.","31.4496","6.69","4.043","1460","372","136","models/vlt-express-lane-gantry-30.gltf"
"vlt-express-lane-gantry-31","express-lane-gantry","infrastructure","Express Lane Gantry · C1-2","C1-2","Congestion is a subscription opportunity.","13.14","7.04","4.178456","1212","244","136","models/vlt-express-lane-gantry-31.gltf"
"vlt-express-lane-gantry-32","express-lane-gantry","infrastructure","Express Lane Gantry · C2-2","C2-2","Congestion is a subscription opportunity.","16.99556","7.04","4.178456","1290","282","136","models/vlt-express-lane-gantry-32.gltf"
"vlt-express-lane-gantry-33","express-lane-gantry","infrastructure","Express Lane Gantry · C3-2","C3-2","Congestion is a subscription opportunity.","21.33668","7.04","4.178456","1368","320","136","models/vlt-express-lane-gantry-33.gltf"
"vlt-express-lane-gantry-34","express-lane-gantry","infrastructure","Express Lane Gantry · C4-2","C4-2","Congestion is a subscription opportunity.","26.13476","7.04","4.178456","1446","358","136","models/vlt-express-lane-gantry-34.gltf"
"vlt-express-lane-gantry-35","express-lane-gantry","infrastructure","Express Lane Gantry · C5-2","C5-2","Congestion is a subscription opportunity.","31.4496","7.04","4.178456","1524","396","136","models/vlt-express-lane-gantry-35.gltf"
"vlt-express-lane-gantry-36","express-lane-gantry","infrastructure","Express Lane Gantry · D1-2","D1-2","Congestion is a subscription opportunity.","13.2","7.39","4.307605","1276","268","136","models/vlt-express-lane-gantry-36.gltf"
"vlt-express-lane-gantry-37","express-lane-gantry","infrastructure","Express Lane Gantry · D2-2","D2-2","Congestion is a subscription opportunity.","17.05556","7.39","4.307605","1354","306","136","models/vlt-express-lane-gantry-37.gltf"
"vlt-express-lane-gantry-38","express-lane-gantry","infrastructure","Express Lane Gantry · D3-2","D3-2","Congestion is a subscription opportunity.","21.39668","7.39","4.307605","1432","344","136","models/vlt-express-lane-gantry-38.gltf"
"vlt-express-lane-gantry-39","express-lane-gantry","infrastructure","Express Lane Gantry · D4-2","D4-2","Congestion is a subscription opportunity.","26.19476","7.39","4.307605","1510","382","136","models/vlt-express-lane-gantry-39.gltf"
"vlt-express-lane-gantry-40","express-lane-gantry","infrastructure","Express Lane Gantry · D5-2","D5-2","Congestion is a subscription opportunity.","31.4498","7.39","4.307605","1588","420","136","models/vlt-express-lane-gantry-40.gltf"
"vlt-fiber-hut-01","fiber-hut","infrastructure","Broadband Promise Hut · A1-1","A1-1","Gigabit ribbon-cutting; dial-up construction schedule.","4.95","4.45","4.265","1794","530","134","models/vlt-fiber-hut-01.gltf"
"vlt-fiber-hut-02","fiber-hut","infrastructure","Broadband Promise Hut · A2-1","A2-1","Gigabit ribbon-cutting; dial-up construction schedule.","5.734","4.45","4.585","1966","566","134","models/vlt-fiber-hut-02.gltf"
"vlt-fiber-hut-03","fiber-hut","infrastructure","Broadband Promise Hut · A3-1","A3-1","Gigabit ribbon-cutting; dial-up construction schedule.","6.582","4.45","4.905","2138","602","134","models/vlt-fiber-hut-03.gltf"
"vlt-fiber-hut-04","fiber-hut","infrastructure","Broadband Promise Hut · A4-1","A4-1","Gigabit ribbon-cutting; dial-up construction schedule.","7.50788","4.45","5.225","2310","638","134","models/vlt-fiber-hut-04.gltf"
"vlt-fiber-hut-05","fiber-hut","infrastructure","Broadband Promise Hut · A5-1","A5-1","Gigabit ribbon-cutting; dial-up construction schedule.","8.5034","4.45","5.545","2482","674","134","models/vlt-fiber-hut-05.gltf"
"vlt-fiber-hut-06","fiber-hut","infrastructure","Broadband Promise Hut · B1-1","B1-1","Gigabit ribbon-cutting; dial-up construction schedule.","5.01","4.54","4.663","2242","722","134","models/vlt-fiber-hut-06.gltf"
"vlt-fiber-hut-07","fiber-hut","infrastructure","Broadband Promise Hut · B2-1","B2-1","Gigabit ribbon-cutting; dial-up construction schedule.","5.794","4.54","5.011","2414","758","134","models/vlt-fiber-hut-07.gltf"
"vlt-fiber-hut-08","fiber-hut","infrastructure","Broadband Promise Hut · B3-1","B3-1","Gigabit ribbon-cutting; dial-up construction schedule.","6.642","4.54","5.359","2586","794","134","models/vlt-fiber-hut-08.gltf"
"vlt-fiber-hut-09","fiber-hut","infrastructure","Broadband Promise Hut · B4-1","B4-1","Gigabit ribbon-cutting; dial-up construction schedule.","7.56788","4.54","5.707","2758","830","134","models/vlt-fiber-hut-09.gltf"
"vlt-fiber-hut-10","fiber-hut","infrastructure","Broadband Promise Hut · B5-1","B5-1","Gigabit ribbon-cutting; dial-up construction schedule.","8.5634","4.54","6.055","2930","866","134","models/vlt-fiber-hut-10.gltf"
"vlt-fiber-hut-11","fiber-hut","infrastructure","Broadband Promise Hut · C1-1","C1-1","Gigabit ribbon-cutting; dial-up construction schedule.","5.07","4.63","5.061","2690","914","134","models/vlt-fiber-hut-11.gltf"
"vlt-fiber-hut-12","fiber-hut","infrastructure","Broadband Promise Hut · C2-1","C2-1","Gigabit ribbon-cutting; dial-up construction schedule.","5.854","4.63","5.437","2862","950","134","models/vlt-fiber-hut-12.gltf"
"vlt-fiber-hut-13","fiber-hut","infrastructure","Broadband Promise Hut · C3-1","C3-1","Gigabit ribbon-cutting; dial-up construction schedule.","6.702","4.63","5.813","3034","986","134","models/vlt-fiber-hut-13.gltf"
"vlt-fiber-hut-14","fiber-hut","infrastructure","Broadband Promise Hut · C4-1","C4-1","Gigabit ribbon-cutting; dial-up construction schedule.","7.62788","4.63","6.189","3206","1022","134","models/vlt-fiber-hut-14.gltf"
"vlt-fiber-hut-15","fiber-hut","infrastructure","Broadband Promise Hut · C5-1","C5-1","Gigabit ribbon-cutting; dial-up construction schedule.","8.6234","4.63","6.565","3378","1058","134","models/vlt-fiber-hut-15.gltf"
"vlt-fiber-hut-16","fiber-hut","infrastructure","Broadband Promise Hut · D1-1","D1-1","Gigabit ribbon-cutting; dial-up construction schedule.","5.13","4.72","5.459","3138","1106","134","models/vlt-fiber-hut-16.gltf"
"vlt-fiber-hut-17","fiber-hut","infrastructure","Broadband Promise Hut · D2-1","D2-1","Gigabit ribbon-cutting; dial-up construction schedule.","5.914","4.72","5.863","3310","1142","134","models/vlt-fiber-hut-17.gltf"
"vlt-fiber-hut-18","fiber-hut","infrastructure","Broadband Promise Hut · D3-1","D3-1","Gigabit ribbon-cutting; dial-up construction schedule.","6.762","4.72","6.267","3482","1178","134","models/vlt-fiber-hut-18.gltf"
"vlt-fiber-hut-19","fiber-hut","infrastructure","Broadband Promise Hut · D4-1","D4-1","Gigabit ribbon-cutting; dial-up construction schedule.","7.68788","4.72","6.671","3654","1214","134","models/vlt-fiber-hut-19.gltf"
"vlt-fiber-hut-20","fiber-hut","infrastructure","Broadband Promise Hut · D5-1","D5-1","Gigabit ribbon-cutting; dial-up construction schedule.","8.6834","4.72","7.075","3826","1250","134","models/vlt-fiber-hut-20.gltf"
"vlt-fiber-hut-21","fiber-hut","infrastructure","Broadband Promise Hut · A1-2","A1-2","Gigabit ribbon-cutting; dial-up construction schedule.","4.95","4.45","4.265","2010","554","146","models/vlt-fiber-hut-21.gltf"
"vlt-fiber-hut-22","fiber-hut","infrastructure","Broadband Promise Hut · A2-2","A2-2","Gigabit ribbon-cutting; dial-up construction schedule.","5.734","4.45","4.585","2182","590","146","models/vlt-fiber-hut-22.gltf"
"vlt-fiber-hut-23","fiber-hut","infrastructure","Broadband Promise Hut · A3-2","A3-2","Gigabit ribbon-cutting; dial-up construction schedule.","6.582","4.45","4.905","2354","626","146","models/vlt-fiber-hut-23.gltf"
"vlt-fiber-hut-24","fiber-hut","infrastructure","Broadband Promise Hut · A4-2","A4-2","Gigabit ribbon-cutting; dial-up construction schedule.","7.50788","4.45","5.225","2526","662","146","models/vlt-fiber-hut-24.gltf"
"vlt-fiber-hut-25","fiber-hut","infrastructure","Broadband Promise Hut · A5-2","A5-2","Gigabit ribbon-cutting; dial-up construction schedule.","8.5034","4.45","5.545","2698","698","146","models/vlt-fiber-hut-25.gltf"
"vlt-fiber-hut-26","fiber-hut","infrastructure","Broadband Promise Hut · B1-2","B1-2","Gigabit ribbon-cutting; dial-up construction schedule.","5.01","4.54","4.663","2458","746","146","models/vlt-fiber-hut-26.gltf"
"vlt-fiber-hut-27","fiber-hut","infrastructure","Broadband Promise Hut · B2-2","B2-2","Gigabit ribbon-cutting; dial-up construction schedule.","5.794","4.54","5.011","2630","782","146","models/vlt-fiber-hut-27.gltf"
"vlt-fiber-hut-28","fiber-hut","infrastructure","Broadband Promise Hut · B3-2","B3-2","Gigabit ribbon-cutting; dial-up construction schedule.","6.642","4.54","5.359","2802","818","146","models/vlt-fiber-hut-28.gltf"
"vlt-fiber-hut-29","fiber-hut","infrastructure","Broadband Promise Hut · B4-2","B4-2","Gigabit ribbon-cutting; dial-up construction schedule.","7.56788","4.54","5.707","2974","854","146","models/vlt-fiber-hut-29.gltf"
"vlt-fiber-hut-30","fiber-hut","infrastructure","Broadband Promise Hut · B5-2","B5-2","Gigabit ribbon-cutting; dial-up construction schedule.","8.5634","4.54","6.055","3146","890","146","models/vlt-fiber-hut-30.gltf"
"vlt-fiber-hut-31","fiber-hut","infrastructure","Broadband Promise Hut · C1-2","C1-2","Gigabit ribbon-cutting; dial-up construction schedule.","5.07","4.63","5.061","2906","938","146","models/vlt-fiber-hut-31.gltf"
"vlt-fiber-hut-32","fiber-hut","infrastructure","Broadband Promise Hut · C2-2","C2-2","Gigabit ribbon-cutting; dial-up construction schedule.","5.854","4.63","5.437","3078","974","146","models/vlt-fiber-hut-32.gltf"
"vlt-fiber-hut-33","fiber-hut","infrastructure","Broadband Promise Hut · C3-2","C3-2","Gigabit ribbon-cutting; dial-up construction schedule.","6.702","4.63","5.813","3250","1010","146","models/vlt-fiber-hut-33.gltf"
"vlt-fiber-hut-34","fiber-hut","infrastructure","Broadband Promise Hut · C4-2","C4-2","Gigabit ribbon-cutting; dial-up construction schedule.","7.62788","4.63","6.189","3422","1046","146","models/vlt-fiber-hut-34.gltf"
"vlt-fiber-hut-35","fiber-hut","infrastructure","Broadband Promise Hut · C5-2","C5-2","Gigabit ribbon-cutting; dial-up construction schedule.","8.6234","4.63","6.565","3594","1082","146","models/vlt-fiber-hut-35.gltf"
"vlt-fiber-hut-36","fiber-hut","infrastructure","Broadband Promise Hut · D1-2","D1-2","Gigabit ribbon-cutting; dial-up construction schedule.","5.13","4.72","5.476965","3354","1130","146","models/vlt-fiber-hut-36.gltf"
"vlt-fiber-hut-37","fiber-hut","infrastructure","Broadband Promise Hut · D2-2","D2-2","Gigabit ribbon-cutting; dial-up construction schedule.","5.914","4.72","5.863","3526","1166","146","models/vlt-fiber-hut-37.gltf"
"vlt-fiber-hut-38","fiber-hut","infrastructure","Broadband Promise Hut · D3-2","D3-2","Gigabit ribbon-cutting; dial-up construction schedule.","6.762","4.72","6.267","3698","1202","146","models/vlt-fiber-hut-38.gltf"
"vlt-fiber-hut-39","fiber-hut","infrastructure","Broadband Promise Hut · D4-2","D4-2","Gigabit ribbon-cutting; dial-up construction schedule.","7.68788","4.72","6.671","3870","1238","146","models/vlt-fiber-hut-39.gltf"
"vlt-fiber-hut-40","fiber-hut","infrastructure","Broadband Promise Hut · D5-2","D5-2","Gigabit ribbon-cutting; dial-up construction schedule.","8.6834","4.72","7.075","4042","1274","146","models/vlt-fiber-hut-40.gltf"
"vlt-five-acre-ranchette-01","five-acre-ranchette","neighborhood","Five-Acre Ranchette · A1-1","A1-1","Agricultural heritage expressed as lawn maintenance.","18.16","4.949162","15.84","1866","230","170","models/vlt-five-acre-ranchette-01.gltf"
"vlt-five-acre-ranchette-02","five-acre-ranchette","neighborhood","Five-Acre Ranchette · A2-1","A2-1","Agricultural heritage expressed as lawn maintenance.","21.12","5.073024","17.28","1974","230","170","models/vlt-five-acre-ranchette-02.gltf"
"vlt-five-acre-ranchette-03","five-acre-ranchette","neighborhood","Five-Acre Ranchette · A3-1","A3-1","Agricultural heritage expressed as lawn maintenance.","24.96","5.196886","18.72","2082","230","170","models/vlt-five-acre-ranchette-03.gltf"
"vlt-five-acre-ranchette-04","five-acre-ranchette","neighborhood","Five-Acre Ranchette · A4-1","A4-1","Agricultural heritage expressed as lawn maintenance.","29.12","5.320749","20.16","2190","230","170","models/vlt-five-acre-ranchette-04.gltf"
"vlt-five-acre-ranchette-05","five-acre-ranchette","neighborhood","Five-Acre Ranchette · A5-1","A5-1","Agricultural heritage expressed as lawn maintenance.","33.6","5.444611","21.6","2298","230","170","models/vlt-five-acre-ranchette-05.gltf"
"vlt-five-acre-ranchette-06","five-acre-ranchette","neighborhood","Five-Acre Ranchette · B1-1","B1-1","Agricultural heritage expressed as lawn maintenance.","18.16","4.949162","17.6","1974","242","170","models/vlt-five-acre-ranchette-06.gltf"
"vlt-five-acre-ranchette-07","five-acre-ranchette","neighborhood","Five-Acre Ranchette · B2-1","B2-1","Agricultural heritage expressed as lawn maintenance.","21.12","5.073024","19.2","2082","242","170","models/vlt-five-acre-ranchette-07.gltf"
"vlt-five-acre-ranchette-08","five-acre-ranchette","neighborhood","Five-Acre Ranchette · B3-1","B3-1","Agricultural heritage expressed as lawn maintenance.","24.96","5.196886","20.8","2190","242","170","models/vlt-five-acre-ranchette-08.gltf"
"vlt-five-acre-ranchette-09","five-acre-ranchette","neighborhood","Five-Acre Ranchette · B4-1","B4-1","Agricultural heritage expressed as lawn maintenance.","29.12","5.320749","22.4","2298","242","170","models/vlt-five-acre-ranchette-09.gltf"
"vlt-five-acre-ranchette-10","five-acre-ranchette","neighborhood","Five-Acre Ranchette · B5-1","B5-1","Agricultural heritage expressed as lawn maintenance.","33.6","5.444611","24","2406","242","170","models/vlt-five-acre-ranchette-10.gltf"
"vlt-five-acre-ranchette-11","five-acre-ranchette","neighborhood","Five-Acre Ranchette · C1-1","C1-1","Agricultural heritage expressed as lawn maintenance.","18.16","4.949162","19.36","2082","254","170","models/vlt-five-acre-ranchette-11.gltf"
"vlt-five-acre-ranchette-12","five-acre-ranchette","neighborhood","Five-Acre Ranchette · C2-1","C2-1","Agricultural heritage expressed as lawn maintenance.","21.12","5.073024","21.12","2190","254","170","models/vlt-five-acre-ranchette-12.gltf"
"vlt-five-acre-ranchette-13","five-acre-ranchette","neighborhood","Five-Acre Ranchette · C3-1","C3-1","Agricultural heritage expressed as lawn maintenance.","24.96","5.196886","22.88","2298","254","170","models/vlt-five-acre-ranchette-13.gltf"
"vlt-five-acre-ranchette-14","five-acre-ranchette","neighborhood","Five-Acre Ranchette · C4-1","C4-1","Agricultural heritage expressed as lawn maintenance.","29.12","5.320749","24.64","2406","254","170","models/vlt-five-acre-ranchette-14.gltf"
"vlt-five-acre-ranchette-15","five-acre-ranchette","neighborhood","Five-Acre Ranchette · C5-1","C5-1","Agricultural heritage expressed as lawn maintenance.","33.6","5.444611","26.4","2514","254","170","models/vlt-five-acre-ranchette-15.gltf"
"vlt-five-acre-ranchette-16","five-acre-ranchette","neighborhood","Five-Acre Ranchette · D1-1","D1-1","Agricultural heritage expressed as lawn maintenance.","18.16","4.949162","21.12","2190","266","170","models/vlt-five-acre-ranchette-16.gltf"
"vlt-five-acre-ranchette-17","five-acre-ranchette","neighborhood","Five-Acre Ranchette · D2-1","D2-1","Agricultural heritage expressed as lawn maintenance.","21.12","5.073024","23.04","2298","266","170","models/vlt-five-acre-ranchette-17.gltf"
"vlt-five-acre-ranchette-18","five-acre-ranchette","neighborhood","Five-Acre Ranchette · D3-1","D3-1","Agricultural heritage expressed as lawn maintenance.","24.96","5.196886","24.96","2406","266","170","models/vlt-five-acre-ranchette-18.gltf"
"vlt-five-acre-ranchette-19","five-acre-ranchette","neighborhood","Five-Acre Ranchette · D4-1","D4-1","Agricultural heritage expressed as lawn maintenance.","29.12","5.320749","26.88","2514","266","170","models/vlt-five-acre-ranchette-19.gltf"
"vlt-five-acre-ranchette-20","five-acre-ranchette","neighborhood","Five-Acre Ranchette · D5-1","D5-1","Agricultural heritage expressed as lawn maintenance.","33.6","5.444611","28.8","2622","266","170","models/vlt-five-acre-ranchette-20.gltf"
"vlt-five-acre-ranchette-21","five-acre-ranchette","neighborhood","Five-Acre Ranchette · A1-2","A1-2","Agricultural heritage expressed as lawn maintenance.","18.16","5.078992","15.84","1866","230","170","models/vlt-five-acre-ranchette-21.gltf"
"vlt-five-acre-ranchette-22","five-acre-ranchette","neighborhood","Five-Acre Ranchette · A2-2","A2-2","Agricultural heritage expressed as lawn maintenance.","21.12","5.202683","17.28","1974","230","170","models/vlt-five-acre-ranchette-22.gltf"
"vlt-five-acre-ranchette-23","five-acre-ranchette","neighborhood","Five-Acre Ranchette · A3-2","A3-2","Agricultural heritage expressed as lawn maintenance.","24.96","5.326373","18.72","2082","230","170","models/vlt-five-acre-ranchette-23.gltf"
"vlt-five-acre-ranchette-24","five-acre-ranchette","neighborhood","Five-Acre Ranchette · A4-2","A4-2","Agricultural heritage expressed as lawn maintenance.","29.12","5.450065","20.16","2190","230","170","models/vlt-five-acre-ranchette-24.gltf"
"vlt-five-acre-ranchette-25","five-acre-ranchette","neighborhood","Five-Acre Ranchette · A5-2","A5-2","Agricultural heritage expressed as lawn maintenance.","33.6","5.573755","21.6","2298","230","170","models/vlt-five-acre-ranchette-25.gltf"
"vlt-five-acre-ranchette-26","five-acre-ranchette","neighborhood","Five-Acre Ranchette · B1-2","B1-2","Agricultural heritage expressed as lawn maintenance.","18.16","5.094729","17.6","1974","242","170","models/vlt-five-acre-ranchette-26.gltf"
"vlt-five-acre-ranchette-27","five-acre-ranchette","neighborhood","Five-Acre Ranchette · B2-2","B2-2","Agricultural heritage expressed as lawn maintenance.","21.12","5.21842","19.2","2082","242","170","models/vlt-five-acre-ranchette-27.gltf"
"vlt-five-acre-ranchette-28","five-acre-ranchette","neighborhood","Five-Acre Ranchette · B3-2","B3-2","Agricultural heritage expressed as lawn maintenance.","24.96","5.34211","20.8","2190","242","170","models/vlt-five-acre-ranchette-28.gltf"
"vlt-five-acre-ranchette-29","five-acre-ranchette","neighborhood","Five-Acre Ranchette · B4-2","B4-2","Agricultural heritage expressed as lawn maintenance.","29.12","5.465802","22.4","2298","242","170","models/vlt-five-acre-ranchette-29.gltf"
"vlt-five-acre-ranchette-30","five-acre-ranchette","neighborhood","Five-Acre Ranchette · B5-2","B5-2","Agricultural heritage expressed as lawn maintenance.","33.6","5.589493","24","2406","242","170","models/vlt-five-acre-ranchette-30.gltf"
"vlt-five-acre-ranchette-31","five-acre-ranchette","neighborhood","Five-Acre Ranchette · C1-2","C1-2","Agricultural heritage expressed as lawn maintenance.","18.16","5.110466","19.36","2082","254","170","models/vlt-five-acre-ranchette-31.gltf"
"vlt-five-acre-ranchette-32","five-acre-ranchette","neighborhood","Five-Acre Ranchette · C2-2","C2-2","Agricultural heritage expressed as lawn maintenance.","21.12","5.234157","21.12","2190","254","170","models/vlt-five-acre-ranchette-32.gltf"
"vlt-five-acre-ranchette-33","five-acre-ranchette","neighborhood","Five-Acre Ranchette · C3-2","C3-2","Agricultural heritage expressed as lawn maintenance.","24.96","5.357848","22.88","2298","254","170","models/vlt-five-acre-ranchette-33.gltf"
"vlt-five-acre-ranchette-34","five-acre-ranchette","neighborhood","Five-Acre Ranchette · C4-2","C4-2","Agricultural heritage expressed as lawn maintenance.","29.12","5.481539","24.64","2406","254","170","models/vlt-five-acre-ranchette-34.gltf"
"vlt-five-acre-ranchette-35","five-acre-ranchette","neighborhood","Five-Acre Ranchette · C5-2","C5-2","Agricultural heritage expressed as lawn maintenance.","33.6","5.60523","26.4","2514","254","170","models/vlt-five-acre-ranchette-35.gltf"
"vlt-five-acre-ranchette-36","five-acre-ranchette","neighborhood","Five-Acre Ranchette · D1-2","D1-2","Agricultural heritage expressed as lawn maintenance.","18.16","5.126204","21.12","2190","266","170","models/vlt-five-acre-ranchette-36.gltf"
"vlt-five-acre-ranchette-37","five-acre-ranchette","neighborhood","Five-Acre Ranchette · D2-2","D2-2","Agricultural heritage expressed as lawn maintenance.","21.12","5.249894","23.04","2298","266","170","models/vlt-five-acre-ranchette-37.gltf"
"vlt-five-acre-ranchette-38","five-acre-ranchette","neighborhood","Five-Acre Ranchette · D3-2","D3-2","Agricultural heritage expressed as lawn maintenance.","24.96","5.373585","24.96","2406","266","170","models/vlt-five-acre-ranchette-38.gltf"
"vlt-five-acre-ranchette-39","five-acre-ranchette","neighborhood","Five-Acre Ranchette · D4-2","D4-2","Agricultural heritage expressed as lawn maintenance.","29.12","5.497276","26.88","2514","266","170","models/vlt-five-acre-ranchette-39.gltf"
"vlt-five-acre-ranchette-40","five-acre-ranchette","neighborhood","Five-Acre Ranchette · D5-2","D5-2","Agricultural heritage expressed as lawn maintenance.","33.6","5.620967","28.8","2622","266","170","models/vlt-five-acre-ranchette-40.gltf"
"vlt-forever-box-storage-01","forever-box-storage","commerce","Forever Box Storage · A1-1","A1-1","First month free; remaining decades build character.","21.56","7.52","18.7636","2422","170","134","models/vlt-forever-box-storage-01.gltf"
"vlt-forever-box-storage-02","forever-box-storage","commerce","Forever Box Storage · A2-1","A2-1","First month free; remaining decades build character.","23.32","7.72","18.7636","2854","170","134","models/vlt-forever-box-storage-02.gltf"
"vlt-forever-box-storage-03","forever-box-storage","commerce","Forever Box Storage · A3-1","A3-1","First month free; remaining decades build character.","25.08","7.92","18.7636","3286","170","134","models/vlt-forever-box-storage-03.gltf"
"vlt-forever-box-storage-04","forever-box-storage","commerce","Forever Box Storage · A4-1","A4-1","First month free; remaining decades build character.","26.84","8.12","18.7636","3718","170","134","models/vlt-forever-box-storage-04.gltf"
"vlt-forever-box-storage-05","forever-box-storage","commerce","Forever Box Storage · A5-1","A5-1","First month free; remaining decades build character.","28.2","8.32","18.7636","4150","170","134","models/vlt-forever-box-storage-05.gltf"
"vlt-forever-box-storage-06","forever-box-storage","commerce","Forever Box Storage · B1-1","B1-1","First month free; remaining decades build character.","21.56","7.52","19.6222","2422","170","134","models/vlt-forever-box-storage-06.gltf"
"vlt-forever-box-storage-07","forever-box-storage","commerce","Forever Box Storage · B2-1","B2-1","First month free; remaining decades build character.","23.32","7.72","19.6222","2854","170","134","models/vlt-forever-box-storage-07.gltf"
"vlt-forever-box-storage-08","forever-box-storage","commerce","Forever Box Storage · B3-1","B3-1","First month free; remaining decades build character.","25.08","7.92","19.6222","3286","170","134","models/vlt-forever-box-storage-08.gltf"
"vlt-forever-box-storage-09","forever-box-storage","commerce","Forever Box Storage · B4-1","B4-1","First month free; remaining decades build character.","26.84","8.12","19.6222","3718","170","134","models/vlt-forever-box-storage-09.gltf"
"vlt-forever-box-storage-10","forever-box-storage","commerce","Forever Box Storage · B5-1","B5-1","First month free; remaining decades build character.","28.2","8.32","19.6222","4150","170","134","models/vlt-forever-box-storage-10.gltf"
"vlt-forever-box-storage-11","forever-box-storage","commerce","Forever Box Storage · C1-1","C1-1","First month free; remaining decades build character.","21.56","7.52","20.4808","2422","170","134","models/vlt-forever-box-storage-11.gltf"
"vlt-forever-box-storage-12","forever-box-storage","commerce","Forever Box Storage · C2-1","C2-1","First month free; remaining decades build character.","23.32","7.72","20.4808","2854","170","134","models/vlt-forever-box-storage-12.gltf"
"vlt-forever-box-storage-13","forever-box-storage","commerce","Forever Box Storage · C3-1","C3-1","First month free; remaining decades build character.","25.08","7.92","20.4808","3286","170","134","models/vlt-forever-box-storage-13.gltf"
"vlt-forever-box-storage-14","forever-box-storage","commerce","Forever Box Storage · C4-1","C4-1","First month free; remaining decades build character.","26.84","8.12","20.4808","3718","170","134","models/vlt-forever-box-storage-14.gltf"
"vlt-forever-box-storage-15","forever-box-storage","commerce","Forever Box Storage · C5-1","C5-1","First month free; remaining decades build character.","28.2","8.32","20.4808","4150","170","134","models/vlt-forever-box-storage-15.gltf"
"vlt-forever-box-storage-16","forever-box-storage","commerce","Forever Box Storage · D1-1","D1-1","First month free; remaining decades build character.","21.56","7.52","21.3394","2422","170","134","models/vlt-forever-box-storage-16.gltf"
"vlt-forever-box-storage-17","forever-box-storage","commerce","Forever Box Storage · D2-1","D2-1","First month free; remaining decades build character.","23.32","7.72","21.3394","2854","170","134","models/vlt-forever-box-storage-17.gltf"
"vlt-forever-box-storage-18","forever-box-storage","commerce","Forever Box Storage · D3-1","D3-1","First month free; remaining decades build character.","25.08","7.92","21.3394","3286","170","134","models/vlt-forever-box-storage-18.gltf"
"vlt-forever-box-storage-19","forever-box-storage","commerce","Forever Box Storage · D4-1","D4-1","First month free; remaining decades build character.","26.84","8.12","21.3394","3718","170","134","models/vlt-forever-box-storage-19.gltf"
"vlt-forever-box-storage-20","forever-box-storage","commerce","Forever Box Storage · D5-1","D5-1","First month free; remaining decades build character.","28.2","8.32","21.3394","4150","170","134","models/vlt-forever-box-storage-20.gltf"
"vlt-forever-box-storage-21","forever-box-storage","commerce","Forever Box Storage · A1-2","A1-2","First month free; remaining decades build character.","21.56","7.52","22.6468","2962","206","146","models/vlt-forever-box-storage-21.gltf"
"vlt-forever-box-storage-22","forever-box-storage","commerce","Forever Box Storage · A2-2","A2-2","First month free; remaining decades build character.","23.32","7.72","22.6468","3394","206","146","models/vlt-forever-box-storage-22.gltf"
"vlt-forever-box-storage-23","forever-box-storage","commerce","Forever Box Storage · A3-2","A3-2","First month free; remaining decades build character.","25.08","7.92","22.6468","3826","206","146","models/vlt-forever-box-storage-23.gltf"
"vlt-forever-box-storage-24","forever-box-storage","commerce","Forever Box Storage · A4-2","A4-2","First month free; remaining decades build character.","26.84","8.12","22.6468","4258","206","146","models/vlt-forever-box-storage-24.gltf"
"vlt-forever-box-storage-25","forever-box-storage","commerce","Forever Box Storage · A5-2","A5-2","First month free; remaining decades build character.","28.2","8.32","22.6468","4690","206","146","models/vlt-forever-box-storage-25.gltf"
"vlt-forever-box-storage-26","forever-box-storage","commerce","Forever Box Storage · B1-2","B1-2","First month free; remaining decades build character.","21.56","7.52","23.6836","2962","206","146","models/vlt-forever-box-storage-26.gltf"
"vlt-forever-box-storage-27","forever-box-storage","commerce","Forever Box Storage · B2-2","B2-2","First month free; remaining decades build character.","23.32","7.72","23.6836","3394","206","146","models/vlt-forever-box-storage-27.gltf"
"vlt-forever-box-storage-28","forever-box-storage","commerce","Forever Box Storage · B3-2","B3-2","First month free; remaining decades build character.","25.08","7.92","23.6836","3826","206","146","models/vlt-forever-box-storage-28.gltf"
"vlt-forever-box-storage-29","forever-box-storage","commerce","Forever Box Storage · B4-2","B4-2","First month free; remaining decades build character.","26.84","8.12","23.6836","4258","206","146","models/vlt-forever-box-storage-29.gltf"
"vlt-forever-box-storage-30","forever-box-storage","commerce","Forever Box Storage · B5-2","B5-2","First month free; remaining decades build character.","28.2","8.32","23.6836","4690","206","146","models/vlt-forever-box-storage-30.gltf"
"vlt-forever-box-storage-31","forever-box-storage","commerce","Forever Box Storage · C1-2","C1-2","First month free; remaining decades build character.","21.56","7.52","24.7204","2962","206","146","models/vlt-forever-box-storage-31.gltf"
"vlt-forever-box-storage-32","forever-box-storage","commerce","Forever Box Storage · C2-2","C2-2","First month free; remaining decades build character.","23.32","7.72","24.7204","3394","206","146","models/vlt-forever-box-storage-32.gltf"
"vlt-forever-box-storage-33","forever-box-storage","commerce","Forever Box Storage · C3-2","C3-2","First month free; remaining decades build character.","25.08","7.92","24.7204","3826","206","146","models/vlt-forever-box-storage-33.gltf"
"vlt-forever-box-storage-34","forever-box-storage","commerce","Forever Box Storage · C4-2","C4-2","First month free; remaining decades build character.","26.84","8.12","24.7204","4258","206","146","models/vlt-forever-box-storage-34.gltf"
"vlt-forever-box-storage-35","forever-box-storage","commerce","Forever Box Storage · C5-2","C5-2","First month free; remaining decades build character.","28.2","8.32","24.7204","4690","206","146","models/vlt-forever-box-storage-35.gltf"
"vlt-forever-box-storage-36","forever-box-storage","commerce","Forever Box Storage · D1-2","D1-2","First month free; remaining decades build character.","21.56","7.52","25.7572","2962","206","146","models/vlt-forever-box-storage-36.gltf"
"vlt-forever-box-storage-37","forever-box-storage","commerce","Forever Box Storage · D2-2","D2-2","First month free; remaining decades build character.","23.32","7.72","25.7572","3394","206","146","models/vlt-forever-box-storage-37.gltf"
"vlt-forever-box-storage-38","forever-box-storage","commerce","Forever Box Storage · D3-2","D3-2","First month free; remaining decades build character.","25.08","7.92","25.7572","3826","206","146","models/vlt-forever-box-storage-38.gltf"
"vlt-forever-box-storage-39","forever-box-storage","commerce","Forever Box Storage · D4-2","D4-2","First month free; remaining decades build character.","26.84","8.12","25.7572","4258","206","146","models/vlt-forever-box-storage-39.gltf"
"vlt-forever-box-storage-40","forever-box-storage","commerce","Forever Box Storage · D5-2","D5-2","First month free; remaining decades build character.","28.2","8.32","25.7572","4690","206","146","models/vlt-forever-box-storage-40.gltf"
"vlt-frankenpine-cell-tower-01","frankenpine-cell-tower","infrastructure","Frankenpine Cell Tower · A1-1","A1-1","Preserving the viewshed one plastic needle at a time.","7.565","14","7.76","3598","326","254","models/vlt-frankenpine-cell-tower-01.gltf"
"vlt-frankenpine-cell-tower-02","frankenpine-cell-tower","infrastructure","Frankenpine Cell Tower · A2-1","A2-1","Preserving the viewshed one plastic needle at a time.","7.565","15.8","7.76","4202","386","254","models/vlt-frankenpine-cell-tower-02.gltf"
"vlt-frankenpine-cell-tower-03","frankenpine-cell-tower","infrastructure","Frankenpine Cell Tower · A3-1","A3-1","Preserving the viewshed one plastic needle at a time.","7.565","17.6","7.76","4806","446","254","models/vlt-frankenpine-cell-tower-03.gltf"
"vlt-frankenpine-cell-tower-04","frankenpine-cell-tower","infrastructure","Frankenpine Cell Tower · A4-1","A4-1","Preserving the viewshed one plastic needle at a time.","7.565","19.4","7.76","5410","506","254","models/vlt-frankenpine-cell-tower-04.gltf"
"vlt-frankenpine-cell-tower-05","frankenpine-cell-tower","infrastructure","Frankenpine Cell Tower · A5-1","A5-1","Preserving the viewshed one plastic needle at a time.","7.565","21.2","7.76","6014","566","254","models/vlt-frankenpine-cell-tower-05.gltf"
"vlt-frankenpine-cell-tower-06","frankenpine-cell-tower","infrastructure","Frankenpine Cell Tower · B1-1","B1-1","Preserving the viewshed one plastic needle at a time.","7.625","14.8","7.85","3706","338","254","models/vlt-frankenpine-cell-tower-06.gltf"
"vlt-frankenpine-cell-tower-07","frankenpine-cell-tower","infrastructure","Frankenpine Cell Tower · B2-1","B2-1","Preserving the viewshed one plastic needle at a time.","7.625","16.6","7.85","4310","398","254","models/vlt-frankenpine-cell-tower-07.gltf"
"vlt-frankenpine-cell-tower-08","frankenpine-cell-tower","infrastructure","Frankenpine Cell Tower · B3-1","B3-1","Preserving the viewshed one plastic needle at a time.","7.625","18.4","7.85","4914","458","254","models/vlt-frankenpine-cell-tower-08.gltf"
"vlt-frankenpine-cell-tower-09","frankenpine-cell-tower","infrastructure","Frankenpine Cell Tower · B4-1","B4-1","Preserving the viewshed one plastic needle at a time.","7.625","20.2","7.85","5518","518","254","models/vlt-frankenpine-cell-tower-09.gltf"
"vlt-frankenpine-cell-tower-10","frankenpine-cell-tower","infrastructure","Frankenpine Cell Tower · B5-1","B5-1","Preserving the viewshed one plastic needle at a time.","7.625","22","7.85","6122","578","254","models/vlt-frankenpine-cell-tower-10.gltf"
"vlt-frankenpine-cell-tower-11","frankenpine-cell-tower","infrastructure","Frankenpine Cell Tower · C1-1","C1-1","Preserving the viewshed one plastic needle at a time.","7.685","15.6","7.94","3814","350","254","models/vlt-frankenpine-cell-tower-11.gltf"
"vlt-frankenpine-cell-tower-12","frankenpine-cell-tower","infrastructure","Frankenpine Cell Tower · C2-1","C2-1","Preserving the viewshed one plastic needle at a time.","7.685","17.4","7.94","4418","410","254","models/vlt-frankenpine-cell-tower-12.gltf"
"vlt-frankenpine-cell-tower-13","frankenpine-cell-tower","infrastructure","Frankenpine Cell Tower · C3-1","C3-1","Preserving the viewshed one plastic needle at a time.","7.685","19.2","7.94","5022","470","254","models/vlt-frankenpine-cell-tower-13.gltf"
"vlt-frankenpine-cell-tower-14","frankenpine-cell-tower","infrastructure","Frankenpine Cell Tower · C4-1","C4-1","Preserving the viewshed one plastic needle at a time.","7.685","21","7.94","5626","530","254","models/vlt-frankenpine-cell-tower-14.gltf"
"vlt-frankenpine-cell-tower-15","frankenpine-cell-tower","infrastructure","Frankenpine Cell Tower · C5-1","C5-1","Preserving the viewshed one plastic needle at a time.","7.685","22.8","7.94","6230","590","254","models/vlt-frankenpine-cell-tower-15.gltf"
"vlt-frankenpine-cell-tower-16","frankenpine-cell-tower","infrastructure","Frankenpine Cell Tower · D1-1","D1-1","Preserving the viewshed one plastic needle at a time.","7.745","16.4","8.03","3922","362","254","models/vlt-frankenpine-cell-tower-16.gltf"
"vlt-frankenpine-cell-tower-17","frankenpine-cell-tower","infrastructure","Frankenpine Cell Tower · D2-1","D2-1","Preserving the viewshed one plastic needle at a time.","7.745","18.2","8.03","4526","422","254","models/vlt-frankenpine-cell-tower-17.gltf"
"vlt-frankenpine-cell-tower-18","frankenpine-cell-tower","infrastructure","Frankenpine Cell Tower · D3-1","D3-1","Preserving the viewshed one plastic needle at a time.","7.745","20","8.03","5130","482","254","models/vlt-frankenpine-cell-tower-18.gltf"
"vlt-frankenpine-cell-tower-19","frankenpine-cell-tower","infrastructure","Frankenpine Cell Tower · D4-1","D4-1","Preserving the viewshed one plastic needle at a time.","7.745","21.8","8.03","5734","542","254","models/vlt-frankenpine-cell-tower-19.gltf"
"vlt-frankenpine-cell-tower-20","frankenpine-cell-tower","infrastructure","Frankenpine Cell Tower · D5-1","D5-1","Preserving the viewshed one plastic needle at a time.","7.745","23.6","8.03","6338","602","254","models/vlt-frankenpine-cell-tower-20.gltf"
"vlt-frankenpine-cell-tower-21","frankenpine-cell-tower","infrastructure","Frankenpine Cell Tower · A1-2","A1-2","Preserving the viewshed one plastic needle at a time.","7.565","14","7.76","3814","350","266","models/vlt-frankenpine-cell-tower-21.gltf"
"vlt-frankenpine-cell-tower-22","frankenpine-cell-tower","infrastructure","Frankenpine Cell Tower · A2-2","A2-2","Preserving the viewshed one plastic needle at a time.","7.565","15.8","7.76","4418","410","266","models/vlt-frankenpine-cell-tower-22.gltf"
"vlt-frankenpine-cell-tower-23","frankenpine-cell-tower","infrastructure","Frankenpine Cell Tower · A3-2","A3-2","Preserving the viewshed one plastic needle at a time.","7.565","17.6","7.76","5022","470","266","models/vlt-frankenpine-cell-tower-23.gltf"
"vlt-frankenpine-cell-tower-24","frankenpine-cell-tower","infrastructure","Frankenpine Cell Tower · A4-2","A4-2","Preserving the viewshed one plastic needle at a time.","7.565","19.4","7.76","5626","530","266","models/vlt-frankenpine-cell-tower-24.gltf"
"vlt-frankenpine-cell-tower-25","frankenpine-cell-tower","infrastructure","Frankenpine Cell Tower · A5-2","A5-2","Preserving the viewshed one plastic needle at a time.","7.565","21.2","7.76","6230","590","266","models/vlt-frankenpine-cell-tower-25.gltf"
"vlt-frankenpine-cell-tower-26","frankenpine-cell-tower","infrastructure","Frankenpine Cell Tower · B1-2","B1-2","Preserving the viewshed one plastic needle at a time.","7.625","14.8","7.85","3922","362","266","models/vlt-frankenpine-cell-tower-26.gltf"
"vlt-frankenpine-cell-tower-27","frankenpine-cell-tower","infrastructure","Frankenpine Cell Tower · B2-2","B2-2","Preserving the viewshed one plastic needle at a time.","7.625","16.6","7.85","4526","422","266","models/vlt-frankenpine-cell-tower-27.gltf"
"vlt-frankenpine-cell-tower-28","frankenpine-cell-tower","infrastructure","Frankenpine Cell Tower · B3-2","B3-2","Preserving the viewshed one plastic needle at a time.","7.625","18.4","7.85","5130","482","266","models/vlt-frankenpine-cell-tower-28.gltf"
"vlt-frankenpine-cell-tower-29","frankenpine-cell-tower","infrastructure","Frankenpine Cell Tower · B4-2","B4-2","Preserving the viewshed one plastic needle at a time.","7.625","20.2","7.85","5734","542","266","models/vlt-frankenpine-cell-tower-29.gltf"
"vlt-frankenpine-cell-tower-30","frankenpine-cell-tower","infrastructure","Frankenpine Cell Tower · B5-2","B5-2","Preserving the viewshed one plastic needle at a time.","7.625","22","7.85","6338","602","266","models/vlt-frankenpine-cell-tower-30.gltf"
"vlt-frankenpine-cell-tower-31","frankenpine-cell-tower","infrastructure","Frankenpine Cell Tower · C1-2","C1-2","Preserving the viewshed one plastic needle at a time.","7.685","15.6","7.94","4030","374","266","models/vlt-frankenpine-cell-tower-31.gltf"
"vlt-frankenpine-cell-tower-32","frankenpine-cell-tower","infrastructure","Frankenpine Cell Tower · C2-2","C2-2","Preserving the viewshed one plastic needle at a time.","7.685","17.4","7.94","4634","434","266","models/vlt-frankenpine-cell-tower-32.gltf"
"vlt-frankenpine-cell-tower-33","frankenpine-cell-tower","infrastructure","Frankenpine Cell Tower · C3-2","C3-2","Preserving the viewshed one plastic needle at a time.","7.685","19.2","7.94","5238","494","266","models/vlt-frankenpine-cell-tower-33.gltf"
"vlt-frankenpine-cell-tower-34","frankenpine-cell-tower","infrastructure","Frankenpine Cell Tower · C4-2","C4-2","Preserving the viewshed one plastic needle at a time.","7.685","21","7.94","5842","554","266","models/vlt-frankenpine-cell-tower-34.gltf"
"vlt-frankenpine-cell-tower-35","frankenpine-cell-tower","infrastructure","Frankenpine Cell Tower · C5-2","C5-2","Preserving the viewshed one plastic needle at a time.","7.685","22.8","7.94","6446","614","266","models/vlt-frankenpine-cell-tower-35.gltf"
"vlt-frankenpine-cell-tower-36","frankenpine-cell-tower","infrastructure","Frankenpine Cell Tower · D1-2","D1-2","Preserving the viewshed one plastic needle at a time.","7.745","16.4","8.03","4138","386","266","models/vlt-frankenpine-cell-tower-36.gltf"
"vlt-frankenpine-cell-tower-37","frankenpine-cell-tower","infrastructure","Frankenpine Cell Tower · D2-2","D2-2","Preserving the viewshed one plastic needle at a time.","7.745","18.2","8.03","4742","446","266","models/vlt-frankenpine-cell-tower-37.gltf"
"vlt-frankenpine-cell-tower-38","frankenpine-cell-tower","infrastructure","Frankenpine Cell Tower · D3-2","D3-2","Preserving the viewshed one plastic needle at a time.","7.745","20","8.03","5346","506","266","models/vlt-frankenpine-cell-tower-38.gltf"
"vlt-frankenpine-cell-tower-39","frankenpine-cell-tower","infrastructure","Frankenpine Cell Tower · D4-2","D4-2","Preserving the viewshed one plastic needle at a time.","7.745","21.8","8.03","5950","566","266","models/vlt-frankenpine-cell-tower-39.gltf"
"vlt-frankenpine-cell-tower-40","frankenpine-cell-tower","infrastructure","Frankenpine Cell Tower · D5-2","D5-2","Preserving the viewshed one plastic needle at a time.","7.745","23.6","8.03","6554","626","266","models/vlt-frankenpine-cell-tower-40.gltf"
"vlt-frankenpine-memorial-01","frankenpine-memorial","neighborhood","The Last Tree Frankenpine · A1-1","A1-1","The final tree returns as premium wireless coverage.","8.8","12","8.109","1654","554","266","models/vlt-frankenpine-memorial-01.gltf"
"vlt-frankenpine-memorial-02","frankenpine-memorial","neighborhood","The Last Tree Frankenpine · A2-1","A2-1","The final tree returns as premium wireless coverage.","9.6","13","8.64","1654","554","266","models/vlt-frankenpine-memorial-02.gltf"
"vlt-frankenpine-memorial-03","frankenpine-memorial","neighborhood","The Last Tree Frankenpine · A3-1","A3-1","The final tree returns as premium wireless coverage.","10.4","14","9.36","1654","554","266","models/vlt-frankenpine-memorial-03.gltf"
"vlt-frankenpine-memorial-04","frankenpine-memorial","neighborhood","The Last Tree Frankenpine · A4-1","A4-1","The final tree returns as premium wireless coverage.","11.2","15","10.08","1654","554","266","models/vlt-frankenpine-memorial-04.gltf"
"vlt-frankenpine-memorial-05","frankenpine-memorial","neighborhood","The Last Tree Frankenpine · A5-1","A5-1","The final tree returns as premium wireless coverage.","12","16","10.8","1654","554","266","models/vlt-frankenpine-memorial-05.gltf"
"vlt-frankenpine-memorial-06","frankenpine-memorial","neighborhood","The Last Tree Frankenpine · B1-1","B1-1","The final tree returns as premium wireless coverage.","9.68","12","8.109","1910","650","266","models/vlt-frankenpine-memorial-06.gltf"
"vlt-frankenpine-memorial-07","frankenpine-memorial","neighborhood","The Last Tree Frankenpine · B2-1","B2-1","The final tree returns as premium wireless coverage.","10.56","13","8.64","1910","650","266","models/vlt-frankenpine-memorial-07.gltf"
"vlt-frankenpine-memorial-08","frankenpine-memorial","neighborhood","The Last Tree Frankenpine · B3-1","B3-1","The final tree returns as premium wireless coverage.","11.44","14","9.36","1910","650","266","models/vlt-frankenpine-memorial-08.gltf"
"vlt-frankenpine-memorial-09","frankenpine-memorial","neighborhood","The Last Tree Frankenpine · B4-1","B4-1","The final tree returns as premium wireless coverage.","12.32","15","10.08","1910","650","266","models/vlt-frankenpine-memorial-09.gltf"
"vlt-frankenpine-memorial-10","frankenpine-memorial","neighborhood","The Last Tree Frankenpine · B5-1","B5-1","The final tree returns as premium wireless coverage.","13.2","16","10.8","1910","650","266","models/vlt-frankenpine-memorial-10.gltf"
"vlt-frankenpine-memorial-11","frankenpine-memorial","neighborhood","The Last Tree Frankenpine · C1-1","C1-1","The final tree returns as premium wireless coverage.","10.56","12.693215","8.109","2166","746","266","models/vlt-frankenpine-memorial-11.gltf"
"vlt-frankenpine-memorial-12","frankenpine-memorial","neighborhood","The Last Tree Frankenpine · C2-1","C2-1","The final tree returns as premium wireless coverage.","11.52","13.683842","8.64","2166","746","266","models/vlt-frankenpine-memorial-12.gltf"
"vlt-frankenpine-memorial-13","frankenpine-memorial","neighborhood","The Last Tree Frankenpine · C3-1","C3-1","The final tree returns as premium wireless coverage.","12.48","14.674388","9.36","2166","746","266","models/vlt-frankenpine-memorial-13.gltf"
"vlt-frankenpine-memorial-14","frankenpine-memorial","neighborhood","The Last Tree Frankenpine · C4-1","C4-1","The final tree returns as premium wireless coverage.","13.44","15.664865","10.08","2166","746","266","models/vlt-frankenpine-memorial-14.gltf"
"vlt-frankenpine-memorial-15","frankenpine-memorial","neighborhood","The Last Tree Frankenpine · C5-1","C5-1","The final tree returns as premium wireless coverage.","14.4","16.655285","10.8","2166","746","266","models/vlt-frankenpine-memorial-15.gltf"
"vlt-frankenpine-memorial-16","frankenpine-memorial","neighborhood","The Last Tree Frankenpine · D1-1","D1-1","The final tree returns as premium wireless coverage.","11.44","13.709501","8.109","2422","842","266","models/vlt-frankenpine-memorial-16.gltf"
"vlt-frankenpine-memorial-17","frankenpine-memorial","neighborhood","The Last Tree Frankenpine · D2-1","D2-1","The final tree returns as premium wireless coverage.","12.48","14.785664","8.64","2422","842","266","models/vlt-frankenpine-memorial-17.gltf"
"vlt-frankenpine-memorial-18","frankenpine-memorial","neighborhood","The Last Tree Frankenpine · D3-1","D3-1","The final tree returns as premium wireless coverage.","13.52","15.861649","9.36","2422","842","266","models/vlt-frankenpine-memorial-18.gltf"
"vlt-frankenpine-memorial-19","frankenpine-memorial","neighborhood","The Last Tree Frankenpine · D4-1","D4-1","The final tree returns as premium wireless coverage.","14.56","16.93749","10.08","2422","842","266","models/vlt-frankenpine-memorial-19.gltf"
"vlt-frankenpine-memorial-20","frankenpine-memorial","neighborhood","The Last Tree Frankenpine · D5-1","D5-1","The final tree returns as premium wireless coverage.","15.6","18.013216","10.8","2422","842","266","models/vlt-frankenpine-memorial-20.gltf"
"vlt-frankenpine-memorial-21","frankenpine-memorial","neighborhood","The Last Tree Frankenpine · A1-2","A1-2","The final tree returns as premium wireless coverage.","8.8","12","8.109","1762","566","266","models/vlt-frankenpine-memorial-21.gltf"
"vlt-frankenpine-memorial-22","frankenpine-memorial","neighborhood","The Last Tree Frankenpine · A2-2","A2-2","The final tree returns as premium wireless coverage.","9.6","13","8.64","1762","566","266","models/vlt-frankenpine-memorial-22.gltf"
"vlt-frankenpine-memorial-23","frankenpine-memorial","neighborhood","The Last Tree Frankenpine · A3-2","A3-2","The final tree returns as premium wireless coverage.","10.4","14","9.36","1762","566","266","models/vlt-frankenpine-memorial-23.gltf"
"vlt-frankenpine-memorial-24","frankenpine-memorial","neighborhood","The Last Tree Frankenpine · A4-2","A4-2","The final tree returns as premium wireless coverage.","11.2","15","10.08","1762","566","266","models/vlt-frankenpine-memorial-24.gltf"
"vlt-frankenpine-memorial-25","frankenpine-memorial","neighborhood","The Last Tree Frankenpine · A5-2","A5-2","The final tree returns as premium wireless coverage.","12","16","10.8","1762","566","266","models/vlt-frankenpine-memorial-25.gltf"
"vlt-frankenpine-memorial-26","frankenpine-memorial","neighborhood","The Last Tree Frankenpine · B1-2","B1-2","The final tree returns as premium wireless coverage.","9.68","12","8.109","2018","662","266","models/vlt-frankenpine-memorial-26.gltf"
"vlt-frankenpine-memorial-27","frankenpine-memorial","neighborhood","The Last Tree Frankenpine · B2-2","B2-2","The final tree returns as premium wireless coverage.","10.56","13","8.64","2018","662","266","models/vlt-frankenpine-memorial-27.gltf"
"vlt-frankenpine-memorial-28","frankenpine-memorial","neighborhood","The Last Tree Frankenpine · B3-2","B3-2","The final tree returns as premium wireless coverage.","11.44","14","9.36","2018","662","266","models/vlt-frankenpine-memorial-28.gltf"
"vlt-frankenpine-memorial-29","frankenpine-memorial","neighborhood","The Last Tree Frankenpine · B4-2","B4-2","The final tree returns as premium wireless coverage.","12.32","15","10.08","2018","662","266","models/vlt-frankenpine-memorial-29.gltf"
"vlt-frankenpine-memorial-30","frankenpine-memorial","neighborhood","The Last Tree Frankenpine · B5-2","B5-2","The final tree returns as premium wireless coverage.","13.2","16","10.8","2018","662","266","models/vlt-frankenpine-memorial-30.gltf"
"vlt-frankenpine-memorial-31","frankenpine-memorial","neighborhood","The Last Tree Frankenpine · C1-2","C1-2","The final tree returns as premium wireless coverage.","10.56","12.693215","8.109","2274","758","266","models/vlt-frankenpine-memorial-31.gltf"
"vlt-frankenpine-memorial-32","frankenpine-memorial","neighborhood","The Last Tree Frankenpine · C2-2","C2-2","The final tree returns as premium wireless coverage.","11.52","13.683842","8.64","2274","758","266","models/vlt-frankenpine-memorial-32.gltf"
"vlt-frankenpine-memorial-33","frankenpine-memorial","neighborhood","The Last Tree Frankenpine · C3-2","C3-2","The final tree returns as premium wireless coverage.","12.48","14.674388","9.36","2274","758","266","models/vlt-frankenpine-memorial-33.gltf"
"vlt-frankenpine-memorial-34","frankenpine-memorial","neighborhood","The Last Tree Frankenpine · C4-2","C4-2","The final tree returns as premium wireless coverage.","13.44","15.664865","10.08","2274","758","266","models/vlt-frankenpine-memorial-34.gltf"
"vlt-frankenpine-memorial-35","frankenpine-memorial","neighborhood","The Last Tree Frankenpine · C5-2","C5-2","The final tree returns as premium wireless coverage.","14.4","16.655285","10.8","2274","758","266","models/vlt-frankenpine-memorial-35.gltf"
"vlt-frankenpine-memorial-36","frankenpine-memorial","neighborhood","The Last Tree Frankenpine · D1-2","D1-2","The final tree returns as premium wireless coverage.","11.44","13.709501","8.109","2530","854","266","models/vlt-frankenpine-memorial-36.gltf"
"vlt-frankenpine-memorial-37","frankenpine-memorial","neighborhood","The Last Tree Frankenpine · D2-2","D2-2","The final tree returns as premium wireless coverage.","12.48","14.785664","8.64","2530","854","266","models/vlt-frankenpine-memorial-37.gltf"
"vlt-frankenpine-memorial-38","frankenpine-memorial","neighborhood","The Last Tree Frankenpine · D3-2","D3-2","The final tree returns as premium wireless coverage.","13.52","15.861649","9.36","2530","854","266","models/vlt-frankenpine-memorial-38.gltf"
"vlt-frankenpine-memorial-39","frankenpine-memorial","neighborhood","The Last Tree Frankenpine · D4-2","D4-2","The final tree returns as premium wireless coverage.","14.56","16.93749","10.08","2530","854","266","models/vlt-frankenpine-memorial-39.gltf"
"vlt-frankenpine-memorial-40","frankenpine-memorial","neighborhood","The Last Tree Frankenpine · D5-2","D5-2","The final tree returns as premium wireless coverage.","15.6","18.013216","10.8","2530","854","266","models/vlt-frankenpine-memorial-40.gltf"
"vlt-freedom-splash-pad-01","freedom-splash-pad","neighborhood","Freedom Splash Pad · A1-1","A1-1","The pool was too expensive, so children receive timed pavement mist.","11.329","7","10","494","230","144","models/vlt-freedom-splash-pad-01.gltf"
"vlt-freedom-splash-pad-02","freedom-splash-pad","neighborhood","Freedom Splash Pad · A2-1","A2-1","The pool was too expensive, so children receive timed pavement mist.","12.129","7","10.8","522","254","144","models/vlt-freedom-splash-pad-02.gltf"
"vlt-freedom-splash-pad-03","freedom-splash-pad","neighborhood","Freedom Splash Pad · A3-1","A3-1","The pool was too expensive, so children receive timed pavement mist.","12.929","7","11.6","550","278","144","models/vlt-freedom-splash-pad-03.gltf"
"vlt-freedom-splash-pad-04","freedom-splash-pad","neighborhood","Freedom Splash Pad · A4-1","A4-1","The pool was too expensive, so children receive timed pavement mist.","13.729","7","12.4","578","302","144","models/vlt-freedom-splash-pad-04.gltf"
"vlt-freedom-splash-pad-05","freedom-splash-pad","neighborhood","Freedom Splash Pad · A5-1","A5-1","The pool was too expensive, so children receive timed pavement mist.","14.529","7","13.2","606","326","144","models/vlt-freedom-splash-pad-05.gltf"
"vlt-freedom-splash-pad-06","freedom-splash-pad","neighborhood","Freedom Splash Pad · B1-1","B1-1","The pool was too expensive, so children receive timed pavement mist.","11.329","8","10","494","230","144","models/vlt-freedom-splash-pad-06.gltf"
"vlt-freedom-splash-pad-07","freedom-splash-pad","neighborhood","Freedom Splash Pad · B2-1","B2-1","The pool was too expensive, so children receive timed pavement mist.","12.129","8","10.8","522","254","144","models/vlt-freedom-splash-pad-07.gltf"
"vlt-freedom-splash-pad-08","freedom-splash-pad","neighborhood","Freedom Splash Pad · B3-1","B3-1","The pool was too expensive, so children receive timed pavement mist.","12.929","8","11.6","550","278","144","models/vlt-freedom-splash-pad-08.gltf"
"vlt-freedom-splash-pad-09","freedom-splash-pad","neighborhood","Freedom Splash Pad · B4-1","B4-1","The pool was too expensive, so children receive timed pavement mist.","13.729","8","12.4","578","302","144","models/vlt-freedom-splash-pad-09.gltf"
"vlt-freedom-splash-pad-10","freedom-splash-pad","neighborhood","Freedom Splash Pad · B5-1","B5-1","The pool was too expensive, so children receive timed pavement mist.","14.529","8","13.2","606","326","144","models/vlt-freedom-splash-pad-10.gltf"
"vlt-freedom-splash-pad-11","freedom-splash-pad","neighborhood","Freedom Splash Pad · C1-1","C1-1","The pool was too expensive, so children receive timed pavement mist.","11.329","9","10","494","230","144","models/vlt-freedom-splash-pad-11.gltf"
"vlt-freedom-splash-pad-12","freedom-splash-pad","neighborhood","Freedom Splash Pad · C2-1","C2-1","The pool was too expensive, so children receive timed pavement mist.","12.129","9","10.8","522","254","144","models/vlt-freedom-splash-pad-12.gltf"
"vlt-freedom-splash-pad-13","freedom-splash-pad","neighborhood","Freedom Splash Pad · C3-1","C3-1","The pool was too expensive, so children receive timed pavement mist.","12.929","9","11.6","550","278","144","models/vlt-freedom-splash-pad-13.gltf"
"vlt-freedom-splash-pad-14","freedom-splash-pad","neighborhood","Freedom Splash Pad · C4-1","C4-1","The pool was too expensive, so children receive timed pavement mist.","13.729","9","12.4","578","302","144","models/vlt-freedom-splash-pad-14.gltf"
"vlt-freedom-splash-pad-15","freedom-splash-pad","neighborhood","Freedom Splash Pad · C5-1","C5-1","The pool was too expensive, so children receive timed pavement mist.","14.529","9","13.2","606","326","144","models/vlt-freedom-splash-pad-15.gltf"
"vlt-freedom-splash-pad-16","freedom-splash-pad","neighborhood","Freedom Splash Pad · D1-1","D1-1","The pool was too expensive, so children receive timed pavement mist.","11.329","10","10","494","230","144","models/vlt-freedom-splash-pad-16.gltf"
"vlt-freedom-splash-pad-17","freedom-splash-pad","neighborhood","Freedom Splash Pad · D2-1","D2-1","The pool was too expensive, so children receive timed pavement mist.","12.129","10","10.8","522","254","144","models/vlt-freedom-splash-pad-17.gltf"
"vlt-freedom-splash-pad-18","freedom-splash-pad","neighborhood","Freedom Splash Pad · D3-1","D3-1","The pool was too expensive, so children receive timed pavement mist.","12.929","10","11.6","550","278","144","models/vlt-freedom-splash-pad-18.gltf"
"vlt-freedom-splash-pad-19","freedom-splash-pad","neighborhood","Freedom Splash Pad · D4-1","D4-1","The pool was too expensive, so children receive timed pavement mist.","13.729","10","12.4","578","302","144","models/vlt-freedom-splash-pad-19.gltf"
"vlt-freedom-splash-pad-20","freedom-splash-pad","neighborhood","Freedom Splash Pad · D5-1","D5-1","The pool was too expensive, so children receive timed pavement mist.","14.529","10","13.2","606","326","144","models/vlt-freedom-splash-pad-20.gltf"
"vlt-freedom-splash-pad-21","freedom-splash-pad","neighborhood","Freedom Splash Pad · A1-2","A1-2","The pool was too expensive, so children receive timed pavement mist.","11.329","7","10","494","230","144","models/vlt-freedom-splash-pad-21.gltf"
"vlt-freedom-splash-pad-22","freedom-splash-pad","neighborhood","Freedom Splash Pad · A2-2","A2-2","The pool was too expensive, so children receive timed pavement mist.","12.129","7","10.8","522","254","144","models/vlt-freedom-splash-pad-22.gltf"
"vlt-freedom-splash-pad-23","freedom-splash-pad","neighborhood","Freedom Splash Pad · A3-2","A3-2","The pool was too expensive, so children receive timed pavement mist.","12.929","7","11.6","550","278","144","models/vlt-freedom-splash-pad-23.gltf"
"vlt-freedom-splash-pad-24","freedom-splash-pad","neighborhood","Freedom Splash Pad · A4-2","A4-2","The pool was too expensive, so children receive timed pavement mist.","13.729","7","12.4","578","302","144","models/vlt-freedom-splash-pad-24.gltf"
"vlt-freedom-splash-pad-25","freedom-splash-pad","neighborhood","Freedom Splash Pad · A5-2","A5-2","The pool was too expensive, so children receive timed pavement mist.","14.529","7","13.2","606","326","144","models/vlt-freedom-splash-pad-25.gltf"
"vlt-freedom-splash-pad-26","freedom-splash-pad","neighborhood","Freedom Splash Pad · B1-2","B1-2","The pool was too expensive, so children receive timed pavement mist.","11.329","8","10","494","230","144","models/vlt-freedom-splash-pad-26.gltf"
"vlt-freedom-splash-pad-27","freedom-splash-pad","neighborhood","Freedom Splash Pad · B2-2","B2-2","The pool was too expensive, so children receive timed pavement mist.","12.129","8","10.8","522","254","144","models/vlt-freedom-splash-pad-27.gltf"
"vlt-freedom-splash-pad-28","freedom-splash-pad","neighborhood","Freedom Splash Pad · B3-2","B3-2","The pool was too expensive, so children receive timed pavement mist.","12.929","8","11.6","550","278","144","models/vlt-freedom-splash-pad-28.gltf"
"vlt-freedom-splash-pad-29","freedom-splash-pad","neighborhood","Freedom Splash Pad · B4-2","B4-2","The pool was too expensive, so children receive timed pavement mist.","13.729","8","12.4","578","302","144","models/vlt-freedom-splash-pad-29.gltf"
"vlt-freedom-splash-pad-30","freedom-splash-pad","neighborhood","Freedom Splash Pad · B5-2","B5-2","The pool was too expensive, so children receive timed pavement mist.","14.529","8","13.2","606","326","144","models/vlt-freedom-splash-pad-30.gltf"
"vlt-freedom-splash-pad-31","freedom-splash-pad","neighborhood","Freedom Splash Pad · C1-2","C1-2","The pool was too expensive, so children receive timed pavement mist.","11.329","9","10","494","230","144","models/vlt-freedom-splash-pad-31.gltf"
"vlt-freedom-splash-pad-32","freedom-splash-pad","neighborhood","Freedom Splash Pad · C2-2","C2-2","The pool was too expensive, so children receive timed pavement mist.","12.129","9","10.8","522","254","144","models/vlt-freedom-splash-pad-32.gltf"
"vlt-freedom-splash-pad-33","freedom-splash-pad","neighborhood","Freedom Splash Pad · C3-2","C3-2","The pool was too expensive, so children receive timed pavement mist.","12.929","9","11.6","550","278","144","models/vlt-freedom-splash-pad-33.gltf"
"vlt-freedom-splash-pad-34","freedom-splash-pad","neighborhood","Freedom Splash Pad · C4-2","C4-2","The pool was too expensive, so children receive timed pavement mist.","13.729","9","12.4","578","302","144","models/vlt-freedom-splash-pad-34.gltf"
"vlt-freedom-splash-pad-35","freedom-splash-pad","neighborhood","Freedom Splash Pad · C5-2","C5-2","The pool was too expensive, so children receive timed pavement mist.","14.529","9","13.2","606","326","144","models/vlt-freedom-splash-pad-35.gltf"
"vlt-freedom-splash-pad-36","freedom-splash-pad","neighborhood","Freedom Splash Pad · D1-2","D1-2","The pool was too expensive, so children receive timed pavement mist.","11.329","10","10","494","230","144","models/vlt-freedom-splash-pad-36.gltf"
"vlt-freedom-splash-pad-37","freedom-splash-pad","neighborhood","Freedom Splash Pad · D2-2","D2-2","The pool was too expensive, so children receive timed pavement mist.","12.129","10","10.8","522","254","144","models/vlt-freedom-splash-pad-37.gltf"
"vlt-freedom-splash-pad-38","freedom-splash-pad","neighborhood","Freedom Splash Pad · D3-2","D3-2","The pool was too expensive, so children receive timed pavement mist.","12.929","10","11.6","550","278","144","models/vlt-freedom-splash-pad-38.gltf"
"vlt-freedom-splash-pad-39","freedom-splash-pad","neighborhood","Freedom Splash Pad · D4-2","D4-2","The pool was too expensive, so children receive timed pavement mist.","13.729","10","12.4","578","302","144","models/vlt-freedom-splash-pad-39.gltf"
"vlt-freedom-splash-pad-40","freedom-splash-pad","neighborhood","Freedom Splash Pad · D5-2","D5-2","The pool was too expensive, so children receive timed pavement mist.","14.529","10","13.2","606","326","144","models/vlt-freedom-splash-pad-40.gltf"
"vlt-fulfillment-center-01","fulfillment-center","infrastructure","Fulfillmore Center · A1-1","A1-1","Two-day delivery, twenty-year road subsidy.","25.899438","9.15","17.2368","1590","206","158","models/vlt-fulfillment-center-01.gltf"
"vlt-fulfillment-center-02","fulfillment-center","infrastructure","Fulfillmore Center · A2-1","A2-1","Two-day delivery, twenty-year road subsidy.","28.241071","9.35","18.7056","1978","266","158","models/vlt-fulfillment-center-02.gltf"
"vlt-fulfillment-center-03","fulfillment-center","infrastructure","Fulfillmore Center · A3-1","A3-1","Two-day delivery, twenty-year road subsidy.","30.582705","9.55","20.1744","2366","326","158","models/vlt-fulfillment-center-03.gltf"
"vlt-fulfillment-center-04","fulfillment-center","infrastructure","Fulfillmore Center · A4-1","A4-1","Two-day delivery, twenty-year road subsidy.","32.924338","9.75","21.6432","2754","386","158","models/vlt-fulfillment-center-04.gltf"
"vlt-fulfillment-center-05","fulfillment-center","infrastructure","Fulfillmore Center · A5-1","A5-1","Two-day delivery, twenty-year road subsidy.","35.265971","9.95","23.112","3142","446","158","models/vlt-fulfillment-center-05.gltf"
"vlt-fulfillment-center-06","fulfillment-center","infrastructure","Fulfillmore Center · B1-1","B1-1","Two-day delivery, twenty-year road subsidy.","25.899438","9.19","17.2368","1698","218","158","models/vlt-fulfillment-center-06.gltf"
"vlt-fulfillment-center-07","fulfillment-center","infrastructure","Fulfillmore Center · B2-1","B2-1","Two-day delivery, twenty-year road subsidy.","28.241071","9.39","18.7056","2086","278","158","models/vlt-fulfillment-center-07.gltf"
"vlt-fulfillment-center-08","fulfillment-center","infrastructure","Fulfillmore Center · B3-1","B3-1","Two-day delivery, twenty-year road subsidy.","30.582705","9.59","20.1744","2474","338","158","models/vlt-fulfillment-center-08.gltf"
"vlt-fulfillment-center-09","fulfillment-center","infrastructure","Fulfillmore Center · B4-1","B4-1","Two-day delivery, twenty-year road subsidy.","32.924338","9.79","21.6432","2862","398","158","models/vlt-fulfillment-center-09.gltf"
"vlt-fulfillment-center-10","fulfillment-center","infrastructure","Fulfillmore Center · B5-1","B5-1","Two-day delivery, twenty-year road subsidy.","35.265971","9.99","23.112","3250","458","158","models/vlt-fulfillment-center-10.gltf"
"vlt-fulfillment-center-11","fulfillment-center","infrastructure","Fulfillmore Center · C1-1","C1-1","Two-day delivery, twenty-year road subsidy.","25.899438","9.23","17.2368","1806","230","158","models/vlt-fulfillment-center-11.gltf"
"vlt-fulfillment-center-12","fulfillment-center","infrastructure","Fulfillmore Center · C2-1","C2-1","Two-day delivery, twenty-year road subsidy.","28.241071","9.43","18.7056","2194","290","158","models/vlt-fulfillment-center-12.gltf"
"vlt-fulfillment-center-13","fulfillment-center","infrastructure","Fulfillmore Center · C3-1","C3-1","Two-day delivery, twenty-year road subsidy.","30.582705","9.63","20.1744","2582","350","158","models/vlt-fulfillment-center-13.gltf"
"vlt-fulfillment-center-14","fulfillment-center","infrastructure","Fulfillmore Center · C4-1","C4-1","Two-day delivery, twenty-year road subsidy.","32.924338","9.83","21.6432","2970","410","158","models/vlt-fulfillment-center-14.gltf"
"vlt-fulfillment-center-15","fulfillment-center","infrastructure","Fulfillmore Center · C5-1","C5-1","Two-day delivery, twenty-year road subsidy.","35.265971","10.03","23.112","3358","470","158","models/vlt-fulfillment-center-15.gltf"
"vlt-fulfillment-center-16","fulfillment-center","infrastructure","Fulfillmore Center · D1-1","D1-1","Two-day delivery, twenty-year road subsidy.","25.899438","9.27","17.2368","1914","242","158","models/vlt-fulfillment-center-16.gltf"
"vlt-fulfillment-center-17","fulfillment-center","infrastructure","Fulfillmore Center · D2-1","D2-1","Two-day delivery, twenty-year road subsidy.","28.241071","9.47","18.7056","2302","302","158","models/vlt-fulfillment-center-17.gltf"
"vlt-fulfillment-center-18","fulfillment-center","infrastructure","Fulfillmore Center · D3-1","D3-1","Two-day delivery, twenty-year road subsidy.","30.582705","9.67","20.1744","2690","362","158","models/vlt-fulfillment-center-18.gltf"
"vlt-fulfillment-center-19","fulfillment-center","infrastructure","Fulfillmore Center · D4-1","D4-1","Two-day delivery, twenty-year road subsidy.","32.924338","9.87","21.6432","3078","422","158","models/vlt-fulfillment-center-19.gltf"
"vlt-fulfillment-center-20","fulfillment-center","infrastructure","Fulfillmore Center · D5-1","D5-1","Two-day delivery, twenty-year road subsidy.","35.265971","10.07","23.112","3466","482","158","models/vlt-fulfillment-center-20.gltf"
"vlt-fulfillment-center-21","fulfillment-center","infrastructure","Fulfillmore Center · A1-2","A1-2","Two-day delivery, twenty-year road subsidy.","25.899438","9.15","17.2368","1806","230","170","models/vlt-fulfillment-center-21.gltf"
"vlt-fulfillment-center-22","fulfillment-center","infrastructure","Fulfillmore Center · A2-2","A2-2","Two-day delivery, twenty-year road subsidy.","28.241071","9.35","18.7056","2194","290","170","models/vlt-fulfillment-center-22.gltf"
"vlt-fulfillment-center-23","fulfillment-center","infrastructure","Fulfillmore Center · A3-2","A3-2","Two-day delivery, twenty-year road subsidy.","30.582705","9.55","20.1744","2582","350","170","models/vlt-fulfillment-center-23.gltf"
"vlt-fulfillment-center-24","fulfillment-center","infrastructure","Fulfillmore Center · A4-2","A4-2","Two-day delivery, twenty-year road subsidy.","32.924338","9.75","21.6432","2970","410","170","models/vlt-fulfillment-center-24.gltf"
"vlt-fulfillment-center-25","fulfillment-center","infrastructure","Fulfillmore Center · A5-2","A5-2","Two-day delivery, twenty-year road subsidy.","35.265971","9.95","23.112","3358","470","170","models/vlt-fulfillment-center-25.gltf"
"vlt-fulfillment-center-26","fulfillment-center","infrastructure","Fulfillmore Center · B1-2","B1-2","Two-day delivery, twenty-year road subsidy.","25.899438","9.19","17.2368","1914","242","170","models/vlt-fulfillment-center-26.gltf"
"vlt-fulfillment-center-27","fulfillment-center","infrastructure","Fulfillmore Center · B2-2","B2-2","Two-day delivery, twenty-year road subsidy.","28.241071","9.39","18.7056","2302","302","170","models/vlt-fulfillment-center-27.gltf"
"vlt-fulfillment-center-28","fulfillment-center","infrastructure","Fulfillmore Center · B3-2","B3-2","Two-day delivery, twenty-year road subsidy.","30.582705","9.59","20.1744","2690","362","170","models/vlt-fulfillment-center-28.gltf"
"vlt-fulfillment-center-29","fulfillment-center","infrastructure","Fulfillmore Center · B4-2","B4-2","Two-day delivery, twenty-year road subsidy.","32.924338","9.79","21.6432","3078","422","170","models/vlt-fulfillment-center-29.gltf"
"vlt-fulfillment-center-30","fulfillment-center","infrastructure","Fulfillmore Center · B5-2","B5-2","Two-day delivery, twenty-year road subsidy.","35.265971","9.99","23.112","3466","482","170","models/vlt-fulfillment-center-30.gltf"
"vlt-fulfillment-center-31","fulfillment-center","infrastructure","Fulfillmore Center · C1-2","C1-2","Two-day delivery, twenty-year road subsidy.","25.899438","9.23","17.2368","2022","254","170","models/vlt-fulfillment-center-31.gltf"
"vlt-fulfillment-center-32","fulfillment-center","infrastructure","Fulfillmore Center · C2-2","C2-2","Two-day delivery, twenty-year road subsidy.","28.241071","9.43","18.7056","2410","314","170","models/vlt-fulfillment-center-32.gltf"
"vlt-fulfillment-center-33","fulfillment-center","infrastructure","Fulfillmore Center · C3-2","C3-2","Two-day delivery, twenty-year road subsidy.","30.582705","9.63","20.1744","2798","374","170","models/vlt-fulfillment-center-33.gltf"
"vlt-fulfillment-center-34","fulfillment-center","infrastructure","Fulfillmore Center · C4-2","C4-2","Two-day delivery, twenty-year road subsidy.","32.924338","9.83","21.6432","3186","434","170","models/vlt-fulfillment-center-34.gltf"
"vlt-fulfillment-center-35","fulfillment-center","infrastructure","Fulfillmore Center · C5-2","C5-2","Two-day delivery, twenty-year road subsidy.","35.265971","10.03","23.112","3574","494","170","models/vlt-fulfillment-center-35.gltf"
"vlt-fulfillment-center-36","fulfillment-center","infrastructure","Fulfillmore Center · D1-2","D1-2","Two-day delivery, twenty-year road subsidy.","25.899438","9.27","17.2368","2130","266","170","models/vlt-fulfillment-center-36.gltf"
"vlt-fulfillment-center-37","fulfillment-center","infrastructure","Fulfillmore Center · D2-2","D2-2","Two-day delivery, twenty-year road subsidy.","28.241071","9.47","18.7056","2518","326","170","models/vlt-fulfillment-center-37.gltf"
"vlt-fulfillment-center-38","fulfillment-center","infrastructure","Fulfillmore Center · D3-2","D3-2","Two-day delivery, twenty-year road subsidy.","30.582705","9.67","20.1744","2906","386","170","models/vlt-fulfillment-center-38.gltf"
"vlt-fulfillment-center-39","fulfillment-center","infrastructure","Fulfillmore Center · D4-2","D4-2","Two-day delivery, twenty-year road subsidy.","32.924338","9.87","21.6432","3294","446","170","models/vlt-fulfillment-center-39.gltf"
"vlt-fulfillment-center-40","fulfillment-center","infrastructure","Fulfillmore Center · D5-2","D5-2","Two-day delivery, twenty-year road subsidy.","35.265971","10.07","23.112","3682","506","170","models/vlt-fulfillment-center-40.gltf"
"vlt-gas-guzzler-gulch-01","gas-guzzler-gulch","commerce","Gas Guzzler Gulch · A1-1","A1-1","Every gallon earns one point toward another gallon.","18.04","6.875","14.2376","1708","328","244","models/vlt-gas-guzzler-gulch-01.gltf"
"vlt-gas-guzzler-gulch-02","gas-guzzler-gulch","commerce","Gas Guzzler Gulch · A2-1","A2-1","Every gallon earns one point toward another gallon.","19.48","6.875","14.2376","2032","340","244","models/vlt-gas-guzzler-gulch-02.gltf"
"vlt-gas-guzzler-gulch-03","gas-guzzler-gulch","commerce","Gas Guzzler Gulch · A3-1","A3-1","Every gallon earns one point toward another gallon.","20.92","6.875","14.2376","2356","352","244","models/vlt-gas-guzzler-gulch-03.gltf"
"vlt-gas-guzzler-gulch-04","gas-guzzler-gulch","commerce","Gas Guzzler Gulch · A4-1","A4-1","Every gallon earns one point toward another gallon.","22.36","6.875","14.2376","2572","352","244","models/vlt-gas-guzzler-gulch-04.gltf"
"vlt-gas-guzzler-gulch-05","gas-guzzler-gulch","commerce","Gas Guzzler Gulch · A5-1","A5-1","Every gallon earns one point toward another gallon.","23.8","6.875","14.2376","2680","352","244","models/vlt-gas-guzzler-gulch-05.gltf"
"vlt-gas-guzzler-gulch-06","gas-guzzler-gulch","commerce","Gas Guzzler Gulch · B1-1","B1-1","Every gallon earns one point toward another gallon.","18.04","7.475","14.8802","1708","328","244","models/vlt-gas-guzzler-gulch-06.gltf"
"vlt-gas-guzzler-gulch-07","gas-guzzler-gulch","commerce","Gas Guzzler Gulch · B2-1","B2-1","Every gallon earns one point toward another gallon.","19.48","7.475","14.8802","2032","340","244","models/vlt-gas-guzzler-gulch-07.gltf"
"vlt-gas-guzzler-gulch-08","gas-guzzler-gulch","commerce","Gas Guzzler Gulch · B3-1","B3-1","Every gallon earns one point toward another gallon.","20.92","7.475","14.8802","2356","352","244","models/vlt-gas-guzzler-gulch-08.gltf"
"vlt-gas-guzzler-gulch-09","gas-guzzler-gulch","commerce","Gas Guzzler Gulch · B4-1","B4-1","Every gallon earns one point toward another gallon.","22.36","7.475","14.8802","2572","352","244","models/vlt-gas-guzzler-gulch-09.gltf"
"vlt-gas-guzzler-gulch-10","gas-guzzler-gulch","commerce","Gas Guzzler Gulch · B5-1","B5-1","Every gallon earns one point toward another gallon.","23.8","7.475","14.8802","2680","352","244","models/vlt-gas-guzzler-gulch-10.gltf"
"vlt-gas-guzzler-gulch-11","gas-guzzler-gulch","commerce","Gas Guzzler Gulch · C1-1","C1-1","Every gallon earns one point toward another gallon.","18.04","8.075","15.5228","1708","328","244","models/vlt-gas-guzzler-gulch-11.gltf"
"vlt-gas-guzzler-gulch-12","gas-guzzler-gulch","commerce","Gas Guzzler Gulch · C2-1","C2-1","Every gallon earns one point toward another gallon.","19.48","8.075","15.5228","2032","340","244","models/vlt-gas-guzzler-gulch-12.gltf"
"vlt-gas-guzzler-gulch-13","gas-guzzler-gulch","commerce","Gas Guzzler Gulch · C3-1","C3-1","Every gallon earns one point toward another gallon.","20.92","8.075","15.5228","2356","352","244","models/vlt-gas-guzzler-gulch-13.gltf"
"vlt-gas-guzzler-gulch-14","gas-guzzler-gulch","commerce","Gas Guzzler Gulch · C4-1","C4-1","Every gallon earns one point toward another gallon.","22.36","8.075","15.5228","2572","352","244","models/vlt-gas-guzzler-gulch-14.gltf"
"vlt-gas-guzzler-gulch-15","gas-guzzler-gulch","commerce","Gas Guzzler Gulch · C5-1","C5-1","Every gallon earns one point toward another gallon.","23.8","8.075","15.5228","2680","352","244","models/vlt-gas-guzzler-gulch-15.gltf"
"vlt-gas-guzzler-gulch-16","gas-guzzler-gulch","commerce","Gas Guzzler Gulch · D1-1","D1-1","Every gallon earns one point toward another gallon.","18.04","8.675","16.1654","1708","328","244","models/vlt-gas-guzzler-gulch-16.gltf"
"vlt-gas-guzzler-gulch-17","gas-guzzler-gulch","commerce","Gas Guzzler Gulch · D2-1","D2-1","Every gallon earns one point toward another gallon.","19.48","8.675","16.1654","2032","340","244","models/vlt-gas-guzzler-gulch-17.gltf"
"vlt-gas-guzzler-gulch-18","gas-guzzler-gulch","commerce","Gas Guzzler Gulch · D3-1","D3-1","Every gallon earns one point toward another gallon.","20.92","8.675","16.1654","2356","352","244","models/vlt-gas-guzzler-gulch-18.gltf"
"vlt-gas-guzzler-gulch-19","gas-guzzler-gulch","commerce","Gas Guzzler Gulch · D4-1","D4-1","Every gallon earns one point toward another gallon.","22.36","8.675","16.1654","2572","352","244","models/vlt-gas-guzzler-gulch-19.gltf"
"vlt-gas-guzzler-gulch-20","gas-guzzler-gulch","commerce","Gas Guzzler Gulch · D5-1","D5-1","Every gallon earns one point toward another gallon.","23.8","8.675","16.1654","2680","352","244","models/vlt-gas-guzzler-gulch-20.gltf"
"vlt-gas-guzzler-gulch-21","gas-guzzler-gulch","commerce","Gas Guzzler Gulch · A1-2","A1-2","Every gallon earns one point toward another gallon.","18.04","6.875","15.5812","2248","364","256","models/vlt-gas-guzzler-gulch-21.gltf"
"vlt-gas-guzzler-gulch-22","gas-guzzler-gulch","commerce","Gas Guzzler Gulch · A2-2","A2-2","Every gallon earns one point toward another gallon.","19.48","6.875","15.5812","2572","376","256","models/vlt-gas-guzzler-gulch-22.gltf"
"vlt-gas-guzzler-gulch-23","gas-guzzler-gulch","commerce","Gas Guzzler Gulch · A3-2","A3-2","Every gallon earns one point toward another gallon.","20.92","6.875","15.5812","2896","388","256","models/vlt-gas-guzzler-gulch-23.gltf"
"vlt-gas-guzzler-gulch-24","gas-guzzler-gulch","commerce","Gas Guzzler Gulch · A4-2","A4-2","Every gallon earns one point toward another gallon.","22.36","6.875","15.5812","3112","388","256","models/vlt-gas-guzzler-gulch-24.gltf"
"vlt-gas-guzzler-gulch-25","gas-guzzler-gulch","commerce","Gas Guzzler Gulch · A5-2","A5-2","Every gallon earns one point toward another gallon.","23.8","6.875","15.5812","3220","388","256","models/vlt-gas-guzzler-gulch-25.gltf"
"vlt-gas-guzzler-gulch-26","gas-guzzler-gulch","commerce","Gas Guzzler Gulch · B1-2","B1-2","Every gallon earns one point toward another gallon.","18.04","7.475","16.2724","2248","364","256","models/vlt-gas-guzzler-gulch-26.gltf"
"vlt-gas-guzzler-gulch-27","gas-guzzler-gulch","commerce","Gas Guzzler Gulch · B2-2","B2-2","Every gallon earns one point toward another gallon.","19.48","7.475","16.2724","2572","376","256","models/vlt-gas-guzzler-gulch-27.gltf"
"vlt-gas-guzzler-gulch-28","gas-guzzler-gulch","commerce","Gas Guzzler Gulch · B3-2","B3-2","Every gallon earns one point toward another gallon.","20.92","7.475","16.2724","2896","388","256","models/vlt-gas-guzzler-gulch-28.gltf"
"vlt-gas-guzzler-gulch-29","gas-guzzler-gulch","commerce","Gas Guzzler Gulch · B4-2","B4-2","Every gallon earns one point toward another gallon.","22.36","7.475","16.2724","3112","388","256","models/vlt-gas-guzzler-gulch-29.gltf"
"vlt-gas-guzzler-gulch-30","gas-guzzler-gulch","commerce","Gas Guzzler Gulch · B5-2","B5-2","Every gallon earns one point toward another gallon.","23.8","7.475","16.2724","3220","388","256","models/vlt-gas-guzzler-gulch-30.gltf"
"vlt-gas-guzzler-gulch-31","gas-guzzler-gulch","commerce","Gas Guzzler Gulch · C1-2","C1-2","Every gallon earns one point toward another gallon.","18.04","8.075","16.9636","2248","364","256","models/vlt-gas-guzzler-gulch-31.gltf"
"vlt-gas-guzzler-gulch-32","gas-guzzler-gulch","commerce","Gas Guzzler Gulch · C2-2","C2-2","Every gallon earns one point toward another gallon.","19.48","8.075","16.9636","2572","376","256","models/vlt-gas-guzzler-gulch-32.gltf"
"vlt-gas-guzzler-gulch-33","gas-guzzler-gulch","commerce","Gas Guzzler Gulch · C3-2","C3-2","Every gallon earns one point toward another gallon.","20.92","8.075","16.9636","2896","388","256","models/vlt-gas-guzzler-gulch-33.gltf"
"vlt-gas-guzzler-gulch-34","gas-guzzler-gulch","commerce","Gas Guzzler Gulch · C4-2","C4-2","Every gallon earns one point toward another gallon.","22.36","8.075","16.9636","3112","388","256","models/vlt-gas-guzzler-gulch-34.gltf"
"vlt-gas-guzzler-gulch-35","gas-guzzler-gulch","commerce","Gas Guzzler Gulch · C5-2","C5-2","Every gallon earns one point toward another gallon.","23.8","8.075","16.9636","3220","388","256","models/vlt-gas-guzzler-gulch-35.gltf"
"vlt-gas-guzzler-gulch-36","gas-guzzler-gulch","commerce","Gas Guzzler Gulch · D1-2","D1-2","Every gallon earns one point toward another gallon.","18.04","8.675","17.6548","2248","364","256","models/vlt-gas-guzzler-gulch-36.gltf"
"vlt-gas-guzzler-gulch-37","gas-guzzler-gulch","commerce","Gas Guzzler Gulch · D2-2","D2-2","Every gallon earns one point toward another gallon.","19.48","8.675","17.6548","2572","376","256","models/vlt-gas-guzzler-gulch-37.gltf"
"vlt-gas-guzzler-gulch-38","gas-guzzler-gulch","commerce","Gas Guzzler Gulch · D3-2","D3-2","Every gallon earns one point toward another gallon.","20.92","8.675","17.6548","2896","388","256","models/vlt-gas-guzzler-gulch-38.gltf"
"vlt-gas-guzzler-gulch-39","gas-guzzler-gulch","commerce","Gas Guzzler Gulch · D4-2","D4-2","Every gallon earns one point toward another gallon.","22.36","8.675","17.6548","3112","388","256","models/vlt-gas-guzzler-gulch-39.gltf"
"vlt-gas-guzzler-gulch-40","gas-guzzler-gulch","commerce","Gas Guzzler Gulch · D5-2","D5-2","Every gallon earns one point toward another gallon.","23.8","8.675","17.6548","3220","388","256","models/vlt-gas-guzzler-gulch-40.gltf"
"vlt-gas-peaker-plant-01","gas-peaker-plant","infrastructure","Last-Minute Gas Peaker · A1-1","A1-1","Planning reserve delivered at emergency prices.","12.0938","9.634","11.7","1306","242","170","models/vlt-gas-peaker-plant-01.gltf"
"vlt-gas-peaker-plant-02","gas-peaker-plant","infrastructure","Last-Minute Gas Peaker · A2-1","A2-1","Planning reserve delivered at emergency prices.","13.1546","9.769","12.42","1714","338","170","models/vlt-gas-peaker-plant-02.gltf"
"vlt-gas-peaker-plant-03","gas-peaker-plant","infrastructure","Last-Minute Gas Peaker · A3-1","A3-1","Planning reserve delivered at emergency prices.","14.2154","9.904","13.14","2122","434","170","models/vlt-gas-peaker-plant-03.gltf"
"vlt-gas-peaker-plant-04","gas-peaker-plant","infrastructure","Last-Minute Gas Peaker · A4-1","A4-1","Planning reserve delivered at emergency prices.","15.2762","10.039","13.86","2530","530","170","models/vlt-gas-peaker-plant-04.gltf"
"vlt-gas-peaker-plant-05","gas-peaker-plant","infrastructure","Last-Minute Gas Peaker · A5-1","A5-1","Planning reserve delivered at emergency prices.","16.337","10.174","14.58","2938","626","170","models/vlt-gas-peaker-plant-05.gltf"
"vlt-gas-peaker-plant-06","gas-peaker-plant","infrastructure","Last-Minute Gas Peaker · B1-1","B1-1","Planning reserve delivered at emergency prices.","12.1538","9.884","11.8","1306","242","170","models/vlt-gas-peaker-plant-06.gltf"
"vlt-gas-peaker-plant-07","gas-peaker-plant","infrastructure","Last-Minute Gas Peaker · B2-1","B2-1","Planning reserve delivered at emergency prices.","13.2146","10.019","12.52","1714","338","170","models/vlt-gas-peaker-plant-07.gltf"
"vlt-gas-peaker-plant-08","gas-peaker-plant","infrastructure","Last-Minute Gas Peaker · B3-1","B3-1","Planning reserve delivered at emergency prices.","14.2754","10.154","13.24","2122","434","170","models/vlt-gas-peaker-plant-08.gltf"
"vlt-gas-peaker-plant-09","gas-peaker-plant","infrastructure","Last-Minute Gas Peaker · B4-1","B4-1","Planning reserve delivered at emergency prices.","15.3362","10.289","13.96","2530","530","170","models/vlt-gas-peaker-plant-09.gltf"
"vlt-gas-peaker-plant-10","gas-peaker-plant","infrastructure","Last-Minute Gas Peaker · B5-1","B5-1","Planning reserve delivered at emergency prices.","16.397","10.424","14.68","2938","626","170","models/vlt-gas-peaker-plant-10.gltf"
"vlt-gas-peaker-plant-11","gas-peaker-plant","infrastructure","Last-Minute Gas Peaker · C1-1","C1-1","Planning reserve delivered at emergency prices.","12.2138","10.134","11.9","1306","242","170","models/vlt-gas-peaker-plant-11.gltf"
"vlt-gas-peaker-plant-12","gas-peaker-plant","infrastructure","Last-Minute Gas Peaker · C2-1","C2-1","Planning reserve delivered at emergency prices.","13.2746","10.269","12.62","1714","338","170","models/vlt-gas-peaker-plant-12.gltf"
"vlt-gas-peaker-plant-13","gas-peaker-plant","infrastructure","Last-Minute Gas Peaker · C3-1","C3-1","Planning reserve delivered at emergency prices.","14.3354","10.404","13.34","2122","434","170","models/vlt-gas-peaker-plant-13.gltf"
"vlt-gas-peaker-plant-14","gas-peaker-plant","infrastructure","Last-Minute Gas Peaker · C4-1","C4-1","Planning reserve delivered at emergency prices.","15.3962","10.539","14.06","2530","530","170","models/vlt-gas-peaker-plant-14.gltf"
"vlt-gas-peaker-plant-15","gas-peaker-plant","infrastructure","Last-Minute Gas Peaker · C5-1","C5-1","Planning reserve delivered at emergency prices.","16.457","10.674","14.78","2938","626","170","models/vlt-gas-peaker-plant-15.gltf"
"vlt-gas-peaker-plant-16","gas-peaker-plant","infrastructure","Last-Minute Gas Peaker · D1-1","D1-1","Planning reserve delivered at emergency prices.","12.2738","10.384","12","1306","242","170","models/vlt-gas-peaker-plant-16.gltf"
"vlt-gas-peaker-plant-17","gas-peaker-plant","infrastructure","Last-Minute Gas Peaker · D2-1","D2-1","Planning reserve delivered at emergency prices.","13.3346","10.519","12.72","1714","338","170","models/vlt-gas-peaker-plant-17.gltf"
"vlt-gas-peaker-plant-18","gas-peaker-plant","infrastructure","Last-Minute Gas Peaker · D3-1","D3-1","Planning reserve delivered at emergency prices.","14.3954","10.654","13.44","2122","434","170","models/vlt-gas-peaker-plant-18.gltf"
"vlt-gas-peaker-plant-19","gas-peaker-plant","infrastructure","Last-Minute Gas Peaker · D4-1","D4-1","Planning reserve delivered at emergency prices.","15.4562","10.789","14.16","2530","530","170","models/vlt-gas-peaker-plant-19.gltf"
"vlt-gas-peaker-plant-20","gas-peaker-plant","infrastructure","Last-Minute Gas Peaker · D5-1","D5-1","Planning reserve delivered at emergency prices.","16.517","10.924","14.88","2938","626","170","models/vlt-gas-peaker-plant-20.gltf"
"vlt-gas-peaker-plant-21","gas-peaker-plant","infrastructure","Last-Minute Gas Peaker · A1-2","A1-2","Planning reserve delivered at emergency prices.","12.0938","9.634","11.7","1522","266","182","models/vlt-gas-peaker-plant-21.gltf"
"vlt-gas-peaker-plant-22","gas-peaker-plant","infrastructure","Last-Minute Gas Peaker · A2-2","A2-2","Planning reserve delivered at emergency prices.","13.1546","9.769","12.42","1930","362","182","models/vlt-gas-peaker-plant-22.gltf"
"vlt-gas-peaker-plant-23","gas-peaker-plant","infrastructure","Last-Minute Gas Peaker · A3-2","A3-2","Planning reserve delivered at emergency prices.","14.2154","9.904","13.14","2338","458","182","models/vlt-gas-peaker-plant-23.gltf"
"vlt-gas-peaker-plant-24","gas-peaker-plant","infrastructure","Last-Minute Gas Peaker · A4-2","A4-2","Planning reserve delivered at emergency prices.","15.2762","10.039","13.86","2746","554","182","models/vlt-gas-peaker-plant-24.gltf"
"vlt-gas-peaker-plant-25","gas-peaker-plant","infrastructure","Last-Minute Gas Peaker · A5-2","A5-2","Planning reserve delivered at emergency prices.","16.337","10.174","14.58","3154","650","182","models/vlt-gas-peaker-plant-25.gltf"
"vlt-gas-peaker-plant-26","gas-peaker-plant","infrastructure","Last-Minute Gas Peaker · B1-2","B1-2","Planning reserve delivered at emergency prices.","12.1538","9.884","11.8","1522","266","182","models/vlt-gas-peaker-plant-26.gltf"
"vlt-gas-peaker-plant-27","gas-peaker-plant","infrastructure","Last-Minute Gas Peaker · B2-2","B2-2","Planning reserve delivered at emergency prices.","13.2146","10.019","12.52","1930","362","182","models/vlt-gas-peaker-plant-27.gltf"
"vlt-gas-peaker-plant-28","gas-peaker-plant","infrastructure","Last-Minute Gas Peaker · B3-2","B3-2","Planning reserve delivered at emergency prices.","14.2754","10.154","13.24","2338","458","182","models/vlt-gas-peaker-plant-28.gltf"
"vlt-gas-peaker-plant-29","gas-peaker-plant","infrastructure","Last-Minute Gas Peaker · B4-2","B4-2","Planning reserve delivered at emergency prices.","15.3362","10.289","13.96","2746","554","182","models/vlt-gas-peaker-plant-29.gltf"
"vlt-gas-peaker-plant-30","gas-peaker-plant","infrastructure","Last-Minute Gas Peaker · B5-2","B5-2","Planning reserve delivered at emergency prices.","16.397","10.424","14.68","3154","650","182","models/vlt-gas-peaker-plant-30.gltf"
"vlt-gas-peaker-plant-31","gas-peaker-plant","infrastructure","Last-Minute Gas Peaker · C1-2","C1-2","Planning reserve delivered at emergency prices.","12.2138","10.134","11.9","1522","266","182","models/vlt-gas-peaker-plant-31.gltf"
"vlt-gas-peaker-plant-32","gas-peaker-plant","infrastructure","Last-Minute Gas Peaker · C2-2","C2-2","Planning reserve delivered at emergency prices.","13.2746","10.269","12.62","1930","362","182","models/vlt-gas-peaker-plant-32.gltf"
"vlt-gas-peaker-plant-33","gas-peaker-plant","infrastructure","Last-Minute Gas Peaker · C3-2","C3-2","Planning reserve delivered at emergency prices.","14.3354","10.404","13.34","2338","458","182","models/vlt-gas-peaker-plant-33.gltf"
"vlt-gas-peaker-plant-34","gas-peaker-plant","infrastructure","Last-Minute Gas Peaker · C4-2","C4-2","Planning reserve delivered at emergency prices.","15.3962","10.539","14.06","2746","554","182","models/vlt-gas-peaker-plant-34.gltf"
"vlt-gas-peaker-plant-35","gas-peaker-plant","infrastructure","Last-Minute Gas Peaker · C5-2","C5-2","Planning reserve delivered at emergency prices.","16.457","10.674","14.78","3154","650","182","models/vlt-gas-peaker-plant-35.gltf"
"vlt-gas-peaker-plant-36","gas-peaker-plant","infrastructure","Last-Minute Gas Peaker · D1-2","D1-2","Planning reserve delivered at emergency prices.","12.2738","10.384","12","1522","266","182","models/vlt-gas-peaker-plant-36.gltf"
"vlt-gas-peaker-plant-37","gas-peaker-plant","infrastructure","Last-Minute Gas Peaker · D2-2","D2-2","Planning reserve delivered at emergency prices.","13.3346","10.519","12.72","1930","362","182","models/vlt-gas-peaker-plant-37.gltf"
"vlt-gas-peaker-plant-38","gas-peaker-plant","infrastructure","Last-Minute Gas Peaker · D3-2","D3-2","Planning reserve delivered at emergency prices.","14.3954","10.654","13.44","2338","458","182","models/vlt-gas-peaker-plant-38.gltf"
"vlt-gas-peaker-plant-39","gas-peaker-plant","infrastructure","Last-Minute Gas Peaker · D4-2","D4-2","Planning reserve delivered at emergency prices.","15.4562","10.789","14.16","2746","554","182","models/vlt-gas-peaker-plant-39.gltf"
"vlt-gas-peaker-plant-40","gas-peaker-plant","infrastructure","Last-Minute Gas Peaker · D5-2","D5-2","Planning reserve delivered at emergency prices.","16.517","10.924","14.88","3154","650","182","models/vlt-gas-peaker-plant-40.gltf"
"vlt-gated-golf-estate-01","gated-golf-estate","neighborhood","Gated Golf Estates · A1-1","A1-1","The gates keep out everyone who maintains the golf course.","19.36","6.88","7.92","2090","602","86","models/vlt-gated-golf-estate-01.gltf"
"vlt-gated-golf-estate-02","gated-golf-estate","neighborhood","Gated Golf Estates · A2-1","A2-1","The gates keep out everyone who maintains the golf course.","21.12","6.88","8.64","2090","602","86","models/vlt-gated-golf-estate-02.gltf"
"vlt-gated-golf-estate-03","gated-golf-estate","neighborhood","Gated Golf Estates · A3-1","A3-1","The gates keep out everyone who maintains the golf course.","22.88","6.88","9.36","2090","602","86","models/vlt-gated-golf-estate-03.gltf"
"vlt-gated-golf-estate-04","gated-golf-estate","neighborhood","Gated Golf Estates · A4-1","A4-1","The gates keep out everyone who maintains the golf course.","24.64","6.95","10.08","2090","602","86","models/vlt-gated-golf-estate-04.gltf"
"vlt-gated-golf-estate-05","gated-golf-estate","neighborhood","Gated Golf Estates · A5-1","A5-1","The gates keep out everyone who maintains the golf course.","26.4","7.1","10.8","2090","602","86","models/vlt-gated-golf-estate-05.gltf"
"vlt-gated-golf-estate-06","gated-golf-estate","neighborhood","Gated Golf Estates · B1-1","B1-1","The gates keep out everyone who maintains the golf course.","19.36","6.88","7.92","2530","770","86","models/vlt-gated-golf-estate-06.gltf"
"vlt-gated-golf-estate-07","gated-golf-estate","neighborhood","Gated Golf Estates · B2-1","B2-1","The gates keep out everyone who maintains the golf course.","21.12","6.88","8.64","2530","770","86","models/vlt-gated-golf-estate-07.gltf"
"vlt-gated-golf-estate-08","gated-golf-estate","neighborhood","Gated Golf Estates · B3-1","B3-1","The gates keep out everyone who maintains the golf course.","22.88","6.88","9.36","2530","770","86","models/vlt-gated-golf-estate-08.gltf"
"vlt-gated-golf-estate-09","gated-golf-estate","neighborhood","Gated Golf Estates · B4-1","B4-1","The gates keep out everyone who maintains the golf course.","24.64","6.95","10.08","2530","770","86","models/vlt-gated-golf-estate-09.gltf"
"vlt-gated-golf-estate-10","gated-golf-estate","neighborhood","Gated Golf Estates · B5-1","B5-1","The gates keep out everyone who maintains the golf course.","26.4","7.1","10.8","2530","770","86","models/vlt-gated-golf-estate-10.gltf"
"vlt-gated-golf-estate-11","gated-golf-estate","neighborhood","Gated Golf Estates · C1-1","C1-1","The gates keep out everyone who maintains the golf course.","19.36","6.88","7.92","2970","938","86","models/vlt-gated-golf-estate-11.gltf"
"vlt-gated-golf-estate-12","gated-golf-estate","neighborhood","Gated Golf Estates · C2-1","C2-1","The gates keep out everyone who maintains the golf course.","21.12","6.88","8.64","2970","938","86","models/vlt-gated-golf-estate-12.gltf"
"vlt-gated-golf-estate-13","gated-golf-estate","neighborhood","Gated Golf Estates · C3-1","C3-1","The gates keep out everyone who maintains the golf course.","22.88","6.88","9.36","2970","938","86","models/vlt-gated-golf-estate-13.gltf"
"vlt-gated-golf-estate-14","gated-golf-estate","neighborhood","Gated Golf Estates · C4-1","C4-1","The gates keep out everyone who maintains the golf course.","24.64","6.95","10.08","2970","938","86","models/vlt-gated-golf-estate-14.gltf"
"vlt-gated-golf-estate-15","gated-golf-estate","neighborhood","Gated Golf Estates · C5-1","C5-1","The gates keep out everyone who maintains the golf course.","26.4","7.1","10.8","2970","938","86","models/vlt-gated-golf-estate-15.gltf"
"vlt-gated-golf-estate-16","gated-golf-estate","neighborhood","Gated Golf Estates · D1-1","D1-1","The gates keep out everyone who maintains the golf course.","19.36","6.88","7.92","3410","1106","86","models/vlt-gated-golf-estate-16.gltf"
"vlt-gated-golf-estate-17","gated-golf-estate","neighborhood","Gated Golf Estates · D2-1","D2-1","The gates keep out everyone who maintains the golf course.","21.12","6.88","8.64","3410","1106","86","models/vlt-gated-golf-estate-17.gltf"
"vlt-gated-golf-estate-18","gated-golf-estate","neighborhood","Gated Golf Estates · D3-1","D3-1","The gates keep out everyone who maintains the golf course.","22.88","6.88","9.36","3410","1106","86","models/vlt-gated-golf-estate-18.gltf"
"vlt-gated-golf-estate-19","gated-golf-estate","neighborhood","Gated Golf Estates · D4-1","D4-1","The gates keep out everyone who maintains the golf course.","24.64","6.95","10.08","3410","1106","86","models/vlt-gated-golf-estate-19.gltf"
"vlt-gated-golf-estate-20","gated-golf-estate","neighborhood","Gated Golf Estates · D5-1","D5-1","The gates keep out everyone who maintains the golf course.","26.4","7.1","10.8","3410","1106","86","models/vlt-gated-golf-estate-20.gltf"
"vlt-gated-golf-estate-21","gated-golf-estate","neighborhood","Gated Golf Estates · A1-2","A1-2","The gates keep out everyone who maintains the golf course.","19.36","6.88","7.92","2090","602","86","models/vlt-gated-golf-estate-21.gltf"
"vlt-gated-golf-estate-22","gated-golf-estate","neighborhood","Gated Golf Estates · A2-2","A2-2","The gates keep out everyone who maintains the golf course.","21.12","6.88","8.64","2090","602","86","models/vlt-gated-golf-estate-22.gltf"
"vlt-gated-golf-estate-23","gated-golf-estate","neighborhood","Gated Golf Estates · A3-2","A3-2","The gates keep out everyone who maintains the golf course.","22.88","6.88","9.36","2090","602","86","models/vlt-gated-golf-estate-23.gltf"
"vlt-gated-golf-estate-24","gated-golf-estate","neighborhood","Gated Golf Estates · A4-2","A4-2","The gates keep out everyone who maintains the golf course.","24.64","6.95","10.08","2090","602","86","models/vlt-gated-golf-estate-24.gltf"
"vlt-gated-golf-estate-25","gated-golf-estate","neighborhood","Gated Golf Estates · A5-2","A5-2","The gates keep out everyone who maintains the golf course.","26.4","7.1","10.8","2090","602","86","models/vlt-gated-golf-estate-25.gltf"
"vlt-gated-golf-estate-26","gated-golf-estate","neighborhood","Gated Golf Estates · B1-2","B1-2","The gates keep out everyone who maintains the golf course.","19.36","6.88","7.92","2530","770","86","models/vlt-gated-golf-estate-26.gltf"
"vlt-gated-golf-estate-27","gated-golf-estate","neighborhood","Gated Golf Estates · B2-2","B2-2","The gates keep out everyone who maintains the golf course.","21.12","6.88","8.64","2530","770","86","models/vlt-gated-golf-estate-27.gltf"
"vlt-gated-golf-estate-28","gated-golf-estate","neighborhood","Gated Golf Estates · B3-2","B3-2","The gates keep out everyone who maintains the golf course.","22.88","6.88","9.36","2530","770","86","models/vlt-gated-golf-estate-28.gltf"
"vlt-gated-golf-estate-29","gated-golf-estate","neighborhood","Gated Golf Estates · B4-2","B4-2","The gates keep out everyone who maintains the golf course.","24.64","6.95","10.08","2530","770","86","models/vlt-gated-golf-estate-29.gltf"
"vlt-gated-golf-estate-30","gated-golf-estate","neighborhood","Gated Golf Estates · B5-2","B5-2","The gates keep out everyone who maintains the golf course.","26.4","7.1","10.8","2530","770","86","models/vlt-gated-golf-estate-30.gltf"
"vlt-gated-golf-estate-31","gated-golf-estate","neighborhood","Gated Golf Estates · C1-2","C1-2","The gates keep out everyone who maintains the golf course.","19.36","6.88","7.92","2970","938","86","models/vlt-gated-golf-estate-31.gltf"
"vlt-gated-golf-estate-32","gated-golf-estate","neighborhood","Gated Golf Estates · C2-2","C2-2","The gates keep out everyone who maintains the golf course.","21.12","6.88","8.64","2970","938","86","models/vlt-gated-golf-estate-32.gltf"
"vlt-gated-golf-estate-33","gated-golf-estate","neighborhood","Gated Golf Estates · C3-2","C3-2","The gates keep out everyone who maintains the golf course.","22.88","6.88","9.36","2970","938","86","models/vlt-gated-golf-estate-33.gltf"
"vlt-gated-golf-estate-34","gated-golf-estate","neighborhood","Gated Golf Estates · C4-2","C4-2","The gates keep out everyone who maintains the golf course.","24.64","6.95","10.08","2970","938","86","models/vlt-gated-golf-estate-34.gltf"
"vlt-gated-golf-estate-35","gated-golf-estate","neighborhood","Gated Golf Estates · C5-2","C5-2","The gates keep out everyone who maintains the golf course.","26.4","7.1","10.8","2970","938","86","models/vlt-gated-golf-estate-35.gltf"
"vlt-gated-golf-estate-36","gated-golf-estate","neighborhood","Gated Golf Estates · D1-2","D1-2","The gates keep out everyone who maintains the golf course.","19.36","6.88","7.92","3410","1106","86","models/vlt-gated-golf-estate-36.gltf"
"vlt-gated-golf-estate-37","gated-golf-estate","neighborhood","Gated Golf Estates · D2-2","D2-2","The gates keep out everyone who maintains the golf course.","21.12","6.88","8.64","3410","1106","86","models/vlt-gated-golf-estate-37.gltf"
"vlt-gated-golf-estate-38","gated-golf-estate","neighborhood","Gated Golf Estates · D3-2","D3-2","The gates keep out everyone who maintains the golf course.","22.88","6.88","9.36","3410","1106","86","models/vlt-gated-golf-estate-38.gltf"
"vlt-gated-golf-estate-39","gated-golf-estate","neighborhood","Gated Golf Estates · D4-2","D4-2","The gates keep out everyone who maintains the golf course.","24.64","6.95","10.08","3410","1106","86","models/vlt-gated-golf-estate-39.gltf"
"vlt-gated-golf-estate-40","gated-golf-estate","neighborhood","Gated Golf Estates · D5-2","D5-2","The gates keep out everyone who maintains the golf course.","26.4","7.1","10.8","3410","1106","86","models/vlt-gated-golf-estate-40.gltf"
"vlt-gather-farmhouse-01","gather-farmhouse","neighborhood","GATHER Modern Farmhouse · A1-1","A1-1","A farmhouse engineered never to encounter agriculture.","13.2","8.045976","12.32","1312","160","110","models/vlt-gather-farmhouse-01.gltf"
"vlt-gather-farmhouse-02","gather-farmhouse","neighborhood","GATHER Modern Farmhouse · A2-1","A2-1","A farmhouse engineered never to encounter agriculture.","14.4","8.244156","13.44","1420","172","110","models/vlt-gather-farmhouse-02.gltf"
"vlt-gather-farmhouse-03","gather-farmhouse","neighborhood","GATHER Modern Farmhouse · A3-1","A3-1","A farmhouse engineered never to encounter agriculture.","15.6","8.442335","14.56","1312","160","110","models/vlt-gather-farmhouse-03.gltf"
"vlt-gather-farmhouse-04","gather-farmhouse","neighborhood","GATHER Modern Farmhouse · A4-1","A4-1","A farmhouse engineered never to encounter agriculture.","16.8","8.640515","15.68","1420","172","110","models/vlt-gather-farmhouse-04.gltf"
"vlt-gather-farmhouse-05","gather-farmhouse","neighborhood","GATHER Modern Farmhouse · A5-1","A5-1","A farmhouse engineered never to encounter agriculture.","18","8.838694","16.8","1312","160","110","models/vlt-gather-farmhouse-05.gltf"
"vlt-gather-farmhouse-06","gather-farmhouse","neighborhood","GATHER Modern Farmhouse · B1-1","B1-1","A farmhouse engineered never to encounter agriculture.","13.2","8.045976","12.51","1420","172","122","models/vlt-gather-farmhouse-06.gltf"
"vlt-gather-farmhouse-07","gather-farmhouse","neighborhood","GATHER Modern Farmhouse · B2-1","B2-1","A farmhouse engineered never to encounter agriculture.","14.4","8.244156","13.44","1528","184","122","models/vlt-gather-farmhouse-07.gltf"
"vlt-gather-farmhouse-08","gather-farmhouse","neighborhood","GATHER Modern Farmhouse · B3-1","B3-1","A farmhouse engineered never to encounter agriculture.","15.6","8.442335","14.56","1420","172","122","models/vlt-gather-farmhouse-08.gltf"
"vlt-gather-farmhouse-09","gather-farmhouse","neighborhood","GATHER Modern Farmhouse · B4-1","B4-1","A farmhouse engineered never to encounter agriculture.","16.8","8.640515","15.68","1528","184","122","models/vlt-gather-farmhouse-09.gltf"
"vlt-gather-farmhouse-10","gather-farmhouse","neighborhood","GATHER Modern Farmhouse · B5-1","B5-1","A farmhouse engineered never to encounter agriculture.","18","8.838694","16.8","1420","172","122","models/vlt-gather-farmhouse-10.gltf"
"vlt-gather-farmhouse-11","gather-farmhouse","neighborhood","GATHER Modern Farmhouse · C1-1","C1-1","A farmhouse engineered never to encounter agriculture.","13.2","8.045976","12.76","1528","184","134","models/vlt-gather-farmhouse-11.gltf"
"vlt-gather-farmhouse-12","gather-farmhouse","neighborhood","GATHER Modern Farmhouse · C2-1","C2-1","A farmhouse engineered never to encounter agriculture.","14.4","8.244156","13.44","1636","196","134","models/vlt-gather-farmhouse-12.gltf"
"vlt-gather-farmhouse-13","gather-farmhouse","neighborhood","GATHER Modern Farmhouse · C3-1","C3-1","A farmhouse engineered never to encounter agriculture.","15.6","8.442335","14.56","1528","184","134","models/vlt-gather-farmhouse-13.gltf"
"vlt-gather-farmhouse-14","gather-farmhouse","neighborhood","GATHER Modern Farmhouse · C4-1","C4-1","A farmhouse engineered never to encounter agriculture.","16.8","8.640515","15.68","1636","196","134","models/vlt-gather-farmhouse-14.gltf"
"vlt-gather-farmhouse-15","gather-farmhouse","neighborhood","GATHER Modern Farmhouse · C5-1","C5-1","A farmhouse engineered never to encounter agriculture.","18","8.838694","16.8","1528","184","134","models/vlt-gather-farmhouse-15.gltf"
"vlt-gather-farmhouse-16","gather-farmhouse","neighborhood","GATHER Modern Farmhouse · D1-1","D1-1","A farmhouse engineered never to encounter agriculture.","13.2","8.045976","13.01","1636","196","146","models/vlt-gather-farmhouse-16.gltf"
"vlt-gather-farmhouse-17","gather-farmhouse","neighborhood","GATHER Modern Farmhouse · D2-1","D2-1","A farmhouse engineered never to encounter agriculture.","14.4","8.244156","13.57","1744","208","146","models/vlt-gather-farmhouse-17.gltf"
"vlt-gather-farmhouse-18","gather-farmhouse","neighborhood","GATHER Modern Farmhouse · D3-1","D3-1","A farmhouse engineered never to encounter agriculture.","15.6","8.442335","14.56","1636","196","146","models/vlt-gather-farmhouse-18.gltf"
"vlt-gather-farmhouse-19","gather-farmhouse","neighborhood","GATHER Modern Farmhouse · D4-1","D4-1","A farmhouse engineered never to encounter agriculture.","16.8","8.640515","15.68","1744","208","146","models/vlt-gather-farmhouse-19.gltf"
"vlt-gather-farmhouse-20","gather-farmhouse","neighborhood","GATHER Modern Farmhouse · D5-1","D5-1","A farmhouse engineered never to encounter agriculture.","18","8.838694","16.8","1636","196","146","models/vlt-gather-farmhouse-20.gltf"
"vlt-gather-farmhouse-21","gather-farmhouse","neighborhood","GATHER Modern Farmhouse · A1-2","A1-2","A farmhouse engineered never to encounter agriculture.","13.2","8.045976","12.32","1420","172","122","models/vlt-gather-farmhouse-21.gltf"
"vlt-gather-farmhouse-22","gather-farmhouse","neighborhood","GATHER Modern Farmhouse · A2-2","A2-2","A farmhouse engineered never to encounter agriculture.","14.4","8.244156","13.44","1528","184","122","models/vlt-gather-farmhouse-22.gltf"
"vlt-gather-farmhouse-23","gather-farmhouse","neighborhood","GATHER Modern Farmhouse · A3-2","A3-2","A farmhouse engineered never to encounter agriculture.","15.6","8.442335","14.56","1420","172","122","models/vlt-gather-farmhouse-23.gltf"
"vlt-gather-farmhouse-24","gather-farmhouse","neighborhood","GATHER Modern Farmhouse · A4-2","A4-2","A farmhouse engineered never to encounter agriculture.","16.8","8.640515","15.68","1528","184","122","models/vlt-gather-farmhouse-24.gltf"
"vlt-gather-farmhouse-25","gather-farmhouse","neighborhood","GATHER Modern Farmhouse · A5-2","A5-2","A farmhouse engineered never to encounter agriculture.","18","8.838694","16.8","1420","172","122","models/vlt-gather-farmhouse-25.gltf"
"vlt-gather-farmhouse-26","gather-farmhouse","neighborhood","GATHER Modern Farmhouse · B1-2","B1-2","A farmhouse engineered never to encounter agriculture.","13.2","8.045976","12.51","1528","184","134","models/vlt-gather-farmhouse-26.gltf"
"vlt-gather-farmhouse-27","gather-farmhouse","neighborhood","GATHER Modern Farmhouse · B2-2","B2-2","A farmhouse engineered never to encounter agriculture.","14.4","8.244156","13.44","1636","196","134","models/vlt-gather-farmhouse-27.gltf"
"vlt-gather-farmhouse-28","gather-farmhouse","neighborhood","GATHER Modern Farmhouse · B3-2","B3-2","A farmhouse engineered never to encounter agriculture.","15.6","8.442335","14.56","1528","184","134","models/vlt-gather-farmhouse-28.gltf"
"vlt-gather-farmhouse-29","gather-farmhouse","neighborhood","GATHER Modern Farmhouse · B4-2","B4-2","A farmhouse engineered never to encounter agriculture.","16.8","8.640515","15.68","1636","196","134","models/vlt-gather-farmhouse-29.gltf"
"vlt-gather-farmhouse-30","gather-farmhouse","neighborhood","GATHER Modern Farmhouse · B5-2","B5-2","A farmhouse engineered never to encounter agriculture.","18","8.838694","16.8","1528","184","134","models/vlt-gather-farmhouse-30.gltf"
"vlt-gather-farmhouse-31","gather-farmhouse","neighborhood","GATHER Modern Farmhouse · C1-2","C1-2","A farmhouse engineered never to encounter agriculture.","13.2","8.045976","12.76","1636","196","146","models/vlt-gather-farmhouse-31.gltf"
"vlt-gather-farmhouse-32","gather-farmhouse","neighborhood","GATHER Modern Farmhouse · C2-2","C2-2","A farmhouse engineered never to encounter agriculture.","14.4","8.244156","13.44","1744","208","146","models/vlt-gather-farmhouse-32.gltf"
"vlt-gather-farmhouse-33","gather-farmhouse","neighborhood","GATHER Modern Farmhouse · C3-2","C3-2","A farmhouse engineered never to encounter agriculture.","15.6","8.442335","14.56","1636","196","146","models/vlt-gather-farmhouse-33.gltf"
"vlt-gather-farmhouse-34","gather-farmhouse","neighborhood","GATHER Modern Farmhouse · C4-2","C4-2","A farmhouse engineered never to encounter agriculture.","16.8","8.640515","15.68","1744","208","146","models/vlt-gather-farmhouse-34.gltf"
"vlt-gather-farmhouse-35","gather-farmhouse","neighborhood","GATHER Modern Farmhouse · C5-2","C5-2","A farmhouse engineered never to encounter agriculture.","18","8.838694","16.8","1636","196","146","models/vlt-gather-farmhouse-35.gltf"
"vlt-gather-farmhouse-36","gather-farmhouse","neighborhood","GATHER Modern Farmhouse · D1-2","D1-2","A farmhouse engineered never to encounter agriculture.","13.2","8.045976","13.01","1744","208","158","models/vlt-gather-farmhouse-36.gltf"
"vlt-gather-farmhouse-37","gather-farmhouse","neighborhood","GATHER Modern Farmhouse · D2-2","D2-2","A farmhouse engineered never to encounter agriculture.","14.4","8.244156","13.57","1852","220","158","models/vlt-gather-farmhouse-37.gltf"
"vlt-gather-farmhouse-38","gather-farmhouse","neighborhood","GATHER Modern Farmhouse · D3-2","D3-2","A farmhouse engineered never to encounter agriculture.","15.6","8.442335","14.56","1744","208","158","models/vlt-gather-farmhouse-38.gltf"
"vlt-gather-farmhouse-39","gather-farmhouse","neighborhood","GATHER Modern Farmhouse · D4-2","D4-2","A farmhouse engineered never to encounter agriculture.","16.8","8.640515","15.68","1852","220","158","models/vlt-gather-farmhouse-39.gltf"
"vlt-gather-farmhouse-40","gather-farmhouse","neighborhood","GATHER Modern Farmhouse · D5-2","D5-2","A farmhouse engineered never to encounter agriculture.","18","8.838694","16.8","1744","208","158","models/vlt-gather-farmhouse-40.gltf"
"vlt-ghost-kitchen-carousel-01","ghost-kitchen-carousel","commerce","Ghost Kitchen Carousel · A1-1","A1-1","Tonight the same fryer is Tuscan, Korean, and wings.","18.04","7.9468","13.3832","2690","158","122","models/vlt-ghost-kitchen-carousel-01.gltf"
"vlt-ghost-kitchen-carousel-02","ghost-kitchen-carousel","commerce","Ghost Kitchen Carousel · A2-1","A2-1","Tonight the same fryer is Tuscan, Korean, and wings.","19.48","8.1523","13.3832","2690","158","122","models/vlt-ghost-kitchen-carousel-02.gltf"
"vlt-ghost-kitchen-carousel-03","ghost-kitchen-carousel","commerce","Ghost Kitchen Carousel · A3-1","A3-1","Tonight the same fryer is Tuscan, Korean, and wings.","20.92","8.3578","13.3832","2690","158","122","models/vlt-ghost-kitchen-carousel-03.gltf"
"vlt-ghost-kitchen-carousel-04","ghost-kitchen-carousel","commerce","Ghost Kitchen Carousel · A4-1","A4-1","Tonight the same fryer is Tuscan, Korean, and wings.","22.36","8.5633","13.3832","2690","158","122","models/vlt-ghost-kitchen-carousel-04.gltf"
"vlt-ghost-kitchen-carousel-05","ghost-kitchen-carousel","commerce","Ghost Kitchen Carousel · A5-1","A5-1","Tonight the same fryer is Tuscan, Korean, and wings.","23.8","8.7688","13.3832","2690","158","122","models/vlt-ghost-kitchen-carousel-05.gltf"
"vlt-ghost-kitchen-carousel-06","ghost-kitchen-carousel","commerce","Ghost Kitchen Carousel · B1-1","B1-1","Tonight the same fryer is Tuscan, Korean, and wings.","18.04","7.9468","13.9664","3278","158","122","models/vlt-ghost-kitchen-carousel-06.gltf"
"vlt-ghost-kitchen-carousel-07","ghost-kitchen-carousel","commerce","Ghost Kitchen Carousel · B2-1","B2-1","Tonight the same fryer is Tuscan, Korean, and wings.","19.48","8.1523","13.9664","3278","158","122","models/vlt-ghost-kitchen-carousel-07.gltf"
"vlt-ghost-kitchen-carousel-08","ghost-kitchen-carousel","commerce","Ghost Kitchen Carousel · B3-1","B3-1","Tonight the same fryer is Tuscan, Korean, and wings.","20.92","8.3578","13.9664","3278","158","122","models/vlt-ghost-kitchen-carousel-08.gltf"
"vlt-ghost-kitchen-carousel-09","ghost-kitchen-carousel","commerce","Ghost Kitchen Carousel · B4-1","B4-1","Tonight the same fryer is Tuscan, Korean, and wings.","22.36","8.5633","13.9664","3278","158","122","models/vlt-ghost-kitchen-carousel-09.gltf"
"vlt-ghost-kitchen-carousel-10","ghost-kitchen-carousel","commerce","Ghost Kitchen Carousel · B5-1","B5-1","Tonight the same fryer is Tuscan, Korean, and wings.","23.8","8.7688","13.9664","3278","158","122","models/vlt-ghost-kitchen-carousel-10.gltf"
"vlt-ghost-kitchen-carousel-11","ghost-kitchen-carousel","commerce","Ghost Kitchen Carousel · C1-1","C1-1","Tonight the same fryer is Tuscan, Korean, and wings.","18.04","7.9468","14.5496","3866","158","122","models/vlt-ghost-kitchen-carousel-11.gltf"
"vlt-ghost-kitchen-carousel-12","ghost-kitchen-carousel","commerce","Ghost Kitchen Carousel · C2-1","C2-1","Tonight the same fryer is Tuscan, Korean, and wings.","19.48","8.1523","14.5496","3866","158","122","models/vlt-ghost-kitchen-carousel-12.gltf"
"vlt-ghost-kitchen-carousel-13","ghost-kitchen-carousel","commerce","Ghost Kitchen Carousel · C3-1","C3-1","Tonight the same fryer is Tuscan, Korean, and wings.","20.92","8.3578","14.5496","3866","158","122","models/vlt-ghost-kitchen-carousel-13.gltf"
"vlt-ghost-kitchen-carousel-14","ghost-kitchen-carousel","commerce","Ghost Kitchen Carousel · C4-1","C4-1","Tonight the same fryer is Tuscan, Korean, and wings.","22.36","8.5633","14.5496","3866","158","122","models/vlt-ghost-kitchen-carousel-14.gltf"
"vlt-ghost-kitchen-carousel-15","ghost-kitchen-carousel","commerce","Ghost Kitchen Carousel · C5-1","C5-1","Tonight the same fryer is Tuscan, Korean, and wings.","23.8","8.7688","14.5496","3866","158","122","models/vlt-ghost-kitchen-carousel-15.gltf"
"vlt-ghost-kitchen-carousel-16","ghost-kitchen-carousel","commerce","Ghost Kitchen Carousel · D1-1","D1-1","Tonight the same fryer is Tuscan, Korean, and wings.","18.04","7.9468","15.1328","4454","158","122","models/vlt-ghost-kitchen-carousel-16.gltf"
"vlt-ghost-kitchen-carousel-17","ghost-kitchen-carousel","commerce","Ghost Kitchen Carousel · D2-1","D2-1","Tonight the same fryer is Tuscan, Korean, and wings.","19.48","8.1523","15.1328","4454","158","122","models/vlt-ghost-kitchen-carousel-17.gltf"
"vlt-ghost-kitchen-carousel-18","ghost-kitchen-carousel","commerce","Ghost Kitchen Carousel · D3-1","D3-1","Tonight the same fryer is Tuscan, Korean, and wings.","20.92","8.3578","15.1328","4454","158","122","models/vlt-ghost-kitchen-carousel-18.gltf"
"vlt-ghost-kitchen-carousel-19","ghost-kitchen-carousel","commerce","Ghost Kitchen Carousel · D4-1","D4-1","Tonight the same fryer is Tuscan, Korean, and wings.","22.36","8.5633","15.1328","4454","158","122","models/vlt-ghost-kitchen-carousel-19.gltf"
"vlt-ghost-kitchen-carousel-20","ghost-kitchen-carousel","commerce","Ghost Kitchen Carousel · D5-1","D5-1","Tonight the same fryer is Tuscan, Korean, and wings.","23.8","8.7688","15.1328","4454","158","122","models/vlt-ghost-kitchen-carousel-20.gltf"
"vlt-ghost-kitchen-carousel-21","ghost-kitchen-carousel","commerce","Ghost Kitchen Carousel · A1-2","A1-2","Tonight the same fryer is Tuscan, Korean, and wings.","18.04","7.9468","15.5812","3230","194","134","models/vlt-ghost-kitchen-carousel-21.gltf"
"vlt-ghost-kitchen-carousel-22","ghost-kitchen-carousel","commerce","Ghost Kitchen Carousel · A2-2","A2-2","Tonight the same fryer is Tuscan, Korean, and wings.","19.48","8.1523","15.5812","3230","194","134","models/vlt-ghost-kitchen-carousel-22.gltf"
"vlt-ghost-kitchen-carousel-23","ghost-kitchen-carousel","commerce","Ghost Kitchen Carousel · A3-2","A3-2","Tonight the same fryer is Tuscan, Korean, and wings.","20.92","8.3578","15.5812","3230","194","134","models/vlt-ghost-kitchen-carousel-23.gltf"
"vlt-ghost-kitchen-carousel-24","ghost-kitchen-carousel","commerce","Ghost Kitchen Carousel · A4-2","A4-2","Tonight the same fryer is Tuscan, Korean, and wings.","22.36","8.5633","15.5812","3230","194","134","models/vlt-ghost-kitchen-carousel-24.gltf"
"vlt-ghost-kitchen-carousel-25","ghost-kitchen-carousel","commerce","Ghost Kitchen Carousel · A5-2","A5-2","Tonight the same fryer is Tuscan, Korean, and wings.","23.8","8.7688","15.5812","3230","194","134","models/vlt-ghost-kitchen-carousel-25.gltf"
"vlt-ghost-kitchen-carousel-26","ghost-kitchen-carousel","commerce","Ghost Kitchen Carousel · B1-2","B1-2","Tonight the same fryer is Tuscan, Korean, and wings.","18.04","7.9468","16.2724","3818","194","134","models/vlt-ghost-kitchen-carousel-26.gltf"
"vlt-ghost-kitchen-carousel-27","ghost-kitchen-carousel","commerce","Ghost Kitchen Carousel · B2-2","B2-2","Tonight the same fryer is Tuscan, Korean, and wings.","19.48","8.1523","16.2724","3818","194","134","models/vlt-ghost-kitchen-carousel-27.gltf"
"vlt-ghost-kitchen-carousel-28","ghost-kitchen-carousel","commerce","Ghost Kitchen Carousel · B3-2","B3-2","Tonight the same fryer is Tuscan, Korean, and wings.","20.92","8.3578","16.2724","3818","194","134","models/vlt-ghost-kitchen-carousel-28.gltf"
"vlt-ghost-kitchen-carousel-29","ghost-kitchen-carousel","commerce","Ghost Kitchen Carousel · B4-2","B4-2","Tonight the same fryer is Tuscan, Korean, and wings.","22.36","8.5633","16.2724","3818","194","134","models/vlt-ghost-kitchen-carousel-29.gltf"
"vlt-ghost-kitchen-carousel-30","ghost-kitchen-carousel","commerce","Ghost Kitchen Carousel · B5-2","B5-2","Tonight the same fryer is Tuscan, Korean, and wings.","23.8","8.7688","16.2724","3818","194","134","models/vlt-ghost-kitchen-carousel-30.gltf"
"vlt-ghost-kitchen-carousel-31","ghost-kitchen-carousel","commerce","Ghost Kitchen Carousel · C1-2","C1-2","Tonight the same fryer is Tuscan, Korean, and wings.","18.04","7.9468","16.9636","4406","194","134","models/vlt-ghost-kitchen-carousel-31.gltf"
"vlt-ghost-kitchen-carousel-32","ghost-kitchen-carousel","commerce","Ghost Kitchen Carousel · C2-2","C2-2","Tonight the same fryer is Tuscan, Korean, and wings.","19.48","8.1523","16.9636","4406","194","134","models/vlt-ghost-kitchen-carousel-32.gltf"
"vlt-ghost-kitchen-carousel-33","ghost-kitchen-carousel","commerce","Ghost Kitchen Carousel · C3-2","C3-2","Tonight the same fryer is Tuscan, Korean, and wings.","20.92","8.3578","16.9636","4406","194","134","models/vlt-ghost-kitchen-carousel-33.gltf"
"vlt-ghost-kitchen-carousel-34","ghost-kitchen-carousel","commerce","Ghost Kitchen Carousel · C4-2","C4-2","Tonight the same fryer is Tuscan, Korean, and wings.","22.36","8.5633","16.9636","4406","194","134","models/vlt-ghost-kitchen-carousel-34.gltf"
"vlt-ghost-kitchen-carousel-35","ghost-kitchen-carousel","commerce","Ghost Kitchen Carousel · C5-2","C5-2","Tonight the same fryer is Tuscan, Korean, and wings.","23.8","8.7688","16.9636","4406","194","134","models/vlt-ghost-kitchen-carousel-35.gltf"
"vlt-ghost-kitchen-carousel-36","ghost-kitchen-carousel","commerce","Ghost Kitchen Carousel · D1-2","D1-2","Tonight the same fryer is Tuscan, Korean, and wings.","18.04","7.9468","17.6548","4994","194","134","models/vlt-ghost-kitchen-carousel-36.gltf"
"vlt-ghost-kitchen-carousel-37","ghost-kitchen-carousel","commerce","Ghost Kitchen Carousel · D2-2","D2-2","Tonight the same fryer is Tuscan, Korean, and wings.","19.48","8.1523","17.6548","4994","194","134","models/vlt-ghost-kitchen-carousel-37.gltf"
"vlt-ghost-kitchen-carousel-38","ghost-kitchen-carousel","commerce","Ghost Kitchen Carousel · D3-2","D3-2","Tonight the same fryer is Tuscan, Korean, and wings.","20.92","8.3578","17.6548","4994","194","134","models/vlt-ghost-kitchen-carousel-38.gltf"
"vlt-ghost-kitchen-carousel-39","ghost-kitchen-carousel","commerce","Ghost Kitchen Carousel · D4-2","D4-2","Tonight the same fryer is Tuscan, Korean, and wings.","22.36","8.5633","17.6548","4994","194","134","models/vlt-ghost-kitchen-carousel-39.gltf"
"vlt-ghost-kitchen-carousel-40","ghost-kitchen-carousel","commerce","Ghost Kitchen Carousel · D5-2","D5-2","Tonight the same fryer is Tuscan, Korean, and wings.","23.8","8.7688","17.6548","4994","194","134","models/vlt-ghost-kitchen-carousel-40.gltf"
"vlt-golf-cart-village-01","golf-cart-village","neighborhood","Forever Young Golf-Cart Village · A1-1","A1-1","Active-adult freedom at a governed 12 miles per hour.","17.65","2.725","14.469","1850","218","98","models/vlt-golf-cart-village-01.gltf"
"vlt-golf-cart-village-02","golf-cart-village","neighborhood","Forever Young Golf-Cart Village · A2-1","A2-1","Active-adult freedom at a governed 12 miles per hour.","19.2","2.725","15.36","2066","242","98","models/vlt-golf-cart-village-02.gltf"
"vlt-golf-cart-village-03","golf-cart-village","neighborhood","Forever Young Golf-Cart Village · A3-1","A3-1","Active-adult freedom at a governed 12 miles per hour.","20.8","2.725","16.64","2282","266","98","models/vlt-golf-cart-village-03.gltf"
"vlt-golf-cart-village-04","golf-cart-village","neighborhood","Forever Young Golf-Cart Village · A4-1","A4-1","Active-adult freedom at a governed 12 miles per hour.","22.4","2.725","17.92","2498","290","98","models/vlt-golf-cart-village-04.gltf"
"vlt-golf-cart-village-05","golf-cart-village","neighborhood","Forever Young Golf-Cart Village · A5-1","A5-1","Active-adult freedom at a governed 12 miles per hour.","24","2.725","19.2","2714","314","98","models/vlt-golf-cart-village-05.gltf"
"vlt-golf-cart-village-06","golf-cart-village","neighborhood","Forever Young Golf-Cart Village · B1-1","B1-1","Active-adult freedom at a governed 12 miles per hour.","17.65","2.725","14.96","2282","266","98","models/vlt-golf-cart-village-06.gltf"
"vlt-golf-cart-village-07","golf-cart-village","neighborhood","Forever Young Golf-Cart Village · B2-1","B2-1","Active-adult freedom at a governed 12 miles per hour.","19.2","2.725","16.32","2498","290","98","models/vlt-golf-cart-village-07.gltf"
"vlt-golf-cart-village-08","golf-cart-village","neighborhood","Forever Young Golf-Cart Village · B3-1","B3-1","Active-adult freedom at a governed 12 miles per hour.","20.8","2.725","17.68","2714","314","98","models/vlt-golf-cart-village-08.gltf"
"vlt-golf-cart-village-09","golf-cart-village","neighborhood","Forever Young Golf-Cart Village · B4-1","B4-1","Active-adult freedom at a governed 12 miles per hour.","22.4","2.725","19.04","2930","338","98","models/vlt-golf-cart-village-09.gltf"
"vlt-golf-cart-village-10","golf-cart-village","neighborhood","Forever Young Golf-Cart Village · B5-1","B5-1","Active-adult freedom at a governed 12 miles per hour.","24","2.725","20.4","3146","362","98","models/vlt-golf-cart-village-10.gltf"
"vlt-golf-cart-village-11","golf-cart-village","neighborhood","Forever Young Golf-Cart Village · C1-1","C1-1","Active-adult freedom at a governed 12 miles per hour.","17.849103","2.725","15.84","2714","314","98","models/vlt-golf-cart-village-11.gltf"
"vlt-golf-cart-village-12","golf-cart-village","neighborhood","Forever Young Golf-Cart Village · C2-1","C2-1","Active-adult freedom at a governed 12 miles per hour.","19.2","2.725","17.28","2930","338","98","models/vlt-golf-cart-village-12.gltf"
"vlt-golf-cart-village-13","golf-cart-village","neighborhood","Forever Young Golf-Cart Village · C3-1","C3-1","Active-adult freedom at a governed 12 miles per hour.","20.8","2.725","18.72","3146","362","98","models/vlt-golf-cart-village-13.gltf"
"vlt-golf-cart-village-14","golf-cart-village","neighborhood","Forever Young Golf-Cart Village · C4-1","C4-1","Active-adult freedom at a governed 12 miles per hour.","22.4","2.725","20.16","3362","386","98","models/vlt-golf-cart-village-14.gltf"
"vlt-golf-cart-village-15","golf-cart-village","neighborhood","Forever Young Golf-Cart Village · C5-1","C5-1","Active-adult freedom at a governed 12 miles per hour.","24","2.725","21.6","3578","410","98","models/vlt-golf-cart-village-15.gltf"
"vlt-golf-cart-village-16","golf-cart-village","neighborhood","Forever Young Golf-Cart Village · D1-1","D1-1","Active-adult freedom at a governed 12 miles per hour.","18.724103","2.725","16.72","3146","362","98","models/vlt-golf-cart-village-16.gltf"
"vlt-golf-cart-village-17","golf-cart-village","neighborhood","Forever Young Golf-Cart Village · D2-1","D2-1","Active-adult freedom at a governed 12 miles per hour.","19.325","2.725","18.24","3362","386","98","models/vlt-golf-cart-village-17.gltf"
"vlt-golf-cart-village-18","golf-cart-village","neighborhood","Forever Young Golf-Cart Village · D3-1","D3-1","Active-adult freedom at a governed 12 miles per hour.","20.8","2.725","19.76","3578","410","98","models/vlt-golf-cart-village-18.gltf"
"vlt-golf-cart-village-19","golf-cart-village","neighborhood","Forever Young Golf-Cart Village · D4-1","D4-1","Active-adult freedom at a governed 12 miles per hour.","22.4","2.725","21.28","3794","434","98","models/vlt-golf-cart-village-19.gltf"
"vlt-golf-cart-village-20","golf-cart-village","neighborhood","Forever Young Golf-Cart Village · D5-1","D5-1","Active-adult freedom at a governed 12 miles per hour.","24","2.725","22.8","4010","458","98","models/vlt-golf-cart-village-20.gltf"
"vlt-golf-cart-village-21","golf-cart-village","neighborhood","Forever Young Golf-Cart Village · A1-2","A1-2","Active-adult freedom at a governed 12 miles per hour.","17.65","2.725","14.469","1958","230","110","models/vlt-golf-cart-village-21.gltf"
"vlt-golf-cart-village-22","golf-cart-village","neighborhood","Forever Young Golf-Cart Village · A2-2","A2-2","Active-adult freedom at a governed 12 miles per hour.","19.2","2.725","15.36","2174","254","110","models/vlt-golf-cart-village-22.gltf"
"vlt-golf-cart-village-23","golf-cart-village","neighborhood","Forever Young Golf-Cart Village · A3-2","A3-2","Active-adult freedom at a governed 12 miles per hour.","20.8","2.725","16.64","2390","278","110","models/vlt-golf-cart-village-23.gltf"
"vlt-golf-cart-village-24","golf-cart-village","neighborhood","Forever Young Golf-Cart Village · A4-2","A4-2","Active-adult freedom at a governed 12 miles per hour.","22.4","2.725","17.92","2606","302","110","models/vlt-golf-cart-village-24.gltf"
"vlt-golf-cart-village-25","golf-cart-village","neighborhood","Forever Young Golf-Cart Village · A5-2","A5-2","Active-adult freedom at a governed 12 miles per hour.","24","2.725","19.2","2822","326","110","models/vlt-golf-cart-village-25.gltf"
"vlt-golf-cart-village-26","golf-cart-village","neighborhood","Forever Young Golf-Cart Village · B1-2","B1-2","Active-adult freedom at a governed 12 miles per hour.","17.65","2.725","14.96","2390","278","110","models/vlt-golf-cart-village-26.gltf"
"vlt-golf-cart-village-27","golf-cart-village","neighborhood","Forever Young Golf-Cart Village · B2-2","B2-2","Active-adult freedom at a governed 12 miles per hour.","19.2","2.725","16.32","2606","302","110","models/vlt-golf-cart-village-27.gltf"
"vlt-golf-cart-village-28","golf-cart-village","neighborhood","Forever Young Golf-Cart Village · B3-2","B3-2","Active-adult freedom at a governed 12 miles per hour.","20.8","2.725","17.68","2822","326","110","models/vlt-golf-cart-village-28.gltf"
"vlt-golf-cart-village-29","golf-cart-village","neighborhood","Forever Young Golf-Cart Village · B4-2","B4-2","Active-adult freedom at a governed 12 miles per hour.","22.4","2.725","19.04","3038","350","110","models/vlt-golf-cart-village-29.gltf"
"vlt-golf-cart-village-30","golf-cart-village","neighborhood","Forever Young Golf-Cart Village · B5-2","B5-2","Active-adult freedom at a governed 12 miles per hour.","24","2.725","20.4","3254","374","110","models/vlt-golf-cart-village-30.gltf"
"vlt-golf-cart-village-31","golf-cart-village","neighborhood","Forever Young Golf-Cart Village · C1-2","C1-2","Active-adult freedom at a governed 12 miles per hour.","17.849103","2.725","15.84","2822","326","110","models/vlt-golf-cart-village-31.gltf"
"vlt-golf-cart-village-32","golf-cart-village","neighborhood","Forever Young Golf-Cart Village · C2-2","C2-2","Active-adult freedom at a governed 12 miles per hour.","19.2","2.725","17.28","3038","350","110","models/vlt-golf-cart-village-32.gltf"
"vlt-golf-cart-village-33","golf-cart-village","neighborhood","Forever Young Golf-Cart Village · C3-2","C3-2","Active-adult freedom at a governed 12 miles per hour.","20.8","2.725","18.72","3254","374","110","models/vlt-golf-cart-village-33.gltf"
"vlt-golf-cart-village-34","golf-cart-village","neighborhood","Forever Young Golf-Cart Village · C4-2","C4-2","Active-adult freedom at a governed 12 miles per hour.","22.4","2.725","20.16","3470","398","110","models/vlt-golf-cart-village-34.gltf"
"vlt-golf-cart-village-35","golf-cart-village","neighborhood","Forever Young Golf-Cart Village · C5-2","C5-2","Active-adult freedom at a governed 12 miles per hour.","24","2.725","21.6","3686","422","110","models/vlt-golf-cart-village-35.gltf"
"vlt-golf-cart-village-36","golf-cart-village","neighborhood","Forever Young Golf-Cart Village · D1-2","D1-2","Active-adult freedom at a governed 12 miles per hour.","18.724103","2.725","16.72","3254","374","110","models/vlt-golf-cart-village-36.gltf"
"vlt-golf-cart-village-37","golf-cart-village","neighborhood","Forever Young Golf-Cart Village · D2-2","D2-2","Active-adult freedom at a governed 12 miles per hour.","19.325","2.725","18.24","3470","398","110","models/vlt-golf-cart-village-37.gltf"
"vlt-golf-cart-village-38","golf-cart-village","neighborhood","Forever Young Golf-Cart Village · D3-2","D3-2","Active-adult freedom at a governed 12 miles per hour.","20.8","2.725","19.76","3686","422","110","models/vlt-golf-cart-village-38.gltf"
"vlt-golf-cart-village-39","golf-cart-village","neighborhood","Forever Young Golf-Cart Village · D4-2","D4-2","Active-adult freedom at a governed 12 miles per hour.","22.4","2.725","21.28","3902","446","110","models/vlt-golf-cart-village-39.gltf"
"vlt-golf-cart-village-40","golf-cart-village","neighborhood","Forever Young Golf-Cart Village · D5-2","D5-2","Active-adult freedom at a governed 12 miles per hour.","24","2.725","22.8","4118","470","110","models/vlt-golf-cart-village-40.gltf"
"vlt-grid-substation-01","grid-substation","infrastructure","Independent Grid Substation · A1-1","A1-1","Independence arrives through several imported transformers.","11.1962","4.62","8.6984","1866","338","194","models/vlt-grid-substation-01.gltf"
"vlt-grid-substation-02","grid-substation","infrastructure","Independent Grid Substation · A2-1","A2-1","Independence arrives through several imported transformers.","13.6442","4.77","9.4328","2274","434","194","models/vlt-grid-substation-02.gltf"
"vlt-grid-substation-03","grid-substation","infrastructure","Independent Grid Substation · A3-1","A3-1","Independence arrives through several imported transformers.","16.337","4.92","10.1672","2682","530","194","models/vlt-grid-substation-03.gltf"
"vlt-grid-substation-04","grid-substation","infrastructure","Independent Grid Substation · A4-1","A4-1","Independence arrives through several imported transformers.","19.2746","5.07","10.9016","3090","626","194","models/vlt-grid-substation-04.gltf"
"vlt-grid-substation-05","grid-substation","infrastructure","Independent Grid Substation · A5-1","A5-1","Independence arrives through several imported transformers.","22.464","5.22","11.636","3498","722","194","models/vlt-grid-substation-05.gltf"
"vlt-grid-substation-06","grid-substation","infrastructure","Independent Grid Substation · B1-1","B1-1","Independence arrives through several imported transformers.","11.2562","4.62","10.834","2382","446","194","models/vlt-grid-substation-06.gltf"
"vlt-grid-substation-07","grid-substation","infrastructure","Independent Grid Substation · B2-1","B2-1","Independence arrives through several imported transformers.","13.7042","4.77","11.778","2962","578","194","models/vlt-grid-substation-07.gltf"
"vlt-grid-substation-08","grid-substation","infrastructure","Independent Grid Substation · B3-1","B3-1","Independence arrives through several imported transformers.","16.397","4.92","12.722","3542","710","194","models/vlt-grid-substation-08.gltf"
"vlt-grid-substation-09","grid-substation","infrastructure","Independent Grid Substation · B4-1","B4-1","Independence arrives through several imported transformers.","19.3346","5.07","13.666","4122","842","194","models/vlt-grid-substation-09.gltf"
"vlt-grid-substation-10","grid-substation","infrastructure","Independent Grid Substation · B5-1","B5-1","Independence arrives through several imported transformers.","22.517","5.22","14.61","4702","974","194","models/vlt-grid-substation-10.gltf"
"vlt-grid-substation-11","grid-substation","infrastructure","Independent Grid Substation · C1-1","C1-1","Independence arrives through several imported transformers.","11.3162","4.62","10.6736","1866","338","194","models/vlt-grid-substation-11.gltf"
"vlt-grid-substation-12","grid-substation","infrastructure","Independent Grid Substation · C2-1","C2-1","Independence arrives through several imported transformers.","13.7642","4.77","11.5712","2274","434","194","models/vlt-grid-substation-12.gltf"
"vlt-grid-substation-13","grid-substation","infrastructure","Independent Grid Substation · C3-1","C3-1","Independence arrives through several imported transformers.","16.457","4.92","12.4688","2682","530","194","models/vlt-grid-substation-13.gltf"
"vlt-grid-substation-14","grid-substation","infrastructure","Independent Grid Substation · C4-1","C4-1","Independence arrives through several imported transformers.","19.3946","5.07","13.3664","3090","626","194","models/vlt-grid-substation-14.gltf"
"vlt-grid-substation-15","grid-substation","infrastructure","Independent Grid Substation · C5-1","C5-1","Independence arrives through several imported transformers.","22.577","5.22","14.264","3498","722","194","models/vlt-grid-substation-15.gltf"
"vlt-grid-substation-16","grid-substation","infrastructure","Independent Grid Substation · D1-1","D1-1","Independence arrives through several imported transformers.","11.3762","4.62","12.9108","2382","446","194","models/vlt-grid-substation-16.gltf"
"vlt-grid-substation-17","grid-substation","infrastructure","Independent Grid Substation · D2-1","D2-1","Independence arrives through several imported transformers.","13.8242","4.77","14.0436","2962","578","194","models/vlt-grid-substation-17.gltf"
"vlt-grid-substation-18","grid-substation","infrastructure","Independent Grid Substation · D3-1","D3-1","Independence arrives through several imported transformers.","16.517","4.92","15.1764","3542","710","194","models/vlt-grid-substation-18.gltf"
"vlt-grid-substation-19","grid-substation","infrastructure","Independent Grid Substation · D4-1","D4-1","Independence arrives through several imported transformers.","19.4546","5.07","16.3092","4122","842","194","models/vlt-grid-substation-19.gltf"
"vlt-grid-substation-20","grid-substation","infrastructure","Independent Grid Substation · D5-1","D5-1","Independence arrives through several imported transformers.","22.637","5.22","17.442","4702","974","194","models/vlt-grid-substation-20.gltf"
"vlt-grid-substation-21","grid-substation","infrastructure","Independent Grid Substation · A1-2","A1-2","Independence arrives through several imported transformers.","11.1962","4.62","8.6984","2082","362","206","models/vlt-grid-substation-21.gltf"
"vlt-grid-substation-22","grid-substation","infrastructure","Independent Grid Substation · A2-2","A2-2","Independence arrives through several imported transformers.","13.6442","4.77","9.4328","2490","458","206","models/vlt-grid-substation-22.gltf"
"vlt-grid-substation-23","grid-substation","infrastructure","Independent Grid Substation · A3-2","A3-2","Independence arrives through several imported transformers.","16.337","4.92","10.1672","2898","554","206","models/vlt-grid-substation-23.gltf"
"vlt-grid-substation-24","grid-substation","infrastructure","Independent Grid Substation · A4-2","A4-2","Independence arrives through several imported transformers.","19.2746","5.07","10.9016","3306","650","206","models/vlt-grid-substation-24.gltf"
"vlt-grid-substation-25","grid-substation","infrastructure","Independent Grid Substation · A5-2","A5-2","Independence arrives through several imported transformers.","22.464","5.22","11.636","3714","746","206","models/vlt-grid-substation-25.gltf"
"vlt-grid-substation-26","grid-substation","infrastructure","Independent Grid Substation · B1-2","B1-2","Independence arrives through several imported transformers.","11.2562","4.62","10.834","2598","470","206","models/vlt-grid-substation-26.gltf"
"vlt-grid-substation-27","grid-substation","infrastructure","Independent Grid Substation · B2-2","B2-2","Independence arrives through several imported transformers.","13.7042","4.77","11.778","3178","602","206","models/vlt-grid-substation-27.gltf"
"vlt-grid-substation-28","grid-substation","infrastructure","Independent Grid Substation · B3-2","B3-2","Independence arrives through several imported transformers.","16.397","4.92","12.722","3758","734","206","models/vlt-grid-substation-28.gltf"
"vlt-grid-substation-29","grid-substation","infrastructure","Independent Grid Substation · B4-2","B4-2","Independence arrives through several imported transformers.","19.3346","5.07","13.666","4338","866","206","models/vlt-grid-substation-29.gltf"
"vlt-grid-substation-30","grid-substation","infrastructure","Independent Grid Substation · B5-2","B5-2","Independence arrives through several imported transformers.","22.517","5.22","14.61","4918","998","206","models/vlt-grid-substation-30.gltf"
"vlt-grid-substation-31","grid-substation","infrastructure","Independent Grid Substation · C1-2","C1-2","Independence arrives through several imported transformers.","11.3162","4.62","10.6736","2082","362","206","models/vlt-grid-substation-31.gltf"
"vlt-grid-substation-32","grid-substation","infrastructure","Independent Grid Substation · C2-2","C2-2","Independence arrives through several imported transformers.","13.7642","4.77","11.5712","2490","458","206","models/vlt-grid-substation-32.gltf"
"vlt-grid-substation-33","grid-substation","infrastructure","Independent Grid Substation · C3-2","C3-2","Independence arrives through several imported transformers.","16.457","4.92","12.4688","2898","554","206","models/vlt-grid-substation-33.gltf"
"vlt-grid-substation-34","grid-substation","infrastructure","Independent Grid Substation · C4-2","C4-2","Independence arrives through several imported transformers.","19.3946","5.07","13.3664","3306","650","206","models/vlt-grid-substation-34.gltf"
"vlt-grid-substation-35","grid-substation","infrastructure","Independent Grid Substation · C5-2","C5-2","Independence arrives through several imported transformers.","22.577","5.22","14.264","3714","746","206","models/vlt-grid-substation-35.gltf"
"vlt-grid-substation-36","grid-substation","infrastructure","Independent Grid Substation · D1-2","D1-2","Independence arrives through several imported transformers.","11.3762","4.62","12.9108","2598","470","206","models/vlt-grid-substation-36.gltf"
"vlt-grid-substation-37","grid-substation","infrastructure","Independent Grid Substation · D2-2","D2-2","Independence arrives through several imported transformers.","13.8242","4.77","14.0436","3178","602","206","models/vlt-grid-substation-37.gltf"
"vlt-grid-substation-38","grid-substation","infrastructure","Independent Grid Substation · D3-2","D3-2","Independence arrives through several imported transformers.","16.517","4.92","15.1764","3758","734","206","models/vlt-grid-substation-38.gltf"
"vlt-grid-substation-39","grid-substation","infrastructure","Independent Grid Substation · D4-2","D4-2","Independence arrives through several imported transformers.","19.4546","5.07","16.3092","4338","866","206","models/vlt-grid-substation-39.gltf"
"vlt-grid-substation-40","grid-substation","infrastructure","Independent Grid Substation · D5-2","D5-2","Independence arrives through several imported transformers.","22.637","5.22","17.442","4918","998","206","models/vlt-grid-substation-40.gltf"
"vlt-holler-cabin-01","holler-cabin","neighborhood","Holler Cabin Compound · A1-1","A1-1","The amenities are paid off and most of them once ran.","14.12","4.559517","12.32","1570","338","98","models/vlt-holler-cabin-01.gltf"
"vlt-holler-cabin-02","holler-cabin","neighborhood","Holler Cabin Compound · A2-1","A2-1","The amenities are paid off and most of them once ran.","15.36","4.682388","12.84","1786","362","98","models/vlt-holler-cabin-02.gltf"
"vlt-holler-cabin-03","holler-cabin","neighborhood","Holler Cabin Compound · A3-1","A3-1","The amenities are paid off and most of them once ran.","16.64","4.805259","13.572448","2002","386","98","models/vlt-holler-cabin-03.gltf"
"vlt-holler-cabin-04","holler-cabin","neighborhood","Holler Cabin Compound · A4-1","A4-1","The amenities are paid off and most of them once ran.","17.92","4.928131","14.56","2218","410","98","models/vlt-holler-cabin-04.gltf"
"vlt-holler-cabin-05","holler-cabin","neighborhood","Holler Cabin Compound · A5-1","A5-1","The amenities are paid off and most of them once ran.","19.2","5.051002","15.6","2434","434","98","models/vlt-holler-cabin-05.gltf"
"vlt-holler-cabin-06","holler-cabin","neighborhood","Holler Cabin Compound · B1-1","B1-1","The amenities are paid off and most of them once ran.","14.12","4.559517","12.32","1678","350","110","models/vlt-holler-cabin-06.gltf"
"vlt-holler-cabin-07","holler-cabin","neighborhood","Holler Cabin Compound · B2-1","B2-1","The amenities are paid off and most of them once ran.","15.36","4.682388","12.84","1894","374","110","models/vlt-holler-cabin-07.gltf"
"vlt-holler-cabin-08","holler-cabin","neighborhood","Holler Cabin Compound · B3-1","B3-1","The amenities are paid off and most of them once ran.","16.64","4.805259","13.572448","2110","398","110","models/vlt-holler-cabin-08.gltf"
"vlt-holler-cabin-09","holler-cabin","neighborhood","Holler Cabin Compound · B4-1","B4-1","The amenities are paid off and most of them once ran.","17.92","4.928131","14.56","2326","422","110","models/vlt-holler-cabin-09.gltf"
"vlt-holler-cabin-10","holler-cabin","neighborhood","Holler Cabin Compound · B5-1","B5-1","The amenities are paid off and most of them once ran.","19.2","5.051002","15.6","2542","446","110","models/vlt-holler-cabin-10.gltf"
"vlt-holler-cabin-11","holler-cabin","neighborhood","Holler Cabin Compound · C1-1","C1-1","The amenities are paid off and most of them once ran.","14.12","4.559517","12.32","1786","362","122","models/vlt-holler-cabin-11.gltf"
"vlt-holler-cabin-12","holler-cabin","neighborhood","Holler Cabin Compound · C2-1","C2-1","The amenities are paid off and most of them once ran.","15.36","4.682388","12.84","2002","386","122","models/vlt-holler-cabin-12.gltf"
"vlt-holler-cabin-13","holler-cabin","neighborhood","Holler Cabin Compound · C3-1","C3-1","The amenities are paid off and most of them once ran.","16.64","4.805259","13.572448","2218","410","122","models/vlt-holler-cabin-13.gltf"
"vlt-holler-cabin-14","holler-cabin","neighborhood","Holler Cabin Compound · C4-1","C4-1","The amenities are paid off and most of them once ran.","17.92","4.928131","14.56","2434","434","122","models/vlt-holler-cabin-14.gltf"
"vlt-holler-cabin-15","holler-cabin","neighborhood","Holler Cabin Compound · C5-1","C5-1","The amenities are paid off and most of them once ran.","19.2","5.051002","15.6","2650","458","122","models/vlt-holler-cabin-15.gltf"
"vlt-holler-cabin-16","holler-cabin","neighborhood","Holler Cabin Compound · D1-1","D1-1","The amenities are paid off and most of them once ran.","14.12","4.559517","12.32","1894","374","134","models/vlt-holler-cabin-16.gltf"
"vlt-holler-cabin-17","holler-cabin","neighborhood","Holler Cabin Compound · D2-1","D2-1","The amenities are paid off and most of them once ran.","15.36","4.682388","12.84","2110","398","134","models/vlt-holler-cabin-17.gltf"
"vlt-holler-cabin-18","holler-cabin","neighborhood","Holler Cabin Compound · D3-1","D3-1","The amenities are paid off and most of them once ran.","16.64","4.805259","13.572448","2326","422","134","models/vlt-holler-cabin-18.gltf"
"vlt-holler-cabin-19","holler-cabin","neighborhood","Holler Cabin Compound · D4-1","D4-1","The amenities are paid off and most of them once ran.","17.92","4.928131","14.56","2542","446","134","models/vlt-holler-cabin-19.gltf"
"vlt-holler-cabin-20","holler-cabin","neighborhood","Holler Cabin Compound · D5-1","D5-1","The amenities are paid off and most of them once ran.","19.2","5.051002","15.6","2758","470","134","models/vlt-holler-cabin-20.gltf"
"vlt-holler-cabin-21","holler-cabin","neighborhood","Holler Cabin Compound · A1-2","A1-2","The amenities are paid off and most of them once ran.","14.12","4.559517","12.532448","2002","386","98","models/vlt-holler-cabin-21.gltf"
"vlt-holler-cabin-22","holler-cabin","neighborhood","Holler Cabin Compound · A2-2","A2-2","The amenities are paid off and most of them once ran.","15.36","4.682388","13.052448","2218","410","98","models/vlt-holler-cabin-22.gltf"
"vlt-holler-cabin-23","holler-cabin","neighborhood","Holler Cabin Compound · A3-2","A3-2","The amenities are paid off and most of them once ran.","16.64","4.805259","13.572448","2434","434","98","models/vlt-holler-cabin-23.gltf"
"vlt-holler-cabin-24","holler-cabin","neighborhood","Holler Cabin Compound · A4-2","A4-2","The amenities are paid off and most of them once ran.","18.970614","4.928131","14.56","2650","458","98","models/vlt-holler-cabin-24.gltf"
"vlt-holler-cabin-25","holler-cabin","neighborhood","Holler Cabin Compound · A5-2","A5-2","The amenities are paid off and most of them once ran.","22.338013","5.051002","15.6","2866","482","98","models/vlt-holler-cabin-25.gltf"
"vlt-holler-cabin-26","holler-cabin","neighborhood","Holler Cabin Compound · B1-2","B1-2","The amenities are paid off and most of them once ran.","14.12","4.559517","12.532448","2110","398","110","models/vlt-holler-cabin-26.gltf"
"vlt-holler-cabin-27","holler-cabin","neighborhood","Holler Cabin Compound · B2-2","B2-2","The amenities are paid off and most of them once ran.","15.36","4.682388","13.052448","2326","422","110","models/vlt-holler-cabin-27.gltf"
"vlt-holler-cabin-28","holler-cabin","neighborhood","Holler Cabin Compound · B3-2","B3-2","The amenities are paid off and most of them once ran.","16.64","4.805259","13.572448","2542","446","110","models/vlt-holler-cabin-28.gltf"
"vlt-holler-cabin-29","holler-cabin","neighborhood","Holler Cabin Compound · B4-2","B4-2","The amenities are paid off and most of them once ran.","18.970614","4.928131","14.56","2758","470","110","models/vlt-holler-cabin-29.gltf"
"vlt-holler-cabin-30","holler-cabin","neighborhood","Holler Cabin Compound · B5-2","B5-2","The amenities are paid off and most of them once ran.","22.338013","5.051002","15.6","2974","494","110","models/vlt-holler-cabin-30.gltf"
"vlt-holler-cabin-31","holler-cabin","neighborhood","Holler Cabin Compound · C1-2","C1-2","The amenities are paid off and most of them once ran.","14.12","4.559517","12.532448","2218","410","122","models/vlt-holler-cabin-31.gltf"
"vlt-holler-cabin-32","holler-cabin","neighborhood","Holler Cabin Compound · C2-2","C2-2","The amenities are paid off and most of them once ran.","15.36","4.682388","13.052448","2434","434","122","models/vlt-holler-cabin-32.gltf"
"vlt-holler-cabin-33","holler-cabin","neighborhood","Holler Cabin Compound · C3-2","C3-2","The amenities are paid off and most of them once ran.","16.64","4.805259","13.572448","2650","458","122","models/vlt-holler-cabin-33.gltf"
"vlt-holler-cabin-34","holler-cabin","neighborhood","Holler Cabin Compound · C4-2","C4-2","The amenities are paid off and most of them once ran.","18.970614","4.928131","14.56","2866","482","122","models/vlt-holler-cabin-34.gltf"
"vlt-holler-cabin-35","holler-cabin","neighborhood","Holler Cabin Compound · C5-2","C5-2","The amenities are paid off and most of them once ran.","22.338013","5.051002","15.6","3082","506","122","models/vlt-holler-cabin-35.gltf"
"vlt-holler-cabin-36","holler-cabin","neighborhood","Holler Cabin Compound · D1-2","D1-2","The amenities are paid off and most of them once ran.","14.12","4.559517","12.532448","2326","422","134","models/vlt-holler-cabin-36.gltf"
"vlt-holler-cabin-37","holler-cabin","neighborhood","Holler Cabin Compound · D2-2","D2-2","The amenities are paid off and most of them once ran.","15.36","4.682388","13.052448","2542","446","134","models/vlt-holler-cabin-37.gltf"
"vlt-holler-cabin-38","holler-cabin","neighborhood","Holler Cabin Compound · D3-2","D3-2","The amenities are paid off and most of them once ran.","16.64","4.805259","13.572448","2758","470","134","models/vlt-holler-cabin-38.gltf"
"vlt-holler-cabin-39","holler-cabin","neighborhood","Holler Cabin Compound · D4-2","D4-2","The amenities are paid off and most of them once ran.","18.970614","4.928131","14.56","2974","494","134","models/vlt-holler-cabin-39.gltf"
"vlt-holler-cabin-40","holler-cabin","neighborhood","Holler Cabin Compound · D5-2","D5-2","The amenities are paid off and most of them once ran.","22.338013","5.051002","15.6","3190","518","134","models/vlt-holler-cabin-40.gltf"
"vlt-hostile-bench-plaza-01","hostile-bench-plaza","neighborhood","Civic Comfort Plaza · A1-1","A1-1","Public space optimized to prevent the public from resting.","12.040434","3.43","8.8","5318","1802","466","models/vlt-hostile-bench-plaza-01.gltf"
"vlt-hostile-bench-plaza-02","hostile-bench-plaza","neighborhood","Civic Comfort Plaza · A2-1","A2-1","Public space optimized to prevent the public from resting.","13.44","3.43","9.6","6646","2234","466","models/vlt-hostile-bench-plaza-02.gltf"
"vlt-hostile-bench-plaza-03","hostile-bench-plaza","neighborhood","Civic Comfort Plaza · A3-1","A3-1","Public space optimized to prevent the public from resting.","15.6","3.43","10.4","7974","2666","466","models/vlt-hostile-bench-plaza-03.gltf"
"vlt-hostile-bench-plaza-04","hostile-bench-plaza","neighborhood","Civic Comfort Plaza · A4-1","A4-1","Public space optimized to prevent the public from resting.","17.92","3.43","11.2","9302","3098","466","models/vlt-hostile-bench-plaza-04.gltf"
"vlt-hostile-bench-plaza-05","hostile-bench-plaza","neighborhood","Civic Comfort Plaza · A5-1","A5-1","Public space optimized to prevent the public from resting.","20.4","3.43","12","10630","3530","466","models/vlt-hostile-bench-plaza-05.gltf"
"vlt-hostile-bench-plaza-06","hostile-bench-plaza","neighborhood","Civic Comfort Plaza · B1-1","B1-1","Public space optimized to prevent the public from resting.","12.040434","3.43","9.68","5318","1802","466","models/vlt-hostile-bench-plaza-06.gltf"
"vlt-hostile-bench-plaza-07","hostile-bench-plaza","neighborhood","Civic Comfort Plaza · B2-1","B2-1","Public space optimized to prevent the public from resting.","13.44","3.43","10.56","6646","2234","466","models/vlt-hostile-bench-plaza-07.gltf"
"vlt-hostile-bench-plaza-08","hostile-bench-plaza","neighborhood","Civic Comfort Plaza · B3-1","B3-1","Public space optimized to prevent the public from resting.","15.6","3.43","11.44","7974","2666","466","models/vlt-hostile-bench-plaza-08.gltf"
"vlt-hostile-bench-plaza-09","hostile-bench-plaza","neighborhood","Civic Comfort Plaza · B4-1","B4-1","Public space optimized to prevent the public from resting.","17.92","3.43","12.32","9302","3098","466","models/vlt-hostile-bench-plaza-09.gltf"
"vlt-hostile-bench-plaza-10","hostile-bench-plaza","neighborhood","Civic Comfort Plaza · B5-1","B5-1","Public space optimized to prevent the public from resting.","20.4","3.43","13.2","10630","3530","466","models/vlt-hostile-bench-plaza-10.gltf"
"vlt-hostile-bench-plaza-11","hostile-bench-plaza","neighborhood","Civic Comfort Plaza · C1-1","C1-1","Public space optimized to prevent the public from resting.","12.040434","3.43","10.56","5318","1802","466","models/vlt-hostile-bench-plaza-11.gltf"
"vlt-hostile-bench-plaza-12","hostile-bench-plaza","neighborhood","Civic Comfort Plaza · C2-1","C2-1","Public space optimized to prevent the public from resting.","13.44","3.43","11.52","6646","2234","466","models/vlt-hostile-bench-plaza-12.gltf"
"vlt-hostile-bench-plaza-13","hostile-bench-plaza","neighborhood","Civic Comfort Plaza · C3-1","C3-1","Public space optimized to prevent the public from resting.","15.6","3.43","12.48","7974","2666","466","models/vlt-hostile-bench-plaza-13.gltf"
"vlt-hostile-bench-plaza-14","hostile-bench-plaza","neighborhood","Civic Comfort Plaza · C4-1","C4-1","Public space optimized to prevent the public from resting.","17.92","3.43","13.44","9302","3098","466","models/vlt-hostile-bench-plaza-14.gltf"
"vlt-hostile-bench-plaza-15","hostile-bench-plaza","neighborhood","Civic Comfort Plaza · C5-1","C5-1","Public space optimized to prevent the public from resting.","20.4","3.43","14.4","10630","3530","466","models/vlt-hostile-bench-plaza-15.gltf"
"vlt-hostile-bench-plaza-16","hostile-bench-plaza","neighborhood","Civic Comfort Plaza · D1-1","D1-1","Public space optimized to prevent the public from resting.","12.040434","3.43","11.44","5318","1802","466","models/vlt-hostile-bench-plaza-16.gltf"
"vlt-hostile-bench-plaza-17","hostile-bench-plaza","neighborhood","Civic Comfort Plaza · D2-1","D2-1","Public space optimized to prevent the public from resting.","13.44","3.43","12.48","6646","2234","466","models/vlt-hostile-bench-plaza-17.gltf"
"vlt-hostile-bench-plaza-18","hostile-bench-plaza","neighborhood","Civic Comfort Plaza · D3-1","D3-1","Public space optimized to prevent the public from resting.","15.6","3.43","13.52","7974","2666","466","models/vlt-hostile-bench-plaza-18.gltf"
"vlt-hostile-bench-plaza-19","hostile-bench-plaza","neighborhood","Civic Comfort Plaza · D4-1","D4-1","Public space optimized to prevent the public from resting.","17.92","3.43","14.56","9302","3098","466","models/vlt-hostile-bench-plaza-19.gltf"
"vlt-hostile-bench-plaza-20","hostile-bench-plaza","neighborhood","Civic Comfort Plaza · D5-1","D5-1","Public space optimized to prevent the public from resting.","20.4","3.43","15.6","10630","3530","466","models/vlt-hostile-bench-plaza-20.gltf"
"vlt-hostile-bench-plaza-21","hostile-bench-plaza","neighborhood","Civic Comfort Plaza · A1-2","A1-2","Public space optimized to prevent the public from resting.","12.040434","2.35","8.8","4202","1370","490","models/vlt-hostile-bench-plaza-21.gltf"
"vlt-hostile-bench-plaza-22","hostile-bench-plaza","neighborhood","Civic Comfort Plaza · A2-2","A2-2","Public space optimized to prevent the public from resting.","13.44","2.35","9.6","5530","1802","490","models/vlt-hostile-bench-plaza-22.gltf"
"vlt-hostile-bench-plaza-23","hostile-bench-plaza","neighborhood","Civic Comfort Plaza · A3-2","A3-2","Public space optimized to prevent the public from resting.","15.6","2.35","10.4","6858","2234","490","models/vlt-hostile-bench-plaza-23.gltf"
"vlt-hostile-bench-plaza-24","hostile-bench-plaza","neighborhood","Civic Comfort Plaza · A4-2","A4-2","Public space optimized to prevent the public from resting.","17.92","2.35","11.2","8186","2666","490","models/vlt-hostile-bench-plaza-24.gltf"
"vlt-hostile-bench-plaza-25","hostile-bench-plaza","neighborhood","Civic Comfort Plaza · A5-2","A5-2","Public space optimized to prevent the public from resting.","20.4","2.35","12","9514","3098","490","models/vlt-hostile-bench-plaza-25.gltf"
"vlt-hostile-bench-plaza-26","hostile-bench-plaza","neighborhood","Civic Comfort Plaza · B1-2","B1-2","Public space optimized to prevent the public from resting.","12.040434","2.35","9.68","4202","1370","490","models/vlt-hostile-bench-plaza-26.gltf"
"vlt-hostile-bench-plaza-27","hostile-bench-plaza","neighborhood","Civic Comfort Plaza · B2-2","B2-2","Public space optimized to prevent the public from resting.","13.44","2.35","10.56","5530","1802","490","models/vlt-hostile-bench-plaza-27.gltf"
"vlt-hostile-bench-plaza-28","hostile-bench-plaza","neighborhood","Civic Comfort Plaza · B3-2","B3-2","Public space optimized to prevent the public from resting.","15.6","2.35","11.44","6858","2234","490","models/vlt-hostile-bench-plaza-28.gltf"
"vlt-hostile-bench-plaza-29","hostile-bench-plaza","neighborhood","Civic Comfort Plaza · B4-2","B4-2","Public space optimized to prevent the public from resting.","17.92","2.35","12.32","8186","2666","490","models/vlt-hostile-bench-plaza-29.gltf"
"vlt-hostile-bench-plaza-30","hostile-bench-plaza","neighborhood","Civic Comfort Plaza · B5-2","B5-2","Public space optimized to prevent the public from resting.","20.4","2.35","13.2","9514","3098","490","models/vlt-hostile-bench-plaza-30.gltf"
"vlt-hostile-bench-plaza-31","hostile-bench-plaza","neighborhood","Civic Comfort Plaza · C1-2","C1-2","Public space optimized to prevent the public from resting.","12.040434","2.35","10.56","4202","1370","490","models/vlt-hostile-bench-plaza-31.gltf"
"vlt-hostile-bench-plaza-32","hostile-bench-plaza","neighborhood","Civic Comfort Plaza · C2-2","C2-2","Public space optimized to prevent the public from resting.","13.44","2.35","11.52","5530","1802","490","models/vlt-hostile-bench-plaza-32.gltf"
"vlt-hostile-bench-plaza-33","hostile-bench-plaza","neighborhood","Civic Comfort Plaza · C3-2","C3-2","Public space optimized to prevent the public from resting.","15.6","2.35","12.48","6858","2234","490","models/vlt-hostile-bench-plaza-33.gltf"
"vlt-hostile-bench-plaza-34","hostile-bench-plaza","neighborhood","Civic Comfort Plaza · C4-2","C4-2","Public space optimized to prevent the public from resting.","17.92","2.35","13.44","8186","2666","490","models/vlt-hostile-bench-plaza-34.gltf"
"vlt-hostile-bench-plaza-35","hostile-bench-plaza","neighborhood","Civic Comfort Plaza · C5-2","C5-2","Public space optimized to prevent the public from resting.","20.4","2.35","14.4","9514","3098","490","models/vlt-hostile-bench-plaza-35.gltf"
"vlt-hostile-bench-plaza-36","hostile-bench-plaza","neighborhood","Civic Comfort Plaza · D1-2","D1-2","Public space optimized to prevent the public from resting.","12.040434","2.35","11.44","4202","1370","490","models/vlt-hostile-bench-plaza-36.gltf"
"vlt-hostile-bench-plaza-37","hostile-bench-plaza","neighborhood","Civic Comfort Plaza · D2-2","D2-2","Public space optimized to prevent the public from resting.","13.44","2.35","12.48","5530","1802","490","models/vlt-hostile-bench-plaza-37.gltf"
"vlt-hostile-bench-plaza-38","hostile-bench-plaza","neighborhood","Civic Comfort Plaza · D3-2","D3-2","Public space optimized to prevent the public from resting.","15.6","2.35","13.52","6858","2234","490","models/vlt-hostile-bench-plaza-38.gltf"
"vlt-hostile-bench-plaza-39","hostile-bench-plaza","neighborhood","Civic Comfort Plaza · D4-2","D4-2","Public space optimized to prevent the public from resting.","17.92","2.35","14.56","8186","2666","490","models/vlt-hostile-bench-plaza-39.gltf"
"vlt-hostile-bench-plaza-40","hostile-bench-plaza","neighborhood","Civic Comfort Plaza · D5-2","D5-2","Public space optimized to prevent the public from resting.","20.4","2.35","15.6","9514","3098","490","models/vlt-hostile-bench-plaza-40.gltf"
"vlt-lake-serenity-pond-01","lake-serenity-pond","neighborhood","Lake Serenity Retention Pond · A1-1","A1-1","Municipal drainage acquires a luxury amenity fee.","16.72","4","12.56","1266","434","194","models/vlt-lake-serenity-pond-01.gltf"
"vlt-lake-serenity-pond-02","lake-serenity-pond","neighborhood","Lake Serenity Retention Pond · A2-1","A2-1","Municipal drainage acquires a luxury amenity fee.","19.776","4","13.44","1266","434","194","models/vlt-lake-serenity-pond-02.gltf"
"vlt-lake-serenity-pond-03","lake-serenity-pond","neighborhood","Lake Serenity Retention Pond · A3-1","A3-1","Municipal drainage acquires a luxury amenity fee.","23.088","4","14.56","1266","434","194","models/vlt-lake-serenity-pond-03.gltf"
"vlt-lake-serenity-pond-04","lake-serenity-pond","neighborhood","Lake Serenity Retention Pond · A4-1","A4-1","Municipal drainage acquires a luxury amenity fee.","26.656","4","15.68","1266","434","194","models/vlt-lake-serenity-pond-04.gltf"
"vlt-lake-serenity-pond-05","lake-serenity-pond","neighborhood","Lake Serenity Retention Pond · A5-1","A5-1","Municipal drainage acquires a luxury amenity fee.","30.48","4","16.8","1266","434","194","models/vlt-lake-serenity-pond-05.gltf"
"vlt-lake-serenity-pond-06","lake-serenity-pond","neighborhood","Lake Serenity Retention Pond · B1-1","B1-1","Municipal drainage acquires a luxury amenity fee.","16.72","4","13.876","1306","458","194","models/vlt-lake-serenity-pond-06.gltf"
"vlt-lake-serenity-pond-07","lake-serenity-pond","neighborhood","Lake Serenity Retention Pond · B2-1","B2-1","Municipal drainage acquires a luxury amenity fee.","19.776","4","14.784","1306","458","194","models/vlt-lake-serenity-pond-07.gltf"
"vlt-lake-serenity-pond-08","lake-serenity-pond","neighborhood","Lake Serenity Retention Pond · B3-1","B3-1","Municipal drainage acquires a luxury amenity fee.","23.088","4","16.016","1306","458","194","models/vlt-lake-serenity-pond-08.gltf"
"vlt-lake-serenity-pond-09","lake-serenity-pond","neighborhood","Lake Serenity Retention Pond · B4-1","B4-1","Municipal drainage acquires a luxury amenity fee.","26.656","4","17.248","1306","458","194","models/vlt-lake-serenity-pond-09.gltf"
"vlt-lake-serenity-pond-10","lake-serenity-pond","neighborhood","Lake Serenity Retention Pond · B5-1","B5-1","Municipal drainage acquires a luxury amenity fee.","30.48","4","18.48","1306","458","194","models/vlt-lake-serenity-pond-10.gltf"
"vlt-lake-serenity-pond-11","lake-serenity-pond","neighborhood","Lake Serenity Retention Pond · C1-1","C1-1","Municipal drainage acquires a luxury amenity fee.","16.72","4","15.192","1346","482","194","models/vlt-lake-serenity-pond-11.gltf"
"vlt-lake-serenity-pond-12","lake-serenity-pond","neighborhood","Lake Serenity Retention Pond · C2-1","C2-1","Municipal drainage acquires a luxury amenity fee.","19.776","4","16.128","1346","482","194","models/vlt-lake-serenity-pond-12.gltf"
"vlt-lake-serenity-pond-13","lake-serenity-pond","neighborhood","Lake Serenity Retention Pond · C3-1","C3-1","Municipal drainage acquires a luxury amenity fee.","23.088","4","17.472","1346","482","194","models/vlt-lake-serenity-pond-13.gltf"
"vlt-lake-serenity-pond-14","lake-serenity-pond","neighborhood","Lake Serenity Retention Pond · C4-1","C4-1","Municipal drainage acquires a luxury amenity fee.","26.656","4","18.816","1346","482","194","models/vlt-lake-serenity-pond-14.gltf"
"vlt-lake-serenity-pond-15","lake-serenity-pond","neighborhood","Lake Serenity Retention Pond · C5-1","C5-1","Municipal drainage acquires a luxury amenity fee.","30.48","4","20.16","1346","482","194","models/vlt-lake-serenity-pond-15.gltf"
"vlt-lake-serenity-pond-16","lake-serenity-pond","neighborhood","Lake Serenity Retention Pond · D1-1","D1-1","Municipal drainage acquires a luxury amenity fee.","16.72","4","16.508","1386","506","194","models/vlt-lake-serenity-pond-16.gltf"
"vlt-lake-serenity-pond-17","lake-serenity-pond","neighborhood","Lake Serenity Retention Pond · D2-1","D2-1","Municipal drainage acquires a luxury amenity fee.","19.776","4","17.472","1386","506","194","models/vlt-lake-serenity-pond-17.gltf"
"vlt-lake-serenity-pond-18","lake-serenity-pond","neighborhood","Lake Serenity Retention Pond · D3-1","D3-1","Municipal drainage acquires a luxury amenity fee.","23.088","4","18.928","1386","506","194","models/vlt-lake-serenity-pond-18.gltf"
"vlt-lake-serenity-pond-19","lake-serenity-pond","neighborhood","Lake Serenity Retention Pond · D4-1","D4-1","Municipal drainage acquires a luxury amenity fee.","26.656","4","20.384","1386","506","194","models/vlt-lake-serenity-pond-19.gltf"
"vlt-lake-serenity-pond-20","lake-serenity-pond","neighborhood","Lake Serenity Retention Pond · D5-1","D5-1","Municipal drainage acquires a luxury amenity fee.","30.48","4","21.84","1386","506","194","models/vlt-lake-serenity-pond-20.gltf"
"vlt-lake-serenity-pond-21","lake-serenity-pond","neighborhood","Lake Serenity Retention Pond · A1-2","A1-2","Municipal drainage acquires a luxury amenity fee.","16.72","4","12.56","2586","938","194","models/vlt-lake-serenity-pond-21.gltf"
"vlt-lake-serenity-pond-22","lake-serenity-pond","neighborhood","Lake Serenity Retention Pond · A2-2","A2-2","Municipal drainage acquires a luxury amenity fee.","19.776","4","13.44","3026","1106","194","models/vlt-lake-serenity-pond-22.gltf"
"vlt-lake-serenity-pond-23","lake-serenity-pond","neighborhood","Lake Serenity Retention Pond · A3-2","A3-2","Municipal drainage acquires a luxury amenity fee.","23.088","4","14.56","3466","1274","194","models/vlt-lake-serenity-pond-23.gltf"
"vlt-lake-serenity-pond-24","lake-serenity-pond","neighborhood","Lake Serenity Retention Pond · A4-2","A4-2","Municipal drainage acquires a luxury amenity fee.","26.656","4","15.68","3906","1442","194","models/vlt-lake-serenity-pond-24.gltf"
"vlt-lake-serenity-pond-25","lake-serenity-pond","neighborhood","Lake Serenity Retention Pond · A5-2","A5-2","Municipal drainage acquires a luxury amenity fee.","30.48","4","16.8","4346","1610","194","models/vlt-lake-serenity-pond-25.gltf"
"vlt-lake-serenity-pond-26","lake-serenity-pond","neighborhood","Lake Serenity Retention Pond · B1-2","B1-2","Municipal drainage acquires a luxury amenity fee.","16.72","4","13.876","2626","962","194","models/vlt-lake-serenity-pond-26.gltf"
"vlt-lake-serenity-pond-27","lake-serenity-pond","neighborhood","Lake Serenity Retention Pond · B2-2","B2-2","Municipal drainage acquires a luxury amenity fee.","19.776","4","14.784","3066","1130","194","models/vlt-lake-serenity-pond-27.gltf"
"vlt-lake-serenity-pond-28","lake-serenity-pond","neighborhood","Lake Serenity Retention Pond · B3-2","B3-2","Municipal drainage acquires a luxury amenity fee.","23.088","4","16.016","3506","1298","194","models/vlt-lake-serenity-pond-28.gltf"
"vlt-lake-serenity-pond-29","lake-serenity-pond","neighborhood","Lake Serenity Retention Pond · B4-2","B4-2","Municipal drainage acquires a luxury amenity fee.","26.656","4","17.248","3946","1466","194","models/vlt-lake-serenity-pond-29.gltf"
"vlt-lake-serenity-pond-30","lake-serenity-pond","neighborhood","Lake Serenity Retention Pond · B5-2","B5-2","Municipal drainage acquires a luxury amenity fee.","30.48","4","18.48","4386","1634","194","models/vlt-lake-serenity-pond-30.gltf"
"vlt-lake-serenity-pond-31","lake-serenity-pond","neighborhood","Lake Serenity Retention Pond · C1-2","C1-2","Municipal drainage acquires a luxury amenity fee.","16.72","4","15.192","2666","986","194","models/vlt-lake-serenity-pond-31.gltf"
"vlt-lake-serenity-pond-32","lake-serenity-pond","neighborhood","Lake Serenity Retention Pond · C2-2","C2-2","Municipal drainage acquires a luxury amenity fee.","19.776","4","16.128","3106","1154","194","models/vlt-lake-serenity-pond-32.gltf"
"vlt-lake-serenity-pond-33","lake-serenity-pond","neighborhood","Lake Serenity Retention Pond · C3-2","C3-2","Municipal drainage acquires a luxury amenity fee.","23.088","4","17.472","3546","1322","194","models/vlt-lake-serenity-pond-33.gltf"
"vlt-lake-serenity-pond-34","lake-serenity-pond","neighborhood","Lake Serenity Retention Pond · C4-2","C4-2","Municipal drainage acquires a luxury amenity fee.","26.656","4","18.816","3986","1490","194","models/vlt-lake-serenity-pond-34.gltf"
"vlt-lake-serenity-pond-35","lake-serenity-pond","neighborhood","Lake Serenity Retention Pond · C5-2","C5-2","Municipal drainage acquires a luxury amenity fee.","30.48","4","20.16","4426","1658","194","models/vlt-lake-serenity-pond-35.gltf"
"vlt-lake-serenity-pond-36","lake-serenity-pond","neighborhood","Lake Serenity Retention Pond · D1-2","D1-2","Municipal drainage acquires a luxury amenity fee.","16.72","4","16.508","2706","1010","194","models/vlt-lake-serenity-pond-36.gltf"
"vlt-lake-serenity-pond-37","lake-serenity-pond","neighborhood","Lake Serenity Retention Pond · D2-2","D2-2","Municipal drainage acquires a luxury amenity fee.","19.776","4","17.472","3146","1178","194","models/vlt-lake-serenity-pond-37.gltf"
"vlt-lake-serenity-pond-38","lake-serenity-pond","neighborhood","Lake Serenity Retention Pond · D3-2","D3-2","Municipal drainage acquires a luxury amenity fee.","23.088","4","18.928","3586","1346","194","models/vlt-lake-serenity-pond-38.gltf"
"vlt-lake-serenity-pond-39","lake-serenity-pond","neighborhood","Lake Serenity Retention Pond · D4-2","D4-2","Municipal drainage acquires a luxury amenity fee.","26.656","4","20.384","4026","1514","194","models/vlt-lake-serenity-pond-39.gltf"
"vlt-lake-serenity-pond-40","lake-serenity-pond","neighborhood","Lake Serenity Retention Pond · D5-2","D5-2","Municipal drainage acquires a luxury amenity fee.","30.48","4","21.84","4466","1682","194","models/vlt-lake-serenity-pond-40.gltf"
"vlt-lane-lord-burgers-01","lane-lord-burgers","commerce","Lane Lord Burgers · A1-1","A1-1","Have it the landlord’s way, with mandatory parking.","12.76","6.511598","10.48","1782","230","146","models/vlt-lane-lord-burgers-01.gltf"
"vlt-lane-lord-burgers-02","lane-lord-burgers","commerce","Lane Lord Burgers · A2-1","A2-1","Have it the landlord’s way, with mandatory parking.","13.72","6.669098","10.48","1998","242","146","models/vlt-lane-lord-burgers-02.gltf"
"vlt-lane-lord-burgers-03","lane-lord-burgers","commerce","Lane Lord Burgers · A3-1","A3-1","Have it the landlord’s way, with mandatory parking.","14.68","6.826598","10.48","2214","254","146","models/vlt-lane-lord-burgers-03.gltf"
"vlt-lane-lord-burgers-04","lane-lord-burgers","commerce","Lane Lord Burgers · A4-1","A4-1","Have it the landlord’s way, with mandatory parking.","15.64","6.984098","10.48","2322","254","146","models/vlt-lane-lord-burgers-04.gltf"
"vlt-lane-lord-burgers-05","lane-lord-burgers","commerce","Lane Lord Burgers · A5-1","A5-1","Have it the landlord’s way, with mandatory parking.","16.6","7.141598","10.48","2322","254","146","models/vlt-lane-lord-burgers-05.gltf"
"vlt-lane-lord-burgers-06","lane-lord-burgers","commerce","Lane Lord Burgers · B1-1","B1-1","Have it the landlord’s way, with mandatory parking.","12.76","6.511598","10.885","1782","230","146","models/vlt-lane-lord-burgers-06.gltf"
"vlt-lane-lord-burgers-07","lane-lord-burgers","commerce","Lane Lord Burgers · B2-1","B2-1","Have it the landlord’s way, with mandatory parking.","13.72","6.669098","10.885","1998","242","146","models/vlt-lane-lord-burgers-07.gltf"
"vlt-lane-lord-burgers-08","lane-lord-burgers","commerce","Lane Lord Burgers · B3-1","B3-1","Have it the landlord’s way, with mandatory parking.","14.68","6.826598","10.885","2214","254","146","models/vlt-lane-lord-burgers-08.gltf"
"vlt-lane-lord-burgers-09","lane-lord-burgers","commerce","Lane Lord Burgers · B4-1","B4-1","Have it the landlord’s way, with mandatory parking.","15.64","6.984098","10.885","2322","254","146","models/vlt-lane-lord-burgers-09.gltf"
"vlt-lane-lord-burgers-10","lane-lord-burgers","commerce","Lane Lord Burgers · B5-1","B5-1","Have it the landlord’s way, with mandatory parking.","16.6","7.141598","10.885","2322","254","146","models/vlt-lane-lord-burgers-10.gltf"
"vlt-lane-lord-burgers-11","lane-lord-burgers","commerce","Lane Lord Burgers · C1-1","C1-1","Have it the landlord’s way, with mandatory parking.","12.76","6.511598","11.29","1782","230","146","models/vlt-lane-lord-burgers-11.gltf"
"vlt-lane-lord-burgers-12","lane-lord-burgers","commerce","Lane Lord Burgers · C2-1","C2-1","Have it the landlord’s way, with mandatory parking.","13.72","6.669098","11.29","1998","242","146","models/vlt-lane-lord-burgers-12.gltf"
"vlt-lane-lord-burgers-13","lane-lord-burgers","commerce","Lane Lord Burgers · C3-1","C3-1","Have it the landlord’s way, with mandatory parking.","14.68","6.826598","11.29","2214","254","146","models/vlt-lane-lord-burgers-13.gltf"
"vlt-lane-lord-burgers-14","lane-lord-burgers","commerce","Lane Lord Burgers · C4-1","C4-1","Have it the landlord’s way, with mandatory parking.","15.64","6.984098","11.29","2322","254","146","models/vlt-lane-lord-burgers-14.gltf"
"vlt-lane-lord-burgers-15","lane-lord-burgers","commerce","Lane Lord Burgers · C5-1","C5-1","Have it the landlord’s way, with mandatory parking.","16.6","7.141598","11.29","2322","254","146","models/vlt-lane-lord-burgers-15.gltf"
"vlt-lane-lord-burgers-16","lane-lord-burgers","commerce","Lane Lord Burgers · D1-1","D1-1","Have it the landlord’s way, with mandatory parking.","12.76","6.511598","11.695","1782","230","146","models/vlt-lane-lord-burgers-16.gltf"
"vlt-lane-lord-burgers-17","lane-lord-burgers","commerce","Lane Lord Burgers · D2-1","D2-1","Have it the landlord’s way, with mandatory parking.","13.72","6.669098","11.695","1998","242","146","models/vlt-lane-lord-burgers-17.gltf"
"vlt-lane-lord-burgers-18","lane-lord-burgers","commerce","Lane Lord Burgers · D3-1","D3-1","Have it the landlord’s way, with mandatory parking.","14.68","6.826598","11.695","2214","254","146","models/vlt-lane-lord-burgers-18.gltf"
"vlt-lane-lord-burgers-19","lane-lord-burgers","commerce","Lane Lord Burgers · D4-1","D4-1","Have it the landlord’s way, with mandatory parking.","15.64","6.984098","11.695","2322","254","146","models/vlt-lane-lord-burgers-19.gltf"
"vlt-lane-lord-burgers-20","lane-lord-burgers","commerce","Lane Lord Burgers · D5-1","D5-1","Have it the landlord’s way, with mandatory parking.","16.6","7.141598","11.695","2322","254","146","models/vlt-lane-lord-burgers-20.gltf"
"vlt-lane-lord-burgers-21","lane-lord-burgers","commerce","Lane Lord Burgers · A1-2","A1-2","Have it the landlord’s way, with mandatory parking.","12.76","6.511598","12.0484","2322","266","158","models/vlt-lane-lord-burgers-21.gltf"
"vlt-lane-lord-burgers-22","lane-lord-burgers","commerce","Lane Lord Burgers · A2-2","A2-2","Have it the landlord’s way, with mandatory parking.","13.72","6.669098","12.0484","2538","278","158","models/vlt-lane-lord-burgers-22.gltf"
"vlt-lane-lord-burgers-23","lane-lord-burgers","commerce","Lane Lord Burgers · A3-2","A3-2","Have it the landlord’s way, with mandatory parking.","14.68","6.826598","12.0484","2754","290","158","models/vlt-lane-lord-burgers-23.gltf"
"vlt-lane-lord-burgers-24","lane-lord-burgers","commerce","Lane Lord Burgers · A4-2","A4-2","Have it the landlord’s way, with mandatory parking.","15.64","6.984098","12.0484","2862","290","158","models/vlt-lane-lord-burgers-24.gltf"
"vlt-lane-lord-burgers-25","lane-lord-burgers","commerce","Lane Lord Burgers · A5-2","A5-2","Have it the landlord’s way, with mandatory parking.","16.6","7.141598","12.0484","2862","290","158","models/vlt-lane-lord-burgers-25.gltf"
"vlt-lane-lord-burgers-26","lane-lord-burgers","commerce","Lane Lord Burgers · B1-2","B1-2","Have it the landlord’s way, with mandatory parking.","12.76","6.511598","12.5668","2322","266","158","models/vlt-lane-lord-burgers-26.gltf"
"vlt-lane-lord-burgers-27","lane-lord-burgers","commerce","Lane Lord Burgers · B2-2","B2-2","Have it the landlord’s way, with mandatory parking.","13.72","6.669098","12.5668","2538","278","158","models/vlt-lane-lord-burgers-27.gltf"
"vlt-lane-lord-burgers-28","lane-lord-burgers","commerce","Lane Lord Burgers · B3-2","B3-2","Have it the landlord’s way, with mandatory parking.","14.68","6.826598","12.5668","2754","290","158","models/vlt-lane-lord-burgers-28.gltf"
"vlt-lane-lord-burgers-29","lane-lord-burgers","commerce","Lane Lord Burgers · B4-2","B4-2","Have it the landlord’s way, with mandatory parking.","15.64","6.984098","12.5668","2862","290","158","models/vlt-lane-lord-burgers-29.gltf"
"vlt-lane-lord-burgers-30","lane-lord-burgers","commerce","Lane Lord Burgers · B5-2","B5-2","Have it the landlord’s way, with mandatory parking.","16.6","7.141598","12.5668","2862","290","158","models/vlt-lane-lord-burgers-30.gltf"
"vlt-lane-lord-burgers-31","lane-lord-burgers","commerce","Lane Lord Burgers · C1-2","C1-2","Have it the landlord’s way, with mandatory parking.","12.76","6.511598","13.0852","2322","266","158","models/vlt-lane-lord-burgers-31.gltf"
"vlt-lane-lord-burgers-32","lane-lord-burgers","commerce","Lane Lord Burgers · C2-2","C2-2","Have it the landlord’s way, with mandatory parking.","13.72","6.669098","13.0852","2538","278","158","models/vlt-lane-lord-burgers-32.gltf"
"vlt-lane-lord-burgers-33","lane-lord-burgers","commerce","Lane Lord Burgers · C3-2","C3-2","Have it the landlord’s way, with mandatory parking.","14.68","6.826598","13.0852","2754","290","158","models/vlt-lane-lord-burgers-33.gltf"
"vlt-lane-lord-burgers-34","lane-lord-burgers","commerce","Lane Lord Burgers · C4-2","C4-2","Have it the landlord’s way, with mandatory parking.","15.64","6.984098","13.0852","2862","290","158","models/vlt-lane-lord-burgers-34.gltf"
"vlt-lane-lord-burgers-35","lane-lord-burgers","commerce","Lane Lord Burgers · C5-2","C5-2","Have it the landlord’s way, with mandatory parking.","16.6","7.141598","13.0852","2862","290","158","models/vlt-lane-lord-burgers-35.gltf"
"vlt-lane-lord-burgers-36","lane-lord-burgers","commerce","Lane Lord Burgers · D1-2","D1-2","Have it the landlord’s way, with mandatory parking.","12.76","6.511598","13.6036","2322","266","158","models/vlt-lane-lord-burgers-36.gltf"
"vlt-lane-lord-burgers-37","lane-lord-burgers","commerce","Lane Lord Burgers · D2-2","D2-2","Have it the landlord’s way, with mandatory parking.","13.72","6.669098","13.6036","2538","278","158","models/vlt-lane-lord-burgers-37.gltf"
"vlt-lane-lord-burgers-38","lane-lord-burgers","commerce","Lane Lord Burgers · D3-2","D3-2","Have it the landlord’s way, with mandatory parking.","14.68","6.826598","13.6036","2754","290","158","models/vlt-lane-lord-burgers-38.gltf"
"vlt-lane-lord-burgers-39","lane-lord-burgers","commerce","Lane Lord Burgers · D4-2","D4-2","Have it the landlord’s way, with mandatory parking.","15.64","6.984098","13.6036","2862","290","158","models/vlt-lane-lord-burgers-39.gltf"
"vlt-lane-lord-burgers-40","lane-lord-burgers","commerce","Lane Lord Burgers · D5-2","D5-2","Have it the landlord’s way, with mandatory parking.","16.6","7.141598","13.6036","2862","290","158","models/vlt-lane-lord-burgers-40.gltf"
"vlt-last-hellbender-memorial-01","last-hellbender-memorial","neighborhood","Last Hellbender Memorial Lot · A1-1","A1-1","The species lost its creek but gained eight convenient spaces.","13.2","1.955985","10.49","1350","230","142","models/vlt-last-hellbender-memorial-01.gltf"
"vlt-last-hellbender-memorial-02","last-hellbender-memorial","neighborhood","Last Hellbender Memorial Lot · A2-1","A2-1","The species lost its creek but gained eight convenient spaces.","15.36","1.958704","10.93","1458","242","142","models/vlt-last-hellbender-memorial-02.gltf"
"vlt-last-hellbender-memorial-03","last-hellbender-memorial","neighborhood","Last Hellbender Memorial Lot · A3-1","A3-1","The species lost its creek but gained eight convenient spaces.","17.68","1.960717","11.44","1566","254","142","models/vlt-last-hellbender-memorial-03.gltf"
"vlt-last-hellbender-memorial-04","last-hellbender-memorial","neighborhood","Last Hellbender Memorial Lot · A4-1","A4-1","The species lost its creek but gained eight convenient spaces.","20.16","1.962244","12.32","1674","266","142","models/vlt-last-hellbender-memorial-04.gltf"
"vlt-last-hellbender-memorial-05","last-hellbender-memorial","neighborhood","Last Hellbender Memorial Lot · A5-1","A5-1","The species lost its creek but gained eight convenient spaces.","22.8","1.963428","13.2","1782","278","142","models/vlt-last-hellbender-memorial-05.gltf"
"vlt-last-hellbender-memorial-06","last-hellbender-memorial","neighborhood","Last Hellbender Memorial Lot · B1-1","B1-1","The species lost its creek but gained eight convenient spaces.","13.2","1.955985","10.93","1350","230","142","models/vlt-last-hellbender-memorial-06.gltf"
"vlt-last-hellbender-memorial-07","last-hellbender-memorial","neighborhood","Last Hellbender Memorial Lot · B2-1","B2-1","The species lost its creek but gained eight convenient spaces.","15.36","1.958704","11.52","1458","242","142","models/vlt-last-hellbender-memorial-07.gltf"
"vlt-last-hellbender-memorial-08","last-hellbender-memorial","neighborhood","Last Hellbender Memorial Lot · B3-1","B3-1","The species lost its creek but gained eight convenient spaces.","17.68","1.960717","12.48","1566","254","142","models/vlt-last-hellbender-memorial-08.gltf"
"vlt-last-hellbender-memorial-09","last-hellbender-memorial","neighborhood","Last Hellbender Memorial Lot · B4-1","B4-1","The species lost its creek but gained eight convenient spaces.","20.16","1.962244","13.44","1674","266","142","models/vlt-last-hellbender-memorial-09.gltf"
"vlt-last-hellbender-memorial-10","last-hellbender-memorial","neighborhood","Last Hellbender Memorial Lot · B5-1","B5-1","The species lost its creek but gained eight convenient spaces.","22.8","1.963428","14.4","1782","278","142","models/vlt-last-hellbender-memorial-10.gltf"
"vlt-last-hellbender-memorial-11","last-hellbender-memorial","neighborhood","Last Hellbender Memorial Lot · C1-1","C1-1","The species lost its creek but gained eight convenient spaces.","13.2","1.955985","11.44","1350","230","142","models/vlt-last-hellbender-memorial-11.gltf"
"vlt-last-hellbender-memorial-12","last-hellbender-memorial","neighborhood","Last Hellbender Memorial Lot · C2-1","C2-1","The species lost its creek but gained eight convenient spaces.","15.36","1.958704","12.48","1458","242","142","models/vlt-last-hellbender-memorial-12.gltf"
"vlt-last-hellbender-memorial-13","last-hellbender-memorial","neighborhood","Last Hellbender Memorial Lot · C3-1","C3-1","The species lost its creek but gained eight convenient spaces.","17.68","1.960717","13.52","1566","254","142","models/vlt-last-hellbender-memorial-13.gltf"
"vlt-last-hellbender-memorial-14","last-hellbender-memorial","neighborhood","Last Hellbender Memorial Lot · C4-1","C4-1","The species lost its creek but gained eight convenient spaces.","20.16","1.962244","14.56","1674","266","142","models/vlt-last-hellbender-memorial-14.gltf"
"vlt-last-hellbender-memorial-15","last-hellbender-memorial","neighborhood","Last Hellbender Memorial Lot · C5-1","C5-1","The species lost its creek but gained eight convenient spaces.","22.8","1.963428","15.6","1782","278","142","models/vlt-last-hellbender-memorial-15.gltf"
"vlt-last-hellbender-memorial-16","last-hellbender-memorial","neighborhood","Last Hellbender Memorial Lot · D1-1","D1-1","The species lost its creek but gained eight convenient spaces.","13.2","2.02","12.32","1350","230","142","models/vlt-last-hellbender-memorial-16.gltf"
"vlt-last-hellbender-memorial-17","last-hellbender-memorial","neighborhood","Last Hellbender Memorial Lot · D2-1","D2-1","The species lost its creek but gained eight convenient spaces.","15.36","2.02","13.44","1458","242","142","models/vlt-last-hellbender-memorial-17.gltf"
"vlt-last-hellbender-memorial-18","last-hellbender-memorial","neighborhood","Last Hellbender Memorial Lot · D3-1","D3-1","The species lost its creek but gained eight convenient spaces.","17.68","2.02","14.56","1566","254","142","models/vlt-last-hellbender-memorial-18.gltf"
"vlt-last-hellbender-memorial-19","last-hellbender-memorial","neighborhood","Last Hellbender Memorial Lot · D4-1","D4-1","The species lost its creek but gained eight convenient spaces.","20.16","2.02","15.68","1674","266","142","models/vlt-last-hellbender-memorial-19.gltf"
"vlt-last-hellbender-memorial-20","last-hellbender-memorial","neighborhood","Last Hellbender Memorial Lot · D5-1","D5-1","The species lost its creek but gained eight convenient spaces.","22.8","2.02","16.8","1782","278","142","models/vlt-last-hellbender-memorial-20.gltf"
"vlt-last-hellbender-memorial-21","last-hellbender-memorial","neighborhood","Last Hellbender Memorial Lot · A1-2","A1-2","The species lost its creek but gained eight convenient spaces.","13.2","1.955985","10.49","1566","254","142","models/vlt-last-hellbender-memorial-21.gltf"
"vlt-last-hellbender-memorial-22","last-hellbender-memorial","neighborhood","Last Hellbender Memorial Lot · A2-2","A2-2","The species lost its creek but gained eight convenient spaces.","15.36","1.958704","10.93","1674","266","142","models/vlt-last-hellbender-memorial-22.gltf"
"vlt-last-hellbender-memorial-23","last-hellbender-memorial","neighborhood","Last Hellbender Memorial Lot · A3-2","A3-2","The species lost its creek but gained eight convenient spaces.","17.68","1.960717","11.44","1782","278","142","models/vlt-last-hellbender-memorial-23.gltf"
"vlt-last-hellbender-memorial-24","last-hellbender-memorial","neighborhood","Last Hellbender Memorial Lot · A4-2","A4-2","The species lost its creek but gained eight convenient spaces.","20.16","1.962244","12.32","1890","290","142","models/vlt-last-hellbender-memorial-24.gltf"
"vlt-last-hellbender-memorial-25","last-hellbender-memorial","neighborhood","Last Hellbender Memorial Lot · A5-2","A5-2","The species lost its creek but gained eight convenient spaces.","22.8","1.963428","13.2","1998","302","142","models/vlt-last-hellbender-memorial-25.gltf"
"vlt-last-hellbender-memorial-26","last-hellbender-memorial","neighborhood","Last Hellbender Memorial Lot · B1-2","B1-2","The species lost its creek but gained eight convenient spaces.","13.2","1.955985","10.93","1566","254","142","models/vlt-last-hellbender-memorial-26.gltf"
"vlt-last-hellbender-memorial-27","last-hellbender-memorial","neighborhood","Last Hellbender Memorial Lot · B2-2","B2-2","The species lost its creek but gained eight convenient spaces.","15.36","1.958704","11.52","1674","266","142","models/vlt-last-hellbender-memorial-27.gltf"
"vlt-last-hellbender-memorial-28","last-hellbender-memorial","neighborhood","Last Hellbender Memorial Lot · B3-2","B3-2","The species lost its creek but gained eight convenient spaces.","17.68","1.960717","12.48","1782","278","142","models/vlt-last-hellbender-memorial-28.gltf"
"vlt-last-hellbender-memorial-29","last-hellbender-memorial","neighborhood","Last Hellbender Memorial Lot · B4-2","B4-2","The species lost its creek but gained eight convenient spaces.","20.16","1.962244","13.44","1890","290","142","models/vlt-last-hellbender-memorial-29.gltf"
"vlt-last-hellbender-memorial-30","last-hellbender-memorial","neighborhood","Last Hellbender Memorial Lot · B5-2","B5-2","The species lost its creek but gained eight convenient spaces.","22.8","1.963428","14.4","1998","302","142","models/vlt-last-hellbender-memorial-30.gltf"
"vlt-last-hellbender-memorial-31","last-hellbender-memorial","neighborhood","Last Hellbender Memorial Lot · C1-2","C1-2","The species lost its creek but gained eight convenient spaces.","13.2","1.955985","11.44","1566","254","142","models/vlt-last-hellbender-memorial-31.gltf"
"vlt-last-hellbender-memorial-32","last-hellbender-memorial","neighborhood","Last Hellbender Memorial Lot · C2-2","C2-2","The species lost its creek but gained eight convenient spaces.","15.36","1.958704","12.48","1674","266","142","models/vlt-last-hellbender-memorial-32.gltf"
"vlt-last-hellbender-memorial-33","last-hellbender-memorial","neighborhood","Last Hellbender Memorial Lot · C3-2","C3-2","The species lost its creek but gained eight convenient spaces.","17.68","1.960717","13.52","1782","278","142","models/vlt-last-hellbender-memorial-33.gltf"
"vlt-last-hellbender-memorial-34","last-hellbender-memorial","neighborhood","Last Hellbender Memorial Lot · C4-2","C4-2","The species lost its creek but gained eight convenient spaces.","20.16","1.962244","14.56","1890","290","142","models/vlt-last-hellbender-memorial-34.gltf"
"vlt-last-hellbender-memorial-35","last-hellbender-memorial","neighborhood","Last Hellbender Memorial Lot · C5-2","C5-2","The species lost its creek but gained eight convenient spaces.","22.8","1.963428","15.6","1998","302","142","models/vlt-last-hellbender-memorial-35.gltf"
"vlt-last-hellbender-memorial-36","last-hellbender-memorial","neighborhood","Last Hellbender Memorial Lot · D1-2","D1-2","The species lost its creek but gained eight convenient spaces.","13.2","2.02","12.32","1566","254","142","models/vlt-last-hellbender-memorial-36.gltf"
"vlt-last-hellbender-memorial-37","last-hellbender-memorial","neighborhood","Last Hellbender Memorial Lot · D2-2","D2-2","The species lost its creek but gained eight convenient spaces.","15.36","2.02","13.44","1674","266","142","models/vlt-last-hellbender-memorial-37.gltf"
"vlt-last-hellbender-memorial-38","last-hellbender-memorial","neighborhood","Last Hellbender Memorial Lot · D3-2","D3-2","The species lost its creek but gained eight convenient spaces.","17.68","2.02","14.56","1782","278","142","models/vlt-last-hellbender-memorial-38.gltf"
"vlt-last-hellbender-memorial-39","last-hellbender-memorial","neighborhood","Last Hellbender Memorial Lot · D4-2","D4-2","The species lost its creek but gained eight convenient spaces.","20.16","2.02","15.68","1890","290","142","models/vlt-last-hellbender-memorial-39.gltf"
"vlt-last-hellbender-memorial-40","last-hellbender-memorial","neighborhood","Last Hellbender Memorial Lot · D5-2","D5-2","The species lost its creek but gained eight convenient spaces.","22.8","2.02","16.8","1998","302","142","models/vlt-last-hellbender-memorial-40.gltf"
"vlt-lease-eagle-motors-01","lease-eagle-motors","commerce","Lease Eagle Motors · A1-1","A1-1","The bird of prey approves nearly everyone.","20.103113","7.332","15.00058","3082","638","194","models/vlt-lease-eagle-motors-01.gltf"
"vlt-lease-eagle-motors-02","lease-eagle-motors","commerce","Lease Eagle Motors · A2-1","A2-1","The bird of prey approves nearly everyone.","21.793685","7.527","15.060734","3298","650","194","models/vlt-lease-eagle-motors-02.gltf"
"vlt-lease-eagle-motors-03","lease-eagle-motors","commerce","Lease Eagle Motors · A3-1","A3-1","The bird of prey approves nearly everyone.","23.484256","7.722","15.120888","3514","662","194","models/vlt-lease-eagle-motors-03.gltf"
"vlt-lease-eagle-motors-04","lease-eagle-motors","commerce","Lease Eagle Motors · A4-1","A4-1","The bird of prey approves nearly everyone.","25.174828","7.917","15.181042","3622","662","194","models/vlt-lease-eagle-motors-04.gltf"
"vlt-lease-eagle-motors-05","lease-eagle-motors","commerce","Lease Eagle Motors · A5-1","A5-1","The bird of prey approves nearly everyone.","26.865399","8.112","15.241195","3622","662","194","models/vlt-lease-eagle-motors-05.gltf"
"vlt-lease-eagle-motors-06","lease-eagle-motors","commerce","Lease Eagle Motors · B1-1","B1-1","The bird of prey approves nearly everyone.","20.123012","7.332","15.648134","3082","638","194","models/vlt-lease-eagle-motors-06.gltf"
"vlt-lease-eagle-motors-07","lease-eagle-motors","commerce","Lease Eagle Motors · B2-1","B2-1","The bird of prey approves nearly everyone.","21.813584","7.527","15.708288","3298","650","194","models/vlt-lease-eagle-motors-07.gltf"
"vlt-lease-eagle-motors-08","lease-eagle-motors","commerce","Lease Eagle Motors · B3-1","B3-1","The bird of prey approves nearly everyone.","23.504155","7.722","15.768442","3514","662","194","models/vlt-lease-eagle-motors-08.gltf"
"vlt-lease-eagle-motors-09","lease-eagle-motors","commerce","Lease Eagle Motors · B4-1","B4-1","The bird of prey approves nearly everyone.","25.194727","7.917","15.828596","3622","662","194","models/vlt-lease-eagle-motors-09.gltf"
"vlt-lease-eagle-motors-10","lease-eagle-motors","commerce","Lease Eagle Motors · B5-1","B5-1","The bird of prey approves nearly everyone.","26.885298","8.112","15.88875","3622","662","194","models/vlt-lease-eagle-motors-10.gltf"
"vlt-lease-eagle-motors-11","lease-eagle-motors","commerce","Lease Eagle Motors · C1-1","C1-1","The bird of prey approves nearly everyone.","20.142911","7.332","16.295688","3082","638","194","models/vlt-lease-eagle-motors-11.gltf"
"vlt-lease-eagle-motors-12","lease-eagle-motors","commerce","Lease Eagle Motors · C2-1","C2-1","The bird of prey approves nearly everyone.","21.833483","7.527","16.355842","3298","650","194","models/vlt-lease-eagle-motors-12.gltf"
"vlt-lease-eagle-motors-13","lease-eagle-motors","commerce","Lease Eagle Motors · C3-1","C3-1","The bird of prey approves nearly everyone.","23.524054","7.722","16.415996","3514","662","194","models/vlt-lease-eagle-motors-13.gltf"
"vlt-lease-eagle-motors-14","lease-eagle-motors","commerce","Lease Eagle Motors · C4-1","C4-1","The bird of prey approves nearly everyone.","25.214626","7.917","16.47615","3622","662","194","models/vlt-lease-eagle-motors-14.gltf"
"vlt-lease-eagle-motors-15","lease-eagle-motors","commerce","Lease Eagle Motors · C5-1","C5-1","The bird of prey approves nearly everyone.","26.905197","8.112","16.536304","3622","662","194","models/vlt-lease-eagle-motors-15.gltf"
"vlt-lease-eagle-motors-16","lease-eagle-motors","commerce","Lease Eagle Motors · D1-1","D1-1","The bird of prey approves nearly everyone.","20.162811","7.332","16.943242","3082","638","194","models/vlt-lease-eagle-motors-16.gltf"
"vlt-lease-eagle-motors-17","lease-eagle-motors","commerce","Lease Eagle Motors · D2-1","D2-1","The bird of prey approves nearly everyone.","21.853382","7.527","17.003396","3298","650","194","models/vlt-lease-eagle-motors-17.gltf"
"vlt-lease-eagle-motors-18","lease-eagle-motors","commerce","Lease Eagle Motors · D3-1","D3-1","The bird of prey approves nearly everyone.","23.543953","7.722","17.06355","3514","662","194","models/vlt-lease-eagle-motors-18.gltf"
"vlt-lease-eagle-motors-19","lease-eagle-motors","commerce","Lease Eagle Motors · D4-1","D4-1","The bird of prey approves nearly everyone.","25.234525","7.917","17.123704","3622","662","194","models/vlt-lease-eagle-motors-19.gltf"
"vlt-lease-eagle-motors-20","lease-eagle-motors","commerce","Lease Eagle Motors · D5-1","D5-1","The bird of prey approves nearly everyone.","26.925096","8.112","17.183858","3622","662","194","models/vlt-lease-eagle-motors-20.gltf"
"vlt-lease-eagle-motors-21","lease-eagle-motors","commerce","Lease Eagle Motors · A1-2","A1-2","The bird of prey approves nearly everyone.","20.103113","7.332","17.59938","3622","674","206","models/vlt-lease-eagle-motors-21.gltf"
"vlt-lease-eagle-motors-22","lease-eagle-motors","commerce","Lease Eagle Motors · A2-2","A2-2","The bird of prey approves nearly everyone.","21.793685","7.527","17.659534","3838","686","206","models/vlt-lease-eagle-motors-22.gltf"
"vlt-lease-eagle-motors-23","lease-eagle-motors","commerce","Lease Eagle Motors · A3-2","A3-2","The bird of prey approves nearly everyone.","23.484256","7.722","17.719688","4054","698","206","models/vlt-lease-eagle-motors-23.gltf"
"vlt-lease-eagle-motors-24","lease-eagle-motors","commerce","Lease Eagle Motors · A4-2","A4-2","The bird of prey approves nearly everyone.","25.174828","7.917","17.779842","4162","698","206","models/vlt-lease-eagle-motors-24.gltf"
"vlt-lease-eagle-motors-25","lease-eagle-motors","commerce","Lease Eagle Motors · A5-2","A5-2","The bird of prey approves nearly everyone.","26.865399","8.112","17.839995","4162","698","206","models/vlt-lease-eagle-motors-25.gltf"
"vlt-lease-eagle-motors-26","lease-eagle-motors","commerce","Lease Eagle Motors · B1-2","B1-2","The bird of prey approves nearly everyone.","20.123012","7.332","18.410734","3622","674","206","models/vlt-lease-eagle-motors-26.gltf"
"vlt-lease-eagle-motors-27","lease-eagle-motors","commerce","Lease Eagle Motors · B2-2","B2-2","The bird of prey approves nearly everyone.","21.813584","7.527","18.470888","3838","686","206","models/vlt-lease-eagle-motors-27.gltf"
"vlt-lease-eagle-motors-28","lease-eagle-motors","commerce","Lease Eagle Motors · B3-2","B3-2","The bird of prey approves nearly everyone.","23.504155","7.722","18.531042","4054","698","206","models/vlt-lease-eagle-motors-28.gltf"
"vlt-lease-eagle-motors-29","lease-eagle-motors","commerce","Lease Eagle Motors · B4-2","B4-2","The bird of prey approves nearly everyone.","25.194727","7.917","18.591196","4162","698","206","models/vlt-lease-eagle-motors-29.gltf"
"vlt-lease-eagle-motors-30","lease-eagle-motors","commerce","Lease Eagle Motors · B5-2","B5-2","The bird of prey approves nearly everyone.","26.885298","8.112","18.65135","4162","698","206","models/vlt-lease-eagle-motors-30.gltf"
"vlt-lease-eagle-motors-31","lease-eagle-motors","commerce","Lease Eagle Motors · C1-2","C1-2","The bird of prey approves nearly everyone.","20.142911","7.332","19.222088","3622","674","206","models/vlt-lease-eagle-motors-31.gltf"
"vlt-lease-eagle-motors-32","lease-eagle-motors","commerce","Lease Eagle Motors · C2-2","C2-2","The bird of prey approves nearly everyone.","21.833483","7.527","19.282242","3838","686","206","models/vlt-lease-eagle-motors-32.gltf"
"vlt-lease-eagle-motors-33","lease-eagle-motors","commerce","Lease Eagle Motors · C3-2","C3-2","The bird of prey approves nearly everyone.","23.524054","7.722","19.342396","4054","698","206","models/vlt-lease-eagle-motors-33.gltf"
"vlt-lease-eagle-motors-34","lease-eagle-motors","commerce","Lease Eagle Motors · C4-2","C4-2","The bird of prey approves nearly everyone.","25.214626","7.917","19.40255","4162","698","206","models/vlt-lease-eagle-motors-34.gltf"
"vlt-lease-eagle-motors-35","lease-eagle-motors","commerce","Lease Eagle Motors · C5-2","C5-2","The bird of prey approves nearly everyone.","26.905197","8.112","19.462704","4162","698","206","models/vlt-lease-eagle-motors-35.gltf"
"vlt-lease-eagle-motors-36","lease-eagle-motors","commerce","Lease Eagle Motors · D1-2","D1-2","The bird of prey approves nearly everyone.","20.162811","7.332","20.033442","3622","674","206","models/vlt-lease-eagle-motors-36.gltf"
"vlt-lease-eagle-motors-37","lease-eagle-motors","commerce","Lease Eagle Motors · D2-2","D2-2","The bird of prey approves nearly everyone.","21.853382","7.527","20.093596","3838","686","206","models/vlt-lease-eagle-motors-37.gltf"
"vlt-lease-eagle-motors-38","lease-eagle-motors","commerce","Lease Eagle Motors · D3-2","D3-2","The bird of prey approves nearly everyone.","23.543953","7.722","20.15375","4054","698","206","models/vlt-lease-eagle-motors-38.gltf"
"vlt-lease-eagle-motors-39","lease-eagle-motors","commerce","Lease Eagle Motors · D4-2","D4-2","The bird of prey approves nearly everyone.","25.234525","7.917","20.213904","4162","698","206","models/vlt-lease-eagle-motors-39.gltf"
"vlt-lease-eagle-motors-40","lease-eagle-motors","commerce","Lease Eagle Motors · D5-2","D5-2","The bird of prey approves nearly everyone.","26.925096","8.112","20.274058","4162","698","206","models/vlt-lease-eagle-motors-40.gltf"
"vlt-liberty-barndominium-01","liberty-barndominium","neighborhood","Liberty Barndominium · A1-1","A1-1","Rural authenticity sized for an RV and three air fryers.","16.4","7.667108","14.08","914","122","74","models/vlt-liberty-barndominium-01.gltf"
"vlt-liberty-barndominium-02","liberty-barndominium","neighborhood","Liberty Barndominium · A2-1","A2-1","Rural authenticity sized for an RV and three air fryers.","18.1","7.914832","15.36","1022","134","74","models/vlt-liberty-barndominium-02.gltf"
"vlt-liberty-barndominium-03","liberty-barndominium","neighborhood","Liberty Barndominium · A3-1","A3-1","Rural authenticity sized for an RV and three air fryers.","19.88","8.162556","16.64","1130","146","74","models/vlt-liberty-barndominium-03.gltf"
"vlt-liberty-barndominium-04","liberty-barndominium","neighborhood","Liberty Barndominium · A4-1","A4-1","Rural authenticity sized for an RV and three air fryers.","21.74","8.410281","17.92","1238","158","74","models/vlt-liberty-barndominium-04.gltf"
"vlt-liberty-barndominium-05","liberty-barndominium","neighborhood","Liberty Barndominium · A5-1","A5-1","Rural authenticity sized for an RV and three air fryers.","23.68","8.658005","19.2","1346","170","74","models/vlt-liberty-barndominium-05.gltf"
"vlt-liberty-barndominium-06","liberty-barndominium","neighborhood","Liberty Barndominium · B1-1","B1-1","Rural authenticity sized for an RV and three air fryers.","16.4","7.667108","14.96","914","122","74","models/vlt-liberty-barndominium-06.gltf"
"vlt-liberty-barndominium-07","liberty-barndominium","neighborhood","Liberty Barndominium · B2-1","B2-1","Rural authenticity sized for an RV and three air fryers.","18.1","7.914832","16.32","1022","134","74","models/vlt-liberty-barndominium-07.gltf"
"vlt-liberty-barndominium-08","liberty-barndominium","neighborhood","Liberty Barndominium · B3-1","B3-1","Rural authenticity sized for an RV and three air fryers.","19.88","8.162556","17.68","1130","146","74","models/vlt-liberty-barndominium-08.gltf"
"vlt-liberty-barndominium-09","liberty-barndominium","neighborhood","Liberty Barndominium · B4-1","B4-1","Rural authenticity sized for an RV and three air fryers.","21.74","8.410281","19.04","1238","158","74","models/vlt-liberty-barndominium-09.gltf"
"vlt-liberty-barndominium-10","liberty-barndominium","neighborhood","Liberty Barndominium · B5-1","B5-1","Rural authenticity sized for an RV and three air fryers.","23.68","8.658005","20.4","1346","170","74","models/vlt-liberty-barndominium-10.gltf"
"vlt-liberty-barndominium-11","liberty-barndominium","neighborhood","Liberty Barndominium · C1-1","C1-1","Rural authenticity sized for an RV and three air fryers.","16.4","7.667108","15.84","914","122","74","models/vlt-liberty-barndominium-11.gltf"
"vlt-liberty-barndominium-12","liberty-barndominium","neighborhood","Liberty Barndominium · C2-1","C2-1","Rural authenticity sized for an RV and three air fryers.","18.1","7.914832","17.28","1022","134","74","models/vlt-liberty-barndominium-12.gltf"
"vlt-liberty-barndominium-13","liberty-barndominium","neighborhood","Liberty Barndominium · C3-1","C3-1","Rural authenticity sized for an RV and three air fryers.","19.88","8.162556","18.72","1130","146","74","models/vlt-liberty-barndominium-13.gltf"
"vlt-liberty-barndominium-14","liberty-barndominium","neighborhood","Liberty Barndominium · C4-1","C4-1","Rural authenticity sized for an RV and three air fryers.","21.74","8.410281","20.16","1238","158","74","models/vlt-liberty-barndominium-14.gltf"
"vlt-liberty-barndominium-15","liberty-barndominium","neighborhood","Liberty Barndominium · C5-1","C5-1","Rural authenticity sized for an RV and three air fryers.","23.68","8.658005","21.6","1346","170","74","models/vlt-liberty-barndominium-15.gltf"
"vlt-liberty-barndominium-16","liberty-barndominium","neighborhood","Liberty Barndominium · D1-1","D1-1","Rural authenticity sized for an RV and three air fryers.","16.4","7.667108","16.72","914","122","74","models/vlt-liberty-barndominium-16.gltf"
"vlt-liberty-barndominium-17","liberty-barndominium","neighborhood","Liberty Barndominium · D2-1","D2-1","Rural authenticity sized for an RV and three air fryers.","18.1","7.914832","18.24","1022","134","74","models/vlt-liberty-barndominium-17.gltf"
"vlt-liberty-barndominium-18","liberty-barndominium","neighborhood","Liberty Barndominium · D3-1","D3-1","Rural authenticity sized for an RV and three air fryers.","19.88","8.162556","19.76","1130","146","74","models/vlt-liberty-barndominium-18.gltf"
"vlt-liberty-barndominium-19","liberty-barndominium","neighborhood","Liberty Barndominium · D4-1","D4-1","Rural authenticity sized for an RV and three air fryers.","21.74","8.410281","21.28","1238","158","74","models/vlt-liberty-barndominium-19.gltf"
"vlt-liberty-barndominium-20","liberty-barndominium","neighborhood","Liberty Barndominium · D5-1","D5-1","Rural authenticity sized for an RV and three air fryers.","23.68","8.658005","22.8","1346","170","74","models/vlt-liberty-barndominium-20.gltf"
"vlt-liberty-barndominium-21","liberty-barndominium","neighborhood","Liberty Barndominium · A1-2","A1-2","Rural authenticity sized for an RV and three air fryers.","18.25","7.667108","14.08","1022","134","86","models/vlt-liberty-barndominium-21.gltf"
"vlt-liberty-barndominium-22","liberty-barndominium","neighborhood","Liberty Barndominium · A2-2","A2-2","Rural authenticity sized for an RV and three air fryers.","19.37","7.914832","15.36","1130","146","86","models/vlt-liberty-barndominium-22.gltf"
"vlt-liberty-barndominium-23","liberty-barndominium","neighborhood","Liberty Barndominium · A3-2","A3-2","Rural authenticity sized for an RV and three air fryers.","20.49","8.162556","16.64","1238","158","86","models/vlt-liberty-barndominium-23.gltf"
"vlt-liberty-barndominium-24","liberty-barndominium","neighborhood","Liberty Barndominium · A4-2","A4-2","Rural authenticity sized for an RV and three air fryers.","21.74","8.410281","17.92","1346","170","86","models/vlt-liberty-barndominium-24.gltf"
"vlt-liberty-barndominium-25","liberty-barndominium","neighborhood","Liberty Barndominium · A5-2","A5-2","Rural authenticity sized for an RV and three air fryers.","23.68","8.658005","19.2","1454","182","86","models/vlt-liberty-barndominium-25.gltf"
"vlt-liberty-barndominium-26","liberty-barndominium","neighborhood","Liberty Barndominium · B1-2","B1-2","Rural authenticity sized for an RV and three air fryers.","18.25","7.667108","14.96","1022","134","86","models/vlt-liberty-barndominium-26.gltf"
"vlt-liberty-barndominium-27","liberty-barndominium","neighborhood","Liberty Barndominium · B2-2","B2-2","Rural authenticity sized for an RV and three air fryers.","19.37","7.914832","16.32","1130","146","86","models/vlt-liberty-barndominium-27.gltf"
"vlt-liberty-barndominium-28","liberty-barndominium","neighborhood","Liberty Barndominium · B3-2","B3-2","Rural authenticity sized for an RV and three air fryers.","20.49","8.162556","17.68","1238","158","86","models/vlt-liberty-barndominium-28.gltf"
"vlt-liberty-barndominium-29","liberty-barndominium","neighborhood","Liberty Barndominium · B4-2","B4-2","Rural authenticity sized for an RV and three air fryers.","21.74","8.410281","19.04","1346","170","86","models/vlt-liberty-barndominium-29.gltf"
"vlt-liberty-barndominium-30","liberty-barndominium","neighborhood","Liberty Barndominium · B5-2","B5-2","Rural authenticity sized for an RV and three air fryers.","23.68","8.658005","20.4","1454","182","86","models/vlt-liberty-barndominium-30.gltf"
"vlt-liberty-barndominium-31","liberty-barndominium","neighborhood","Liberty Barndominium · C1-2","C1-2","Rural authenticity sized for an RV and three air fryers.","18.25","7.667108","15.84","1022","134","86","models/vlt-liberty-barndominium-31.gltf"
"vlt-liberty-barndominium-32","liberty-barndominium","neighborhood","Liberty Barndominium · C2-2","C2-2","Rural authenticity sized for an RV and three air fryers.","19.37","7.914832","17.28","1130","146","86","models/vlt-liberty-barndominium-32.gltf"
"vlt-liberty-barndominium-33","liberty-barndominium","neighborhood","Liberty Barndominium · C3-2","C3-2","Rural authenticity sized for an RV and three air fryers.","20.49","8.162556","18.72","1238","158","86","models/vlt-liberty-barndominium-33.gltf"
"vlt-liberty-barndominium-34","liberty-barndominium","neighborhood","Liberty Barndominium · C4-2","C4-2","Rural authenticity sized for an RV and three air fryers.","21.74","8.410281","20.16","1346","170","86","models/vlt-liberty-barndominium-34.gltf"
"vlt-liberty-barndominium-35","liberty-barndominium","neighborhood","Liberty Barndominium · C5-2","C5-2","Rural authenticity sized for an RV and three air fryers.","23.68","8.658005","21.6","1454","182","86","models/vlt-liberty-barndominium-35.gltf"
"vlt-liberty-barndominium-36","liberty-barndominium","neighborhood","Liberty Barndominium · D1-2","D1-2","Rural authenticity sized for an RV and three air fryers.","18.25","7.667108","16.72","1022","134","86","models/vlt-liberty-barndominium-36.gltf"
"vlt-liberty-barndominium-37","liberty-barndominium","neighborhood","Liberty Barndominium · D2-2","D2-2","Rural authenticity sized for an RV and three air fryers.","19.37","7.914832","18.24","1130","146","86","models/vlt-liberty-barndominium-37.gltf"
"vlt-liberty-barndominium-38","liberty-barndominium","neighborhood","Liberty Barndominium · D3-2","D3-2","Rural authenticity sized for an RV and three air fryers.","20.49","8.162556","19.76","1238","158","86","models/vlt-liberty-barndominium-38.gltf"
"vlt-liberty-barndominium-39","liberty-barndominium","neighborhood","Liberty Barndominium · D4-2","D4-2","Rural authenticity sized for an RV and three air fryers.","21.74","8.410281","21.28","1346","170","86","models/vlt-liberty-barndominium-39.gltf"
"vlt-liberty-barndominium-40","liberty-barndominium","neighborhood","Liberty Barndominium · D5-2","D5-2","Rural authenticity sized for an RV and three air fryers.","23.68","8.658005","22.8","1454","182","86","models/vlt-liberty-barndominium-40.gltf"
"vlt-liberty-muffler-man-01","liberty-muffler-man","neighborhood","Liberty Muffler Man · A1-1","A1-1","Heritage, petroleum, and body-shop fiberglass at highway scale.","10.3","8.965","7.04","1250","410","212","models/vlt-liberty-muffler-man-01.gltf"
"vlt-liberty-muffler-man-02","liberty-muffler-man","neighborhood","Liberty Muffler Man · A2-1","A2-1","Heritage, petroleum, and body-shop fiberglass at highway scale.","10.7","9.589","7.68","1250","410","212","models/vlt-liberty-muffler-man-02.gltf"
"vlt-liberty-muffler-man-03","liberty-muffler-man","neighborhood","Liberty Muffler Man · A3-1","A3-1","Heritage, petroleum, and body-shop fiberglass at highway scale.","11.1","10.213","8.32","1250","410","212","models/vlt-liberty-muffler-man-03.gltf"
"vlt-liberty-muffler-man-04","liberty-muffler-man","neighborhood","Liberty Muffler Man · A4-1","A4-1","Heritage, petroleum, and body-shop fiberglass at highway scale.","11.5","10.837","8.96","1250","410","212","models/vlt-liberty-muffler-man-04.gltf"
"vlt-liberty-muffler-man-05","liberty-muffler-man","neighborhood","Liberty Muffler Man · A5-1","A5-1","Heritage, petroleum, and body-shop fiberglass at highway scale.","12","11.461","9.6","1250","410","212","models/vlt-liberty-muffler-man-05.gltf"
"vlt-liberty-muffler-man-06","liberty-muffler-man","neighborhood","Liberty Muffler Man · B1-1","B1-1","Heritage, petroleum, and body-shop fiberglass at highway scale.","10.45","8.965","7.92","1250","410","212","models/vlt-liberty-muffler-man-06.gltf"
"vlt-liberty-muffler-man-07","liberty-muffler-man","neighborhood","Liberty Muffler Man · B2-1","B2-1","Heritage, petroleum, and body-shop fiberglass at highway scale.","10.85","9.589","8.64","1250","410","212","models/vlt-liberty-muffler-man-07.gltf"
"vlt-liberty-muffler-man-08","liberty-muffler-man","neighborhood","Liberty Muffler Man · B3-1","B3-1","Heritage, petroleum, and body-shop fiberglass at highway scale.","11.25","10.213","9.36","1250","410","212","models/vlt-liberty-muffler-man-08.gltf"
"vlt-liberty-muffler-man-09","liberty-muffler-man","neighborhood","Liberty Muffler Man · B4-1","B4-1","Heritage, petroleum, and body-shop fiberglass at highway scale.","11.65","10.837","10.08","1250","410","212","models/vlt-liberty-muffler-man-09.gltf"
"vlt-liberty-muffler-man-10","liberty-muffler-man","neighborhood","Liberty Muffler Man · B5-1","B5-1","Heritage, petroleum, and body-shop fiberglass at highway scale.","12.05","11.461","10.8","1250","410","212","models/vlt-liberty-muffler-man-10.gltf"
"vlt-liberty-muffler-man-11","liberty-muffler-man","neighborhood","Liberty Muffler Man · C1-1","C1-1","Heritage, petroleum, and body-shop fiberglass at highway scale.","10.6","8.965","8.8","1250","410","212","models/vlt-liberty-muffler-man-11.gltf"
"vlt-liberty-muffler-man-12","liberty-muffler-man","neighborhood","Liberty Muffler Man · C2-1","C2-1","Heritage, petroleum, and body-shop fiberglass at highway scale.","11","9.589","9.6","1250","410","212","models/vlt-liberty-muffler-man-12.gltf"
"vlt-liberty-muffler-man-13","liberty-muffler-man","neighborhood","Liberty Muffler Man · C3-1","C3-1","Heritage, petroleum, and body-shop fiberglass at highway scale.","11.4","10.213","10.4","1250","410","212","models/vlt-liberty-muffler-man-13.gltf"
"vlt-liberty-muffler-man-14","liberty-muffler-man","neighborhood","Liberty Muffler Man · C4-1","C4-1","Heritage, petroleum, and body-shop fiberglass at highway scale.","11.8","10.837","11.2","1250","410","212","models/vlt-liberty-muffler-man-14.gltf"
"vlt-liberty-muffler-man-15","liberty-muffler-man","neighborhood","Liberty Muffler Man · C5-1","C5-1","Heritage, petroleum, and body-shop fiberglass at highway scale.","12.2","11.461","12","1250","410","212","models/vlt-liberty-muffler-man-15.gltf"
"vlt-liberty-muffler-man-16","liberty-muffler-man","neighborhood","Liberty Muffler Man · D1-1","D1-1","Heritage, petroleum, and body-shop fiberglass at highway scale.","10.75","8.965","9.68","1250","410","212","models/vlt-liberty-muffler-man-16.gltf"
"vlt-liberty-muffler-man-17","liberty-muffler-man","neighborhood","Liberty Muffler Man · D2-1","D2-1","Heritage, petroleum, and body-shop fiberglass at highway scale.","11.15","9.589","10.56","1250","410","212","models/vlt-liberty-muffler-man-17.gltf"
"vlt-liberty-muffler-man-18","liberty-muffler-man","neighborhood","Liberty Muffler Man · D3-1","D3-1","Heritage, petroleum, and body-shop fiberglass at highway scale.","11.55","10.213","11.44","1250","410","212","models/vlt-liberty-muffler-man-18.gltf"
"vlt-liberty-muffler-man-19","liberty-muffler-man","neighborhood","Liberty Muffler Man · D4-1","D4-1","Heritage, petroleum, and body-shop fiberglass at highway scale.","11.95","10.837","12.32","1250","410","212","models/vlt-liberty-muffler-man-19.gltf"
"vlt-liberty-muffler-man-20","liberty-muffler-man","neighborhood","Liberty Muffler Man · D5-1","D5-1","Heritage, petroleum, and body-shop fiberglass at highway scale.","12.35","11.461","13.2","1250","410","212","models/vlt-liberty-muffler-man-20.gltf"
"vlt-liberty-muffler-man-21","liberty-muffler-man","neighborhood","Liberty Muffler Man · A1-2","A1-2","Heritage, petroleum, and body-shop fiberglass at highway scale.","10.366062","8.965","7.04","1250","410","212","models/vlt-liberty-muffler-man-21.gltf"
"vlt-liberty-muffler-man-22","liberty-muffler-man","neighborhood","Liberty Muffler Man · A2-2","A2-2","Heritage, petroleum, and body-shop fiberglass at highway scale.","10.766062","9.589","7.68","1250","410","212","models/vlt-liberty-muffler-man-22.gltf"
"vlt-liberty-muffler-man-23","liberty-muffler-man","neighborhood","Liberty Muffler Man · A3-2","A3-2","Heritage, petroleum, and body-shop fiberglass at highway scale.","11.166062","10.213","8.32","1250","410","212","models/vlt-liberty-muffler-man-23.gltf"
"vlt-liberty-muffler-man-24","liberty-muffler-man","neighborhood","Liberty Muffler Man · A4-2","A4-2","Heritage, petroleum, and body-shop fiberglass at highway scale.","11.566062","10.837","8.96","1250","410","212","models/vlt-liberty-muffler-man-24.gltf"
"vlt-liberty-muffler-man-25","liberty-muffler-man","neighborhood","Liberty Muffler Man · A5-2","A5-2","Heritage, petroleum, and body-shop fiberglass at highway scale.","12","11.461","9.6","1250","410","212","models/vlt-liberty-muffler-man-25.gltf"
"vlt-liberty-muffler-man-26","liberty-muffler-man","neighborhood","Liberty Muffler Man · B1-2","B1-2","Heritage, petroleum, and body-shop fiberglass at highway scale.","10.513167","8.965","7.92","1250","410","212","models/vlt-liberty-muffler-man-26.gltf"
"vlt-liberty-muffler-man-27","liberty-muffler-man","neighborhood","Liberty Muffler Man · B2-2","B2-2","Heritage, petroleum, and body-shop fiberglass at highway scale.","10.913167","9.589","8.64","1250","410","212","models/vlt-liberty-muffler-man-27.gltf"
"vlt-liberty-muffler-man-28","liberty-muffler-man","neighborhood","Liberty Muffler Man · B3-2","B3-2","Heritage, petroleum, and body-shop fiberglass at highway scale.","11.313167","10.213","9.36","1250","410","212","models/vlt-liberty-muffler-man-28.gltf"
"vlt-liberty-muffler-man-29","liberty-muffler-man","neighborhood","Liberty Muffler Man · B4-2","B4-2","Heritage, petroleum, and body-shop fiberglass at highway scale.","11.713167","10.837","10.08","1250","410","212","models/vlt-liberty-muffler-man-29.gltf"
"vlt-liberty-muffler-man-30","liberty-muffler-man","neighborhood","Liberty Muffler Man · B5-2","B5-2","Heritage, petroleum, and body-shop fiberglass at highway scale.","12.113167","11.461","10.8","1250","410","212","models/vlt-liberty-muffler-man-30.gltf"
"vlt-liberty-muffler-man-31","liberty-muffler-man","neighborhood","Liberty Muffler Man · C1-2","C1-2","Heritage, petroleum, and body-shop fiberglass at highway scale.","10.660271","8.965","8.8","1250","410","212","models/vlt-liberty-muffler-man-31.gltf"
"vlt-liberty-muffler-man-32","liberty-muffler-man","neighborhood","Liberty Muffler Man · C2-2","C2-2","Heritage, petroleum, and body-shop fiberglass at highway scale.","11.060271","9.589","9.6","1250","410","212","models/vlt-liberty-muffler-man-32.gltf"
"vlt-liberty-muffler-man-33","liberty-muffler-man","neighborhood","Liberty Muffler Man · C3-2","C3-2","Heritage, petroleum, and body-shop fiberglass at highway scale.","11.460271","10.213","10.4","1250","410","212","models/vlt-liberty-muffler-man-33.gltf"
"vlt-liberty-muffler-man-34","liberty-muffler-man","neighborhood","Liberty Muffler Man · C4-2","C4-2","Heritage, petroleum, and body-shop fiberglass at highway scale.","11.860271","10.837","11.2","1250","410","212","models/vlt-liberty-muffler-man-34.gltf"
"vlt-liberty-muffler-man-35","liberty-muffler-man","neighborhood","Liberty Muffler Man · C5-2","C5-2","Heritage, petroleum, and body-shop fiberglass at highway scale.","12.260271","11.461","12","1250","410","212","models/vlt-liberty-muffler-man-35.gltf"
"vlt-liberty-muffler-man-36","liberty-muffler-man","neighborhood","Liberty Muffler Man · D1-2","D1-2","Heritage, petroleum, and body-shop fiberglass at highway scale.","10.807376","8.965","9.68","1250","410","212","models/vlt-liberty-muffler-man-36.gltf"
"vlt-liberty-muffler-man-37","liberty-muffler-man","neighborhood","Liberty Muffler Man · D2-2","D2-2","Heritage, petroleum, and body-shop fiberglass at highway scale.","11.207376","9.589","10.56","1250","410","212","models/vlt-liberty-muffler-man-37.gltf"
"vlt-liberty-muffler-man-38","liberty-muffler-man","neighborhood","Liberty Muffler Man · D3-2","D3-2","Heritage, petroleum, and body-shop fiberglass at highway scale.","11.607376","10.213","11.44","1250","410","212","models/vlt-liberty-muffler-man-38.gltf"
"vlt-liberty-muffler-man-39","liberty-muffler-man","neighborhood","Liberty Muffler Man · D4-2","D4-2","Heritage, petroleum, and body-shop fiberglass at highway scale.","12.007376","10.837","12.32","1250","410","212","models/vlt-liberty-muffler-man-39.gltf"
"vlt-liberty-muffler-man-40","liberty-muffler-man","neighborhood","Liberty Muffler Man · D5-2","D5-2","Heritage, petroleum, and body-shop fiberglass at highway scale.","12.407376","11.461","13.2","1250","410","212","models/vlt-liberty-muffler-man-40.gltf"
"vlt-loyalty-lab-01","loyalty-lab","commerce","Loyalty Lab · A1-1","A1-1","Earn ten thousand points toward one emotionally significant coupon.","15.4","7.19","12.32","3226","818","306","models/vlt-loyalty-lab-01.gltf"
"vlt-loyalty-lab-02","loyalty-lab","commerce","Loyalty Lab · A2-1","A2-1","Earn ten thousand points toward one emotionally significant coupon.","16.6","7.3775","12.32","3226","818","306","models/vlt-loyalty-lab-02.gltf"
"vlt-loyalty-lab-03","loyalty-lab","commerce","Loyalty Lab · A3-1","A3-1","Earn ten thousand points toward one emotionally significant coupon.","17.8","7.565","12.32","3226","818","306","models/vlt-loyalty-lab-03.gltf"
"vlt-loyalty-lab-04","loyalty-lab","commerce","Loyalty Lab · A4-1","A4-1","Earn ten thousand points toward one emotionally significant coupon.","19","7.7525","12.32","3226","818","306","models/vlt-loyalty-lab-04.gltf"
"vlt-loyalty-lab-05","loyalty-lab","commerce","Loyalty Lab · A5-1","A5-1","Earn ten thousand points toward one emotionally significant coupon.","20.2","7.94","12.32","3226","818","306","models/vlt-loyalty-lab-05.gltf"
"vlt-loyalty-lab-06","loyalty-lab","commerce","Loyalty Lab · B1-1","B1-1","Earn ten thousand points toward one emotionally significant coupon.","15.4","7.945391","12.815","3226","818","306","models/vlt-loyalty-lab-06.gltf"
"vlt-loyalty-lab-07","loyalty-lab","commerce","Loyalty Lab · B2-1","B2-1","Earn ten thousand points toward one emotionally significant coupon.","16.6","8.19949","12.815","3226","818","306","models/vlt-loyalty-lab-07.gltf"
"vlt-loyalty-lab-08","loyalty-lab","commerce","Loyalty Lab · B3-1","B3-1","Earn ten thousand points toward one emotionally significant coupon.","17.8","8.453589","12.815","3226","818","306","models/vlt-loyalty-lab-08.gltf"
"vlt-loyalty-lab-09","loyalty-lab","commerce","Loyalty Lab · B4-1","B4-1","Earn ten thousand points toward one emotionally significant coupon.","19","8.707688","12.815","3226","818","306","models/vlt-loyalty-lab-09.gltf"
"vlt-loyalty-lab-10","loyalty-lab","commerce","Loyalty Lab · B5-1","B5-1","Earn ten thousand points toward one emotionally significant coupon.","20.2","8.961787","12.815","3226","818","306","models/vlt-loyalty-lab-10.gltf"
"vlt-loyalty-lab-11","loyalty-lab","commerce","Loyalty Lab · C1-1","C1-1","Earn ten thousand points toward one emotionally significant coupon.","15.4","8.67185","13.31","3226","818","306","models/vlt-loyalty-lab-11.gltf"
"vlt-loyalty-lab-12","loyalty-lab","commerce","Loyalty Lab · C2-1","C2-1","Earn ten thousand points toward one emotionally significant coupon.","16.6","8.990396","13.31","3226","818","306","models/vlt-loyalty-lab-12.gltf"
"vlt-loyalty-lab-13","loyalty-lab","commerce","Loyalty Lab · C3-1","C3-1","Earn ten thousand points toward one emotionally significant coupon.","17.8","9.308942","13.31","3226","818","306","models/vlt-loyalty-lab-13.gltf"
"vlt-loyalty-lab-14","loyalty-lab","commerce","Loyalty Lab · C4-1","C4-1","Earn ten thousand points toward one emotionally significant coupon.","19","9.627488","13.31","3226","818","306","models/vlt-loyalty-lab-14.gltf"
"vlt-loyalty-lab-15","loyalty-lab","commerce","Loyalty Lab · C5-1","C5-1","Earn ten thousand points toward one emotionally significant coupon.","20.2","9.946034","13.31","3226","818","306","models/vlt-loyalty-lab-15.gltf"
"vlt-loyalty-lab-16","loyalty-lab","commerce","Loyalty Lab · D1-1","D1-1","Earn ten thousand points toward one emotionally significant coupon.","15.4","9.345903","13.805","3226","818","306","models/vlt-loyalty-lab-16.gltf"
"vlt-loyalty-lab-17","loyalty-lab","commerce","Loyalty Lab · D2-1","D2-1","Earn ten thousand points toward one emotionally significant coupon.","16.6","9.724661","13.805","3226","818","306","models/vlt-loyalty-lab-17.gltf"
"vlt-loyalty-lab-18","loyalty-lab","commerce","Loyalty Lab · D3-1","D3-1","Earn ten thousand points toward one emotionally significant coupon.","17.8","10.10342","13.805","3226","818","306","models/vlt-loyalty-lab-18.gltf"
"vlt-loyalty-lab-19","loyalty-lab","commerce","Loyalty Lab · D4-1","D4-1","Earn ten thousand points toward one emotionally significant coupon.","19","10.482179","13.805","3226","818","306","models/vlt-loyalty-lab-19.gltf"
"vlt-loyalty-lab-20","loyalty-lab","commerce","Loyalty Lab · D5-1","D5-1","Earn ten thousand points toward one emotionally significant coupon.","20.2","10.860937","13.805","3226","818","306","models/vlt-loyalty-lab-20.gltf"
"vlt-loyalty-lab-21","loyalty-lab","commerce","Loyalty Lab · A1-2","A1-2","Earn ten thousand points toward one emotionally significant coupon.","15.4","7.19","14.4036","3766","854","318","models/vlt-loyalty-lab-21.gltf"
"vlt-loyalty-lab-22","loyalty-lab","commerce","Loyalty Lab · A2-2","A2-2","Earn ten thousand points toward one emotionally significant coupon.","16.6","7.3775","14.4036","3766","854","318","models/vlt-loyalty-lab-22.gltf"
"vlt-loyalty-lab-23","loyalty-lab","commerce","Loyalty Lab · A3-2","A3-2","Earn ten thousand points toward one emotionally significant coupon.","17.8","7.565","14.4036","3766","854","318","models/vlt-loyalty-lab-23.gltf"
"vlt-loyalty-lab-24","loyalty-lab","commerce","Loyalty Lab · A4-2","A4-2","Earn ten thousand points toward one emotionally significant coupon.","19","7.7525","14.4036","3766","854","318","models/vlt-loyalty-lab-24.gltf"
"vlt-loyalty-lab-25","loyalty-lab","commerce","Loyalty Lab · A5-2","A5-2","Earn ten thousand points toward one emotionally significant coupon.","20.2","7.94","14.4036","3766","854","318","models/vlt-loyalty-lab-25.gltf"
"vlt-loyalty-lab-26","loyalty-lab","commerce","Loyalty Lab · B1-2","B1-2","Earn ten thousand points toward one emotionally significant coupon.","15.4","7.945391","15.0372","3766","854","318","models/vlt-loyalty-lab-26.gltf"
"vlt-loyalty-lab-27","loyalty-lab","commerce","Loyalty Lab · B2-2","B2-2","Earn ten thousand points toward one emotionally significant coupon.","16.6","8.19949","15.0372","3766","854","318","models/vlt-loyalty-lab-27.gltf"
"vlt-loyalty-lab-28","loyalty-lab","commerce","Loyalty Lab · B3-2","B3-2","Earn ten thousand points toward one emotionally significant coupon.","17.8","8.453589","15.0372","3766","854","318","models/vlt-loyalty-lab-28.gltf"
"vlt-loyalty-lab-29","loyalty-lab","commerce","Loyalty Lab · B4-2","B4-2","Earn ten thousand points toward one emotionally significant coupon.","19","8.707688","15.0372","3766","854","318","models/vlt-loyalty-lab-29.gltf"
"vlt-loyalty-lab-30","loyalty-lab","commerce","Loyalty Lab · B5-2","B5-2","Earn ten thousand points toward one emotionally significant coupon.","20.2","8.961787","15.0372","3766","854","318","models/vlt-loyalty-lab-30.gltf"
"vlt-loyalty-lab-31","loyalty-lab","commerce","Loyalty Lab · C1-2","C1-2","Earn ten thousand points toward one emotionally significant coupon.","15.4","8.67185","15.6708","3766","854","318","models/vlt-loyalty-lab-31.gltf"
"vlt-loyalty-lab-32","loyalty-lab","commerce","Loyalty Lab · C2-2","C2-2","Earn ten thousand points toward one emotionally significant coupon.","16.6","8.990396","15.6708","3766","854","318","models/vlt-loyalty-lab-32.gltf"
"vlt-loyalty-lab-33","loyalty-lab","commerce","Loyalty Lab · C3-2","C3-2","Earn ten thousand points toward one emotionally significant coupon.","17.8","9.308942","15.6708","3766","854","318","models/vlt-loyalty-lab-33.gltf"
"vlt-loyalty-lab-34","loyalty-lab","commerce","Loyalty Lab · C4-2","C4-2","Earn ten thousand points toward one emotionally significant coupon.","19","9.627488","15.6708","3766","854","318","models/vlt-loyalty-lab-34.gltf"
"vlt-loyalty-lab-35","loyalty-lab","commerce","Loyalty Lab · C5-2","C5-2","Earn ten thousand points toward one emotionally significant coupon.","20.2","9.946034","15.6708","3766","854","318","models/vlt-loyalty-lab-35.gltf"
"vlt-loyalty-lab-36","loyalty-lab","commerce","Loyalty Lab · D1-2","D1-2","Earn ten thousand points toward one emotionally significant coupon.","15.4","9.345903","16.3044","3766","854","318","models/vlt-loyalty-lab-36.gltf"
"vlt-loyalty-lab-37","loyalty-lab","commerce","Loyalty Lab · D2-2","D2-2","Earn ten thousand points toward one emotionally significant coupon.","16.6","9.724661","16.3044","3766","854","318","models/vlt-loyalty-lab-37.gltf"
"vlt-loyalty-lab-38","loyalty-lab","commerce","Loyalty Lab · D3-2","D3-2","Earn ten thousand points toward one emotionally significant coupon.","17.8","10.10342","16.3044","3766","854","318","models/vlt-loyalty-lab-38.gltf"
"vlt-loyalty-lab-39","loyalty-lab","commerce","Loyalty Lab · D4-2","D4-2","Earn ten thousand points toward one emotionally significant coupon.","19","10.482179","16.3044","3766","854","318","models/vlt-loyalty-lab-39.gltf"
"vlt-loyalty-lab-40","loyalty-lab","commerce","Loyalty Lab · D5-2","D5-2","Earn ten thousand points toward one emotionally significant coupon.","20.2","10.860937","16.3044","3766","854","318","models/vlt-loyalty-lab-40.gltf"
"vlt-mandatory-hoa-gate-01","mandatory-hoa-gate","neighborhood","Mandatory HOA Gate · A1-1","A1-1","Community begins with an access code and ends at the violation notice.","15.84","5.675","7.04","2422","758","86","models/vlt-mandatory-hoa-gate-01.gltf"
"vlt-mandatory-hoa-gate-02","mandatory-hoa-gate","neighborhood","Mandatory HOA Gate · A2-1","A2-1","Community begins with an access code and ends at the violation notice.","18.24","5.795","7.68","2862","926","86","models/vlt-mandatory-hoa-gate-02.gltf"
"vlt-mandatory-hoa-gate-03","mandatory-hoa-gate","neighborhood","Mandatory HOA Gate · A3-1","A3-1","Community begins with an access code and ends at the violation notice.","20.8","5.915","8.32","3302","1094","86","models/vlt-mandatory-hoa-gate-03.gltf"
"vlt-mandatory-hoa-gate-04","mandatory-hoa-gate","neighborhood","Mandatory HOA Gate · A4-1","A4-1","Community begins with an access code and ends at the violation notice.","23.52","6.035","8.96","3742","1262","86","models/vlt-mandatory-hoa-gate-04.gltf"
"vlt-mandatory-hoa-gate-05","mandatory-hoa-gate","neighborhood","Mandatory HOA Gate · A5-1","A5-1","Community begins with an access code and ends at the violation notice.","26.4","6.155","9.6","4182","1430","86","models/vlt-mandatory-hoa-gate-05.gltf"
"vlt-mandatory-hoa-gate-06","mandatory-hoa-gate","neighborhood","Mandatory HOA Gate · B1-1","B1-1","Community begins with an access code and ends at the violation notice.","15.84","5.675","7.04","2422","758","86","models/vlt-mandatory-hoa-gate-06.gltf"
"vlt-mandatory-hoa-gate-07","mandatory-hoa-gate","neighborhood","Mandatory HOA Gate · B2-1","B2-1","Community begins with an access code and ends at the violation notice.","18.24","5.795","7.68","2862","926","86","models/vlt-mandatory-hoa-gate-07.gltf"
"vlt-mandatory-hoa-gate-08","mandatory-hoa-gate","neighborhood","Mandatory HOA Gate · B3-1","B3-1","Community begins with an access code and ends at the violation notice.","20.8","5.915","8.32","3302","1094","86","models/vlt-mandatory-hoa-gate-08.gltf"
"vlt-mandatory-hoa-gate-09","mandatory-hoa-gate","neighborhood","Mandatory HOA Gate · B4-1","B4-1","Community begins with an access code and ends at the violation notice.","23.52","6.035","8.96","3742","1262","86","models/vlt-mandatory-hoa-gate-09.gltf"
"vlt-mandatory-hoa-gate-10","mandatory-hoa-gate","neighborhood","Mandatory HOA Gate · B5-1","B5-1","Community begins with an access code and ends at the violation notice.","26.4","6.155","9.6","4182","1430","86","models/vlt-mandatory-hoa-gate-10.gltf"
"vlt-mandatory-hoa-gate-11","mandatory-hoa-gate","neighborhood","Mandatory HOA Gate · C1-1","C1-1","Community begins with an access code and ends at the violation notice.","15.84","5.675","7.04","2422","758","86","models/vlt-mandatory-hoa-gate-11.gltf"
"vlt-mandatory-hoa-gate-12","mandatory-hoa-gate","neighborhood","Mandatory HOA Gate · C2-1","C2-1","Community begins with an access code and ends at the violation notice.","18.24","5.795","7.68","2862","926","86","models/vlt-mandatory-hoa-gate-12.gltf"
"vlt-mandatory-hoa-gate-13","mandatory-hoa-gate","neighborhood","Mandatory HOA Gate · C3-1","C3-1","Community begins with an access code and ends at the violation notice.","20.8","5.915","8.32","3302","1094","86","models/vlt-mandatory-hoa-gate-13.gltf"
"vlt-mandatory-hoa-gate-14","mandatory-hoa-gate","neighborhood","Mandatory HOA Gate · C4-1","C4-1","Community begins with an access code and ends at the violation notice.","23.52","6.035","8.96","3742","1262","86","models/vlt-mandatory-hoa-gate-14.gltf"
"vlt-mandatory-hoa-gate-15","mandatory-hoa-gate","neighborhood","Mandatory HOA Gate · C5-1","C5-1","Community begins with an access code and ends at the violation notice.","26.4","6.155","9.6","4182","1430","86","models/vlt-mandatory-hoa-gate-15.gltf"
"vlt-mandatory-hoa-gate-16","mandatory-hoa-gate","neighborhood","Mandatory HOA Gate · D1-1","D1-1","Community begins with an access code and ends at the violation notice.","15.84","5.675","7.04","2422","758","86","models/vlt-mandatory-hoa-gate-16.gltf"
"vlt-mandatory-hoa-gate-17","mandatory-hoa-gate","neighborhood","Mandatory HOA Gate · D2-1","D2-1","Community begins with an access code and ends at the violation notice.","18.24","5.795","7.68","2862","926","86","models/vlt-mandatory-hoa-gate-17.gltf"
"vlt-mandatory-hoa-gate-18","mandatory-hoa-gate","neighborhood","Mandatory HOA Gate · D3-1","D3-1","Community begins with an access code and ends at the violation notice.","20.8","5.915","8.32","3302","1094","86","models/vlt-mandatory-hoa-gate-18.gltf"
"vlt-mandatory-hoa-gate-19","mandatory-hoa-gate","neighborhood","Mandatory HOA Gate · D4-1","D4-1","Community begins with an access code and ends at the violation notice.","23.52","6.035","8.96","3742","1262","86","models/vlt-mandatory-hoa-gate-19.gltf"
"vlt-mandatory-hoa-gate-20","mandatory-hoa-gate","neighborhood","Mandatory HOA Gate · D5-1","D5-1","Community begins with an access code and ends at the violation notice.","26.4","6.155","9.6","4182","1430","86","models/vlt-mandatory-hoa-gate-20.gltf"
"vlt-mandatory-hoa-gate-21","mandatory-hoa-gate","neighborhood","Mandatory HOA Gate · A1-2","A1-2","Community begins with an access code and ends at the violation notice.","15.84","5.675","7.04","2422","758","86","models/vlt-mandatory-hoa-gate-21.gltf"
"vlt-mandatory-hoa-gate-22","mandatory-hoa-gate","neighborhood","Mandatory HOA Gate · A2-2","A2-2","Community begins with an access code and ends at the violation notice.","18.24","5.795","7.68","2862","926","86","models/vlt-mandatory-hoa-gate-22.gltf"
"vlt-mandatory-hoa-gate-23","mandatory-hoa-gate","neighborhood","Mandatory HOA Gate · A3-2","A3-2","Community begins with an access code and ends at the violation notice.","20.8","5.915","8.32","3302","1094","86","models/vlt-mandatory-hoa-gate-23.gltf"
"vlt-mandatory-hoa-gate-24","mandatory-hoa-gate","neighborhood","Mandatory HOA Gate · A4-2","A4-2","Community begins with an access code and ends at the violation notice.","23.52","6.035","8.96","3742","1262","86","models/vlt-mandatory-hoa-gate-24.gltf"
"vlt-mandatory-hoa-gate-25","mandatory-hoa-gate","neighborhood","Mandatory HOA Gate · A5-2","A5-2","Community begins with an access code and ends at the violation notice.","26.4","6.155","9.6","4182","1430","86","models/vlt-mandatory-hoa-gate-25.gltf"
"vlt-mandatory-hoa-gate-26","mandatory-hoa-gate","neighborhood","Mandatory HOA Gate · B1-2","B1-2","Community begins with an access code and ends at the violation notice.","15.84","5.675","7.04","2422","758","86","models/vlt-mandatory-hoa-gate-26.gltf"
"vlt-mandatory-hoa-gate-27","mandatory-hoa-gate","neighborhood","Mandatory HOA Gate · B2-2","B2-2","Community begins with an access code and ends at the violation notice.","18.24","5.795","7.68","2862","926","86","models/vlt-mandatory-hoa-gate-27.gltf"
"vlt-mandatory-hoa-gate-28","mandatory-hoa-gate","neighborhood","Mandatory HOA Gate · B3-2","B3-2","Community begins with an access code and ends at the violation notice.","20.8","5.915","8.32","3302","1094","86","models/vlt-mandatory-hoa-gate-28.gltf"
"vlt-mandatory-hoa-gate-29","mandatory-hoa-gate","neighborhood","Mandatory HOA Gate · B4-2","B4-2","Community begins with an access code and ends at the violation notice.","23.52","6.035","8.96","3742","1262","86","models/vlt-mandatory-hoa-gate-29.gltf"
"vlt-mandatory-hoa-gate-30","mandatory-hoa-gate","neighborhood","Mandatory HOA Gate · B5-2","B5-2","Community begins with an access code and ends at the violation notice.","26.4","6.155","9.6","4182","1430","86","models/vlt-mandatory-hoa-gate-30.gltf"
"vlt-mandatory-hoa-gate-31","mandatory-hoa-gate","neighborhood","Mandatory HOA Gate · C1-2","C1-2","Community begins with an access code and ends at the violation notice.","15.84","5.675","7.04","2422","758","86","models/vlt-mandatory-hoa-gate-31.gltf"
"vlt-mandatory-hoa-gate-32","mandatory-hoa-gate","neighborhood","Mandatory HOA Gate · C2-2","C2-2","Community begins with an access code and ends at the violation notice.","18.24","5.795","7.68","2862","926","86","models/vlt-mandatory-hoa-gate-32.gltf"
"vlt-mandatory-hoa-gate-33","mandatory-hoa-gate","neighborhood","Mandatory HOA Gate · C3-2","C3-2","Community begins with an access code and ends at the violation notice.","20.8","5.915","8.32","3302","1094","86","models/vlt-mandatory-hoa-gate-33.gltf"
"vlt-mandatory-hoa-gate-34","mandatory-hoa-gate","neighborhood","Mandatory HOA Gate · C4-2","C4-2","Community begins with an access code and ends at the violation notice.","23.52","6.035","8.96","3742","1262","86","models/vlt-mandatory-hoa-gate-34.gltf"
"vlt-mandatory-hoa-gate-35","mandatory-hoa-gate","neighborhood","Mandatory HOA Gate · C5-2","C5-2","Community begins with an access code and ends at the violation notice.","26.4","6.155","9.6","4182","1430","86","models/vlt-mandatory-hoa-gate-35.gltf"
"vlt-mandatory-hoa-gate-36","mandatory-hoa-gate","neighborhood","Mandatory HOA Gate · D1-2","D1-2","Community begins with an access code and ends at the violation notice.","15.84","5.675","7.04","2422","758","86","models/vlt-mandatory-hoa-gate-36.gltf"
"vlt-mandatory-hoa-gate-37","mandatory-hoa-gate","neighborhood","Mandatory HOA Gate · D2-2","D2-2","Community begins with an access code and ends at the violation notice.","18.24","5.795","7.68","2862","926","86","models/vlt-mandatory-hoa-gate-37.gltf"
"vlt-mandatory-hoa-gate-38","mandatory-hoa-gate","neighborhood","Mandatory HOA Gate · D3-2","D3-2","Community begins with an access code and ends at the violation notice.","20.8","5.915","8.32","3302","1094","86","models/vlt-mandatory-hoa-gate-38.gltf"
"vlt-mandatory-hoa-gate-39","mandatory-hoa-gate","neighborhood","Mandatory HOA Gate · D4-2","D4-2","Community begins with an access code and ends at the violation notice.","23.52","6.035","8.96","3742","1262","86","models/vlt-mandatory-hoa-gate-39.gltf"
"vlt-mandatory-hoa-gate-40","mandatory-hoa-gate","neighborhood","Mandatory HOA Gate · D5-2","D5-2","Community begins with an access code and ends at the violation notice.","26.4","6.155","9.6","4182","1430","86","models/vlt-mandatory-hoa-gate-40.gltf"
"vlt-mattress-mitosis-01","mattress-mitosis","commerce","Mattress Mitosis · A1-1","A1-1","Scientists still cannot locate a customer.","19.8","5.984644","12.32","676","100","100","models/vlt-mattress-mitosis-01.gltf"
"vlt-mattress-mitosis-02","mattress-mitosis","commerce","Mattress Mitosis · A2-1","A2-1","Scientists still cannot locate a customer.","21.4","6.143921","12.32","676","100","100","models/vlt-mattress-mitosis-02.gltf"
"vlt-mattress-mitosis-03","mattress-mitosis","commerce","Mattress Mitosis · A3-1","A3-1","Scientists still cannot locate a customer.","23","6.303198","12.32","676","100","100","models/vlt-mattress-mitosis-03.gltf"
"vlt-mattress-mitosis-04","mattress-mitosis","commerce","Mattress Mitosis · A4-1","A4-1","Scientists still cannot locate a customer.","24.6","6.462475","12.32","676","100","100","models/vlt-mattress-mitosis-04.gltf"
"vlt-mattress-mitosis-05","mattress-mitosis","commerce","Mattress Mitosis · A5-1","A5-1","Scientists still cannot locate a customer.","26.2","6.621752","12.32","676","100","100","models/vlt-mattress-mitosis-05.gltf"
"vlt-mattress-mitosis-06","mattress-mitosis","commerce","Mattress Mitosis · B1-1","B1-1","Scientists still cannot locate a customer.","19.8","6.116575","12.815","676","100","100","models/vlt-mattress-mitosis-06.gltf"
"vlt-mattress-mitosis-07","mattress-mitosis","commerce","Mattress Mitosis · B2-1","B2-1","Scientists still cannot locate a customer.","21.4","6.287487","12.815","676","100","100","models/vlt-mattress-mitosis-07.gltf"
"vlt-mattress-mitosis-08","mattress-mitosis","commerce","Mattress Mitosis · B3-1","B3-1","Scientists still cannot locate a customer.","23","6.458399","12.815","676","100","100","models/vlt-mattress-mitosis-08.gltf"
"vlt-mattress-mitosis-09","mattress-mitosis","commerce","Mattress Mitosis · B4-1","B4-1","Scientists still cannot locate a customer.","24.6","6.629312","12.815","676","100","100","models/vlt-mattress-mitosis-09.gltf"
"vlt-mattress-mitosis-10","mattress-mitosis","commerce","Mattress Mitosis · B5-1","B5-1","Scientists still cannot locate a customer.","26.2","6.800224","12.815","676","100","100","models/vlt-mattress-mitosis-10.gltf"
"vlt-mattress-mitosis-11","mattress-mitosis","commerce","Mattress Mitosis · C1-1","C1-1","Scientists still cannot locate a customer.","19.8","5.995453","13.31","676","100","100","models/vlt-mattress-mitosis-11.gltf"
"vlt-mattress-mitosis-12","mattress-mitosis","commerce","Mattress Mitosis · C2-1","C2-1","Scientists still cannot locate a customer.","21.4","6.15473","13.31","676","100","100","models/vlt-mattress-mitosis-12.gltf"
"vlt-mattress-mitosis-13","mattress-mitosis","commerce","Mattress Mitosis · C3-1","C3-1","Scientists still cannot locate a customer.","23","6.314007","13.31","676","100","100","models/vlt-mattress-mitosis-13.gltf"
"vlt-mattress-mitosis-14","mattress-mitosis","commerce","Mattress Mitosis · C4-1","C4-1","Scientists still cannot locate a customer.","24.6","6.473284","13.31","676","100","100","models/vlt-mattress-mitosis-14.gltf"
"vlt-mattress-mitosis-15","mattress-mitosis","commerce","Mattress Mitosis · C5-1","C5-1","Scientists still cannot locate a customer.","26.2","6.632561","13.31","676","100","100","models/vlt-mattress-mitosis-15.gltf"
"vlt-mattress-mitosis-16","mattress-mitosis","commerce","Mattress Mitosis · D1-1","D1-1","Scientists still cannot locate a customer.","19.8","6.127384","13.805","676","100","100","models/vlt-mattress-mitosis-16.gltf"
"vlt-mattress-mitosis-17","mattress-mitosis","commerce","Mattress Mitosis · D2-1","D2-1","Scientists still cannot locate a customer.","21.4","6.298296","13.805","676","100","100","models/vlt-mattress-mitosis-17.gltf"
"vlt-mattress-mitosis-18","mattress-mitosis","commerce","Mattress Mitosis · D3-1","D3-1","Scientists still cannot locate a customer.","23","6.469208","13.805","676","100","100","models/vlt-mattress-mitosis-18.gltf"
"vlt-mattress-mitosis-19","mattress-mitosis","commerce","Mattress Mitosis · D4-1","D4-1","Scientists still cannot locate a customer.","24.6","6.640121","13.805","676","100","100","models/vlt-mattress-mitosis-19.gltf"
"vlt-mattress-mitosis-20","mattress-mitosis","commerce","Mattress Mitosis · D5-1","D5-1","Scientists still cannot locate a customer.","26.2","6.811033","13.805","676","100","100","models/vlt-mattress-mitosis-20.gltf"
"vlt-mattress-mitosis-21","mattress-mitosis","commerce","Mattress Mitosis · A1-2","A1-2","Scientists still cannot locate a customer.","19.8","5.984644","14.4036","1756","172","124","models/vlt-mattress-mitosis-21.gltf"
"vlt-mattress-mitosis-22","mattress-mitosis","commerce","Mattress Mitosis · A2-2","A2-2","Scientists still cannot locate a customer.","21.4","6.143921","14.4036","1756","172","124","models/vlt-mattress-mitosis-22.gltf"
"vlt-mattress-mitosis-23","mattress-mitosis","commerce","Mattress Mitosis · A3-2","A3-2","Scientists still cannot locate a customer.","23","6.303198","14.4036","1756","172","124","models/vlt-mattress-mitosis-23.gltf"
"vlt-mattress-mitosis-24","mattress-mitosis","commerce","Mattress Mitosis · A4-2","A4-2","Scientists still cannot locate a customer.","24.6","6.462475","14.4036","1756","172","124","models/vlt-mattress-mitosis-24.gltf"
"vlt-mattress-mitosis-25","mattress-mitosis","commerce","Mattress Mitosis · A5-2","A5-2","Scientists still cannot locate a customer.","26.2","6.621752","14.4036","1756","172","124","models/vlt-mattress-mitosis-25.gltf"
"vlt-mattress-mitosis-26","mattress-mitosis","commerce","Mattress Mitosis · B1-2","B1-2","Scientists still cannot locate a customer.","19.8","6.116575","15.0372","1756","172","124","models/vlt-mattress-mitosis-26.gltf"
"vlt-mattress-mitosis-27","mattress-mitosis","commerce","Mattress Mitosis · B2-2","B2-2","Scientists still cannot locate a customer.","21.4","6.287487","15.0372","1756","172","124","models/vlt-mattress-mitosis-27.gltf"
"vlt-mattress-mitosis-28","mattress-mitosis","commerce","Mattress Mitosis · B3-2","B3-2","Scientists still cannot locate a customer.","23","6.458399","15.0372","1756","172","124","models/vlt-mattress-mitosis-28.gltf"
"vlt-mattress-mitosis-29","mattress-mitosis","commerce","Mattress Mitosis · B4-2","B4-2","Scientists still cannot locate a customer.","24.6","6.629312","15.0372","1756","172","124","models/vlt-mattress-mitosis-29.gltf"
"vlt-mattress-mitosis-30","mattress-mitosis","commerce","Mattress Mitosis · B5-2","B5-2","Scientists still cannot locate a customer.","26.2","6.800224","15.0372","1756","172","124","models/vlt-mattress-mitosis-30.gltf"
"vlt-mattress-mitosis-31","mattress-mitosis","commerce","Mattress Mitosis · C1-2","C1-2","Scientists still cannot locate a customer.","19.8","5.995453","15.6708","1756","172","124","models/vlt-mattress-mitosis-31.gltf"
"vlt-mattress-mitosis-32","mattress-mitosis","commerce","Mattress Mitosis · C2-2","C2-2","Scientists still cannot locate a customer.","21.4","6.15473","15.6708","1756","172","124","models/vlt-mattress-mitosis-32.gltf"
"vlt-mattress-mitosis-33","mattress-mitosis","commerce","Mattress Mitosis · C3-2","C3-2","Scientists still cannot locate a customer.","23","6.314007","15.6708","1756","172","124","models/vlt-mattress-mitosis-33.gltf"
"vlt-mattress-mitosis-34","mattress-mitosis","commerce","Mattress Mitosis · C4-2","C4-2","Scientists still cannot locate a customer.","24.6","6.473284","15.6708","1756","172","124","models/vlt-mattress-mitosis-34.gltf"
"vlt-mattress-mitosis-35","mattress-mitosis","commerce","Mattress Mitosis · C5-2","C5-2","Scientists still cannot locate a customer.","26.2","6.632561","15.6708","1756","172","124","models/vlt-mattress-mitosis-35.gltf"
"vlt-mattress-mitosis-36","mattress-mitosis","commerce","Mattress Mitosis · D1-2","D1-2","Scientists still cannot locate a customer.","19.8","6.127384","16.3044","1756","172","124","models/vlt-mattress-mitosis-36.gltf"
"vlt-mattress-mitosis-37","mattress-mitosis","commerce","Mattress Mitosis · D2-2","D2-2","Scientists still cannot locate a customer.","21.4","6.298296","16.3044","1756","172","124","models/vlt-mattress-mitosis-37.gltf"
"vlt-mattress-mitosis-38","mattress-mitosis","commerce","Mattress Mitosis · D3-2","D3-2","Scientists still cannot locate a customer.","23","6.469208","16.3044","1756","172","124","models/vlt-mattress-mitosis-38.gltf"
"vlt-mattress-mitosis-39","mattress-mitosis","commerce","Mattress Mitosis · D4-2","D4-2","Scientists still cannot locate a customer.","24.6","6.640121","16.3044","1756","172","124","models/vlt-mattress-mitosis-39.gltf"
"vlt-mattress-mitosis-40","mattress-mitosis","commerce","Mattress Mitosis · D5-2","D5-2","Scientists still cannot locate a customer.","26.2","6.811033","16.3044","1756","172","124","models/vlt-mattress-mitosis-40.gltf"
"vlt-miracle-twine-ball-01","miracle-twine-ball","neighborhood","Miracle Twine Ball · A1-1","A1-1","A regional identity assembled one hardware-store receipt at a time.","10.56","7.4","9.969","3342","1214","390","models/vlt-miracle-twine-ball-01.gltf"
"vlt-miracle-twine-ball-02","miracle-twine-ball","neighborhood","Miracle Twine Ball · A2-1","A2-1","A regional identity assembled one hardware-store receipt at a time.","11.52","7.96","10.56","3342","1214","390","models/vlt-miracle-twine-ball-02.gltf"
"vlt-miracle-twine-ball-03","miracle-twine-ball","neighborhood","Miracle Twine Ball · A3-1","A3-1","A regional identity assembled one hardware-store receipt at a time.","12.48","8.52","11.44","3342","1214","390","models/vlt-miracle-twine-ball-03.gltf"
"vlt-miracle-twine-ball-04","miracle-twine-ball","neighborhood","Miracle Twine Ball · A4-1","A4-1","A regional identity assembled one hardware-store receipt at a time.","13.44","9.08","12.32","3342","1214","390","models/vlt-miracle-twine-ball-04.gltf"
"vlt-miracle-twine-ball-05","miracle-twine-ball","neighborhood","Miracle Twine Ball · A5-1","A5-1","A regional identity assembled one hardware-store receipt at a time.","14.4","9.64","13.2","3342","1214","390","models/vlt-miracle-twine-ball-05.gltf"
"vlt-miracle-twine-ball-06","miracle-twine-ball","neighborhood","Miracle Twine Ball · B1-1","B1-1","A regional identity assembled one hardware-store receipt at a time.","11.44","7.4","9.969","3790","1406","390","models/vlt-miracle-twine-ball-06.gltf"
"vlt-miracle-twine-ball-07","miracle-twine-ball","neighborhood","Miracle Twine Ball · B2-1","B2-1","A regional identity assembled one hardware-store receipt at a time.","12.48","7.96","10.56","3790","1406","390","models/vlt-miracle-twine-ball-07.gltf"
"vlt-miracle-twine-ball-08","miracle-twine-ball","neighborhood","Miracle Twine Ball · B3-1","B3-1","A regional identity assembled one hardware-store receipt at a time.","13.52","8.52","11.44","3790","1406","390","models/vlt-miracle-twine-ball-08.gltf"
"vlt-miracle-twine-ball-09","miracle-twine-ball","neighborhood","Miracle Twine Ball · B4-1","B4-1","A regional identity assembled one hardware-store receipt at a time.","14.56","9.08","12.32","3790","1406","390","models/vlt-miracle-twine-ball-09.gltf"
"vlt-miracle-twine-ball-10","miracle-twine-ball","neighborhood","Miracle Twine Ball · B5-1","B5-1","A regional identity assembled one hardware-store receipt at a time.","15.6","9.64","13.2","3790","1406","390","models/vlt-miracle-twine-ball-10.gltf"
"vlt-miracle-twine-ball-11","miracle-twine-ball","neighborhood","Miracle Twine Ball · C1-1","C1-1","A regional identity assembled one hardware-store receipt at a time.","12.32","7.4","9.969","4238","1598","390","models/vlt-miracle-twine-ball-11.gltf"
"vlt-miracle-twine-ball-12","miracle-twine-ball","neighborhood","Miracle Twine Ball · C2-1","C2-1","A regional identity assembled one hardware-store receipt at a time.","13.44","7.96","10.56","4238","1598","390","models/vlt-miracle-twine-ball-12.gltf"
"vlt-miracle-twine-ball-13","miracle-twine-ball","neighborhood","Miracle Twine Ball · C3-1","C3-1","A regional identity assembled one hardware-store receipt at a time.","14.56","8.52","11.44","4238","1598","390","models/vlt-miracle-twine-ball-13.gltf"
"vlt-miracle-twine-ball-14","miracle-twine-ball","neighborhood","Miracle Twine Ball · C4-1","C4-1","A regional identity assembled one hardware-store receipt at a time.","15.68","9.08","12.32","4238","1598","390","models/vlt-miracle-twine-ball-14.gltf"
"vlt-miracle-twine-ball-15","miracle-twine-ball","neighborhood","Miracle Twine Ball · C5-1","C5-1","A regional identity assembled one hardware-store receipt at a time.","16.8","9.64","13.2","4238","1598","390","models/vlt-miracle-twine-ball-15.gltf"
"vlt-miracle-twine-ball-16","miracle-twine-ball","neighborhood","Miracle Twine Ball · D1-1","D1-1","A regional identity assembled one hardware-store receipt at a time.","13.2","7.4","9.969","4686","1790","390","models/vlt-miracle-twine-ball-16.gltf"
"vlt-miracle-twine-ball-17","miracle-twine-ball","neighborhood","Miracle Twine Ball · D2-1","D2-1","A regional identity assembled one hardware-store receipt at a time.","14.4","7.96","10.56","4686","1790","390","models/vlt-miracle-twine-ball-17.gltf"
"vlt-miracle-twine-ball-18","miracle-twine-ball","neighborhood","Miracle Twine Ball · D3-1","D3-1","A regional identity assembled one hardware-store receipt at a time.","15.6","8.52","11.44","4686","1790","390","models/vlt-miracle-twine-ball-18.gltf"
"vlt-miracle-twine-ball-19","miracle-twine-ball","neighborhood","Miracle Twine Ball · D4-1","D4-1","A regional identity assembled one hardware-store receipt at a time.","16.8","9.08","12.32","4686","1790","390","models/vlt-miracle-twine-ball-19.gltf"
"vlt-miracle-twine-ball-20","miracle-twine-ball","neighborhood","Miracle Twine Ball · D5-1","D5-1","A regional identity assembled one hardware-store receipt at a time.","18","9.64","13.2","4686","1790","390","models/vlt-miracle-twine-ball-20.gltf"
"vlt-miracle-twine-ball-21","miracle-twine-ball","neighborhood","Miracle Twine Ball · A1-2","A1-2","A regional identity assembled one hardware-store receipt at a time.","10.923224","7.4","9.969","3534","1286","422","models/vlt-miracle-twine-ball-21.gltf"
"vlt-miracle-twine-ball-22","miracle-twine-ball","neighborhood","Miracle Twine Ball · A2-2","A2-2","A regional identity assembled one hardware-store receipt at a time.","11.905317","7.96","10.56","3534","1286","422","models/vlt-miracle-twine-ball-22.gltf"
"vlt-miracle-twine-ball-23","miracle-twine-ball","neighborhood","Miracle Twine Ball · A3-2","A3-2","A regional identity assembled one hardware-store receipt at a time.","12.887493","8.52","11.44","3534","1286","422","models/vlt-miracle-twine-ball-23.gltf"
"vlt-miracle-twine-ball-24","miracle-twine-ball","neighborhood","Miracle Twine Ball · A4-2","A4-2","A regional identity assembled one hardware-store receipt at a time.","13.869737","9.08","12.32","3534","1286","422","models/vlt-miracle-twine-ball-24.gltf"
"vlt-miracle-twine-ball-25","miracle-twine-ball","neighborhood","Miracle Twine Ball · A5-2","A5-2","A regional identity assembled one hardware-store receipt at a time.","14.852043","9.64","13.2","3534","1286","422","models/vlt-miracle-twine-ball-25.gltf"
"vlt-miracle-twine-ball-26","miracle-twine-ball","neighborhood","Miracle Twine Ball · B1-2","B1-2","A regional identity assembled one hardware-store receipt at a time.","11.44","7.4","9.969","3982","1478","422","models/vlt-miracle-twine-ball-26.gltf"
"vlt-miracle-twine-ball-27","miracle-twine-ball","neighborhood","Miracle Twine Ball · B2-2","B2-2","A regional identity assembled one hardware-store receipt at a time.","12.48","7.96","10.56","3982","1478","422","models/vlt-miracle-twine-ball-27.gltf"
"vlt-miracle-twine-ball-28","miracle-twine-ball","neighborhood","Miracle Twine Ball · B3-2","B3-2","A regional identity assembled one hardware-store receipt at a time.","13.52","8.52","11.44","3982","1478","422","models/vlt-miracle-twine-ball-28.gltf"
"vlt-miracle-twine-ball-29","miracle-twine-ball","neighborhood","Miracle Twine Ball · B4-2","B4-2","A regional identity assembled one hardware-store receipt at a time.","14.56","9.08","12.32","3982","1478","422","models/vlt-miracle-twine-ball-29.gltf"
"vlt-miracle-twine-ball-30","miracle-twine-ball","neighborhood","Miracle Twine Ball · B5-2","B5-2","A regional identity assembled one hardware-store receipt at a time.","15.6","9.64","13.2","3982","1478","422","models/vlt-miracle-twine-ball-30.gltf"
"vlt-miracle-twine-ball-31","miracle-twine-ball","neighborhood","Miracle Twine Ball · C1-2","C1-2","A regional identity assembled one hardware-store receipt at a time.","12.32","7.4","9.969","4430","1670","422","models/vlt-miracle-twine-ball-31.gltf"
"vlt-miracle-twine-ball-32","miracle-twine-ball","neighborhood","Miracle Twine Ball · C2-2","C2-2","A regional identity assembled one hardware-store receipt at a time.","13.44","7.96","10.56","4430","1670","422","models/vlt-miracle-twine-ball-32.gltf"
"vlt-miracle-twine-ball-33","miracle-twine-ball","neighborhood","Miracle Twine Ball · C3-2","C3-2","A regional identity assembled one hardware-store receipt at a time.","14.56","8.52","11.44","4430","1670","422","models/vlt-miracle-twine-ball-33.gltf"
"vlt-miracle-twine-ball-34","miracle-twine-ball","neighborhood","Miracle Twine Ball · C4-2","C4-2","A regional identity assembled one hardware-store receipt at a time.","15.68","9.08","12.32","4430","1670","422","models/vlt-miracle-twine-ball-34.gltf"
"vlt-miracle-twine-ball-35","miracle-twine-ball","neighborhood","Miracle Twine Ball · C5-2","C5-2","A regional identity assembled one hardware-store receipt at a time.","16.8","9.64","13.2","4430","1670","422","models/vlt-miracle-twine-ball-35.gltf"
"vlt-miracle-twine-ball-36","miracle-twine-ball","neighborhood","Miracle Twine Ball · D1-2","D1-2","A regional identity assembled one hardware-store receipt at a time.","13.2","7.4","9.969","4878","1862","422","models/vlt-miracle-twine-ball-36.gltf"
"vlt-miracle-twine-ball-37","miracle-twine-ball","neighborhood","Miracle Twine Ball · D2-2","D2-2","A regional identity assembled one hardware-store receipt at a time.","14.4","7.96","10.56","4878","1862","422","models/vlt-miracle-twine-ball-37.gltf"
"vlt-miracle-twine-ball-38","miracle-twine-ball","neighborhood","Miracle Twine Ball · D3-2","D3-2","A regional identity assembled one hardware-store receipt at a time.","15.6","8.52","11.44","4878","1862","422","models/vlt-miracle-twine-ball-38.gltf"
"vlt-miracle-twine-ball-39","miracle-twine-ball","neighborhood","Miracle Twine Ball · D4-2","D4-2","A regional identity assembled one hardware-store receipt at a time.","16.8","9.08","12.32","4878","1862","422","models/vlt-miracle-twine-ball-39.gltf"
"vlt-miracle-twine-ball-40","miracle-twine-ball","neighborhood","Miracle Twine Ball · D5-2","D5-2","A regional identity assembled one hardware-store receipt at a time.","18","9.64","13.2","4878","1862","422","models/vlt-miracle-twine-ball-40.gltf"
"vlt-mount-trashmore-01","mount-trashmore","neighborhood","Mount Trashmore Regional Park · A1-1","A1-1","Yesterday’s trash becomes today’s scenic methane overlook.","15.84","5.335246","14.96","778","290","106","models/vlt-mount-trashmore-01.gltf"
"vlt-mount-trashmore-02","mount-trashmore","neighborhood","Mount Trashmore Regional Park · A2-1","A2-1","Yesterday’s trash becomes today’s scenic methane overlook.","17.28","5.343493","16.32","906","338","106","models/vlt-mount-trashmore-02.gltf"
"vlt-mount-trashmore-03","mount-trashmore","neighborhood","Mount Trashmore Regional Park · A3-1","A3-1","Yesterday’s trash becomes today’s scenic methane overlook.","18.72","5.353558","17.68","1034","386","106","models/vlt-mount-trashmore-03.gltf"
"vlt-mount-trashmore-04","mount-trashmore","neighborhood","Mount Trashmore Regional Park · A4-1","A4-1","Yesterday’s trash becomes today’s scenic methane overlook.","20.16","5.36167","19.04","1162","434","106","models/vlt-mount-trashmore-04.gltf"
"vlt-mount-trashmore-05","mount-trashmore","neighborhood","Mount Trashmore Regional Park · A5-1","A5-1","Yesterday’s trash becomes today’s scenic methane overlook.","21.6","5.368196","20.4","1290","482","106","models/vlt-mount-trashmore-05.gltf"
"vlt-mount-trashmore-06","mount-trashmore","neighborhood","Mount Trashmore Regional Park · B1-1","B1-1","Yesterday’s trash becomes today’s scenic methane overlook.","15.84","5.577042","15.84","778","290","106","models/vlt-mount-trashmore-06.gltf"
"vlt-mount-trashmore-07","mount-trashmore","neighborhood","Mount Trashmore Regional Park · B2-1","B2-1","Yesterday’s trash becomes today’s scenic methane overlook.","17.28","5.583618","17.28","906","338","106","models/vlt-mount-trashmore-07.gltf"
"vlt-mount-trashmore-08","mount-trashmore","neighborhood","Mount Trashmore Regional Park · B3-1","B3-1","Yesterday’s trash becomes today’s scenic methane overlook.","18.72","5.59365","18.72","1034","386","106","models/vlt-mount-trashmore-08.gltf"
"vlt-mount-trashmore-09","mount-trashmore","neighborhood","Mount Trashmore Regional Park · B4-1","B4-1","Yesterday’s trash becomes today’s scenic methane overlook.","20.16","5.602681","20.16","1162","434","106","models/vlt-mount-trashmore-09.gltf"
"vlt-mount-trashmore-10","mount-trashmore","neighborhood","Mount Trashmore Regional Park · B5-1","B5-1","Yesterday’s trash becomes today’s scenic methane overlook.","21.6","5.610109","21.6","1290","482","106","models/vlt-mount-trashmore-10.gltf"
"vlt-mount-trashmore-11","mount-trashmore","neighborhood","Mount Trashmore Regional Park · C1-1","C1-1","Yesterday’s trash becomes today’s scenic methane overlook.","15.84","5.819725","16.72","778","290","106","models/vlt-mount-trashmore-11.gltf"
"vlt-mount-trashmore-12","mount-trashmore","neighborhood","Mount Trashmore Regional Park · C2-1","C2-1","Yesterday’s trash becomes today’s scenic methane overlook.","17.28","5.826651","18.24","906","338","106","models/vlt-mount-trashmore-12.gltf"
"vlt-mount-trashmore-13","mount-trashmore","neighborhood","Mount Trashmore Regional Park · C3-1","C3-1","Yesterday’s trash becomes today’s scenic methane overlook.","18.72","5.8333","19.76","1034","386","106","models/vlt-mount-trashmore-13.gltf"
"vlt-mount-trashmore-14","mount-trashmore","neighborhood","Mount Trashmore Regional Park · C4-1","C4-1","Yesterday’s trash becomes today’s scenic methane overlook.","20.16","5.843165","21.28","1162","434","106","models/vlt-mount-trashmore-14.gltf"
"vlt-mount-trashmore-15","mount-trashmore","neighborhood","Mount Trashmore Regional Park · C5-1","C5-1","Yesterday’s trash becomes today’s scenic methane overlook.","21.6","5.851376","22.8","1290","482","106","models/vlt-mount-trashmore-15.gltf"
"vlt-mount-trashmore-16","mount-trashmore","neighborhood","Mount Trashmore Regional Park · D1-1","D1-1","Yesterday’s trash becomes today’s scenic methane overlook.","15.84","6.063202","17.6","778","290","106","models/vlt-mount-trashmore-16.gltf"
"vlt-mount-trashmore-17","mount-trashmore","neighborhood","Mount Trashmore Regional Park · D2-1","D2-1","Yesterday’s trash becomes today’s scenic methane overlook.","17.28","6.070367","19.2","906","338","106","models/vlt-mount-trashmore-17.gltf"
"vlt-mount-trashmore-18","mount-trashmore","neighborhood","Mount Trashmore Regional Park · D3-1","D3-1","Yesterday’s trash becomes today’s scenic methane overlook.","18.72","6.076976","20.8","1034","386","106","models/vlt-mount-trashmore-18.gltf"
"vlt-mount-trashmore-19","mount-trashmore","neighborhood","Mount Trashmore Regional Park · D4-1","D4-1","Yesterday’s trash becomes today’s scenic methane overlook.","20.16","6.083359","22.4","1162","434","106","models/vlt-mount-trashmore-19.gltf"
"vlt-mount-trashmore-20","mount-trashmore","neighborhood","Mount Trashmore Regional Park · D5-1","D5-1","Yesterday’s trash becomes today’s scenic methane overlook.","21.6","6.092315","24","1290","482","106","models/vlt-mount-trashmore-20.gltf"
"vlt-mount-trashmore-21","mount-trashmore","neighborhood","Mount Trashmore Regional Park · A1-2","A1-2","Yesterday’s trash becomes today’s scenic methane overlook.","15.84","5.335246","14.96","1102","326","106","models/vlt-mount-trashmore-21.gltf"
"vlt-mount-trashmore-22","mount-trashmore","neighborhood","Mount Trashmore Regional Park · A2-2","A2-2","Yesterday’s trash becomes today’s scenic methane overlook.","17.28","5.343493","16.32","1230","374","106","models/vlt-mount-trashmore-22.gltf"
"vlt-mount-trashmore-23","mount-trashmore","neighborhood","Mount Trashmore Regional Park · A3-2","A3-2","Yesterday’s trash becomes today’s scenic methane overlook.","18.72","5.353558","17.68","1358","422","106","models/vlt-mount-trashmore-23.gltf"
"vlt-mount-trashmore-24","mount-trashmore","neighborhood","Mount Trashmore Regional Park · A4-2","A4-2","Yesterday’s trash becomes today’s scenic methane overlook.","20.16","5.36167","19.04","1486","470","106","models/vlt-mount-trashmore-24.gltf"
"vlt-mount-trashmore-25","mount-trashmore","neighborhood","Mount Trashmore Regional Park · A5-2","A5-2","Yesterday’s trash becomes today’s scenic methane overlook.","21.6","5.368196","20.4","1614","518","106","models/vlt-mount-trashmore-25.gltf"
"vlt-mount-trashmore-26","mount-trashmore","neighborhood","Mount Trashmore Regional Park · B1-2","B1-2","Yesterday’s trash becomes today’s scenic methane overlook.","15.84","5.577042","15.84","1210","338","106","models/vlt-mount-trashmore-26.gltf"
"vlt-mount-trashmore-27","mount-trashmore","neighborhood","Mount Trashmore Regional Park · B2-2","B2-2","Yesterday’s trash becomes today’s scenic methane overlook.","17.28","5.583618","17.28","1338","386","106","models/vlt-mount-trashmore-27.gltf"
"vlt-mount-trashmore-28","mount-trashmore","neighborhood","Mount Trashmore Regional Park · B3-2","B3-2","Yesterday’s trash becomes today’s scenic methane overlook.","18.72","5.59365","18.72","1466","434","106","models/vlt-mount-trashmore-28.gltf"
"vlt-mount-trashmore-29","mount-trashmore","neighborhood","Mount Trashmore Regional Park · B4-2","B4-2","Yesterday’s trash becomes today’s scenic methane overlook.","20.16","5.602681","20.16","1594","482","106","models/vlt-mount-trashmore-29.gltf"
"vlt-mount-trashmore-30","mount-trashmore","neighborhood","Mount Trashmore Regional Park · B5-2","B5-2","Yesterday’s trash becomes today’s scenic methane overlook.","21.6","5.610109","21.6","1722","530","106","models/vlt-mount-trashmore-30.gltf"
"vlt-mount-trashmore-31","mount-trashmore","neighborhood","Mount Trashmore Regional Park · C1-2","C1-2","Yesterday’s trash becomes today’s scenic methane overlook.","15.84","5.819725","16.72","1318","350","106","models/vlt-mount-trashmore-31.gltf"
"vlt-mount-trashmore-32","mount-trashmore","neighborhood","Mount Trashmore Regional Park · C2-2","C2-2","Yesterday’s trash becomes today’s scenic methane overlook.","17.28","5.826651","18.24","1446","398","106","models/vlt-mount-trashmore-32.gltf"
"vlt-mount-trashmore-33","mount-trashmore","neighborhood","Mount Trashmore Regional Park · C3-2","C3-2","Yesterday’s trash becomes today’s scenic methane overlook.","18.72","5.8333","19.76","1574","446","106","models/vlt-mount-trashmore-33.gltf"
"vlt-mount-trashmore-34","mount-trashmore","neighborhood","Mount Trashmore Regional Park · C4-2","C4-2","Yesterday’s trash becomes today’s scenic methane overlook.","20.16","5.843165","21.28","1702","494","106","models/vlt-mount-trashmore-34.gltf"
"vlt-mount-trashmore-35","mount-trashmore","neighborhood","Mount Trashmore Regional Park · C5-2","C5-2","Yesterday’s trash becomes today’s scenic methane overlook.","21.6","5.851376","22.8","1830","542","106","models/vlt-mount-trashmore-35.gltf"
"vlt-mount-trashmore-36","mount-trashmore","neighborhood","Mount Trashmore Regional Park · D1-2","D1-2","Yesterday’s trash becomes today’s scenic methane overlook.","15.84","6.063202","17.6","1426","362","106","models/vlt-mount-trashmore-36.gltf"
"vlt-mount-trashmore-37","mount-trashmore","neighborhood","Mount Trashmore Regional Park · D2-2","D2-2","Yesterday’s trash becomes today’s scenic methane overlook.","17.28","6.070367","19.2","1554","410","106","models/vlt-mount-trashmore-37.gltf"
"vlt-mount-trashmore-38","mount-trashmore","neighborhood","Mount Trashmore Regional Park · D3-2","D3-2","Yesterday’s trash becomes today’s scenic methane overlook.","18.72","6.076976","20.8","1682","458","106","models/vlt-mount-trashmore-38.gltf"
"vlt-mount-trashmore-39","mount-trashmore","neighborhood","Mount Trashmore Regional Park · D4-2","D4-2","Yesterday’s trash becomes today’s scenic methane overlook.","20.16","6.083359","22.4","1810","506","106","models/vlt-mount-trashmore-39.gltf"
"vlt-mount-trashmore-40","mount-trashmore","neighborhood","Mount Trashmore Regional Park · D5-2","D5-2","Yesterday’s trash becomes today’s scenic methane overlook.","21.6","6.092315","24","1938","554","106","models/vlt-mount-trashmore-40.gltf"
"vlt-octane-oasis-01","octane-oasis","commerce","Octane Oasis · A1-1","A1-1","Hydration costs extra; windshield squeegees are aspirational.","17.16","8.052223","13.3544","2230","362","266","models/vlt-octane-oasis-01.gltf"
"vlt-octane-oasis-02","octane-oasis","commerce","Octane Oasis · A2-1","A2-1","Hydration costs extra; windshield squeegees are aspirational.","18.52","8.260973","13.3544","2446","374","266","models/vlt-octane-oasis-02.gltf"
"vlt-octane-oasis-03","octane-oasis","commerce","Octane Oasis · A3-1","A3-1","Hydration costs extra; windshield squeegees are aspirational.","19.88","8.469723","13.3544","2662","386","266","models/vlt-octane-oasis-03.gltf"
"vlt-octane-oasis-04","octane-oasis","commerce","Octane Oasis · A4-1","A4-1","Hydration costs extra; windshield squeegees are aspirational.","21.24","8.678473","13.3544","2770","386","266","models/vlt-octane-oasis-04.gltf"
"vlt-octane-oasis-05","octane-oasis","commerce","Octane Oasis · A5-1","A5-1","Hydration costs extra; windshield squeegees are aspirational.","22.6","8.887223","13.3544","2770","386","266","models/vlt-octane-oasis-05.gltf"
"vlt-octane-oasis-06","octane-oasis","commerce","Octane Oasis · B1-1","B1-1","Hydration costs extra; windshield squeegees are aspirational.","17.16","8.052223","13.9538","2230","362","266","models/vlt-octane-oasis-06.gltf"
"vlt-octane-oasis-07","octane-oasis","commerce","Octane Oasis · B2-1","B2-1","Hydration costs extra; windshield squeegees are aspirational.","18.52","8.260973","13.9538","2446","374","266","models/vlt-octane-oasis-07.gltf"
"vlt-octane-oasis-08","octane-oasis","commerce","Octane Oasis · B3-1","B3-1","Hydration costs extra; windshield squeegees are aspirational.","19.88","8.469723","13.9538","2662","386","266","models/vlt-octane-oasis-08.gltf"
"vlt-octane-oasis-09","octane-oasis","commerce","Octane Oasis · B4-1","B4-1","Hydration costs extra; windshield squeegees are aspirational.","21.24","8.678473","13.9538","2770","386","266","models/vlt-octane-oasis-09.gltf"
"vlt-octane-oasis-10","octane-oasis","commerce","Octane Oasis · B5-1","B5-1","Hydration costs extra; windshield squeegees are aspirational.","22.6","8.887223","13.9538","2770","386","266","models/vlt-octane-oasis-10.gltf"
"vlt-octane-oasis-11","octane-oasis","commerce","Octane Oasis · C1-1","C1-1","Hydration costs extra; windshield squeegees are aspirational.","17.16","8.052223","14.5532","2230","362","266","models/vlt-octane-oasis-11.gltf"
"vlt-octane-oasis-12","octane-oasis","commerce","Octane Oasis · C2-1","C2-1","Hydration costs extra; windshield squeegees are aspirational.","18.52","8.260973","14.5532","2446","374","266","models/vlt-octane-oasis-12.gltf"
"vlt-octane-oasis-13","octane-oasis","commerce","Octane Oasis · C3-1","C3-1","Hydration costs extra; windshield squeegees are aspirational.","19.88","8.469723","14.5532","2662","386","266","models/vlt-octane-oasis-13.gltf"
"vlt-octane-oasis-14","octane-oasis","commerce","Octane Oasis · C4-1","C4-1","Hydration costs extra; windshield squeegees are aspirational.","21.24","8.678473","14.5532","2770","386","266","models/vlt-octane-oasis-14.gltf"
"vlt-octane-oasis-15","octane-oasis","commerce","Octane Oasis · C5-1","C5-1","Hydration costs extra; windshield squeegees are aspirational.","22.6","8.887223","14.5532","2770","386","266","models/vlt-octane-oasis-15.gltf"
"vlt-octane-oasis-16","octane-oasis","commerce","Octane Oasis · D1-1","D1-1","Hydration costs extra; windshield squeegees are aspirational.","17.16","8.052223","15.1526","2230","362","266","models/vlt-octane-oasis-16.gltf"
"vlt-octane-oasis-17","octane-oasis","commerce","Octane Oasis · D2-1","D2-1","Hydration costs extra; windshield squeegees are aspirational.","18.52","8.260973","15.1526","2446","374","266","models/vlt-octane-oasis-17.gltf"
"vlt-octane-oasis-18","octane-oasis","commerce","Octane Oasis · D3-1","D3-1","Hydration costs extra; windshield squeegees are aspirational.","19.88","8.469723","15.1526","2662","386","266","models/vlt-octane-oasis-18.gltf"
"vlt-octane-oasis-19","octane-oasis","commerce","Octane Oasis · D4-1","D4-1","Hydration costs extra; windshield squeegees are aspirational.","21.24","8.678473","15.1526","2770","386","266","models/vlt-octane-oasis-19.gltf"
"vlt-octane-oasis-20","octane-oasis","commerce","Octane Oasis · D5-1","D5-1","Hydration costs extra; windshield squeegees are aspirational.","22.6","8.887223","15.1526","2770","386","266","models/vlt-octane-oasis-20.gltf"
"vlt-octane-oasis-21","octane-oasis","commerce","Octane Oasis · A1-2","A1-2","Hydration costs extra; windshield squeegees are aspirational.","17.16","8.052223","15.5812","2770","398","278","models/vlt-octane-oasis-21.gltf"
"vlt-octane-oasis-22","octane-oasis","commerce","Octane Oasis · A2-2","A2-2","Hydration costs extra; windshield squeegees are aspirational.","18.52","8.260973","15.5812","2986","410","278","models/vlt-octane-oasis-22.gltf"
"vlt-octane-oasis-23","octane-oasis","commerce","Octane Oasis · A3-2","A3-2","Hydration costs extra; windshield squeegees are aspirational.","19.88","8.469723","15.5812","3202","422","278","models/vlt-octane-oasis-23.gltf"
"vlt-octane-oasis-24","octane-oasis","commerce","Octane Oasis · A4-2","A4-2","Hydration costs extra; windshield squeegees are aspirational.","21.24","8.678473","15.5812","3310","422","278","models/vlt-octane-oasis-24.gltf"
"vlt-octane-oasis-25","octane-oasis","commerce","Octane Oasis · A5-2","A5-2","Hydration costs extra; windshield squeegees are aspirational.","22.6","8.887223","15.5812","3310","422","278","models/vlt-octane-oasis-25.gltf"
"vlt-octane-oasis-26","octane-oasis","commerce","Octane Oasis · B1-2","B1-2","Hydration costs extra; windshield squeegees are aspirational.","17.16","8.052223","16.2724","2770","398","278","models/vlt-octane-oasis-26.gltf"
"vlt-octane-oasis-27","octane-oasis","commerce","Octane Oasis · B2-2","B2-2","Hydration costs extra; windshield squeegees are aspirational.","18.52","8.260973","16.2724","2986","410","278","models/vlt-octane-oasis-27.gltf"
"vlt-octane-oasis-28","octane-oasis","commerce","Octane Oasis · B3-2","B3-2","Hydration costs extra; windshield squeegees are aspirational.","19.88","8.469723","16.2724","3202","422","278","models/vlt-octane-oasis-28.gltf"
"vlt-octane-oasis-29","octane-oasis","commerce","Octane Oasis · B4-2","B4-2","Hydration costs extra; windshield squeegees are aspirational.","21.24","8.678473","16.2724","3310","422","278","models/vlt-octane-oasis-29.gltf"
"vlt-octane-oasis-30","octane-oasis","commerce","Octane Oasis · B5-2","B5-2","Hydration costs extra; windshield squeegees are aspirational.","22.6","8.887223","16.2724","3310","422","278","models/vlt-octane-oasis-30.gltf"
"vlt-octane-oasis-31","octane-oasis","commerce","Octane Oasis · C1-2","C1-2","Hydration costs extra; windshield squeegees are aspirational.","17.16","8.052223","16.9636","2770","398","278","models/vlt-octane-oasis-31.gltf"
"vlt-octane-oasis-32","octane-oasis","commerce","Octane Oasis · C2-2","C2-2","Hydration costs extra; windshield squeegees are aspirational.","18.52","8.260973","16.9636","2986","410","278","models/vlt-octane-oasis-32.gltf"
"vlt-octane-oasis-33","octane-oasis","commerce","Octane Oasis · C3-2","C3-2","Hydration costs extra; windshield squeegees are aspirational.","19.88","8.469723","16.9636","3202","422","278","models/vlt-octane-oasis-33.gltf"
"vlt-octane-oasis-34","octane-oasis","commerce","Octane Oasis · C4-2","C4-2","Hydration costs extra; windshield squeegees are aspirational.","21.24","8.678473","16.9636","3310","422","278","models/vlt-octane-oasis-34.gltf"
"vlt-octane-oasis-35","octane-oasis","commerce","Octane Oasis · C5-2","C5-2","Hydration costs extra; windshield squeegees are aspirational.","22.6","8.887223","16.9636","3310","422","278","models/vlt-octane-oasis-35.gltf"
"vlt-octane-oasis-36","octane-oasis","commerce","Octane Oasis · D1-2","D1-2","Hydration costs extra; windshield squeegees are aspirational.","17.16","8.052223","17.6548","2770","398","278","models/vlt-octane-oasis-36.gltf"
"vlt-octane-oasis-37","octane-oasis","commerce","Octane Oasis · D2-2","D2-2","Hydration costs extra; windshield squeegees are aspirational.","18.52","8.260973","17.6548","2986","410","278","models/vlt-octane-oasis-37.gltf"
"vlt-octane-oasis-38","octane-oasis","commerce","Octane Oasis · D3-2","D3-2","Hydration costs extra; windshield squeegees are aspirational.","19.88","8.469723","17.6548","3202","422","278","models/vlt-octane-oasis-38.gltf"
"vlt-octane-oasis-39","octane-oasis","commerce","Octane Oasis · D4-2","D4-2","Hydration costs extra; windshield squeegees are aspirational.","21.24","8.678473","17.6548","3310","422","278","models/vlt-octane-oasis-39.gltf"
"vlt-octane-oasis-40","octane-oasis","commerce","Octane Oasis · D5-2","D5-2","Hydration costs extra; windshield squeegees are aspirational.","22.6","8.887223","17.6548","3310","422","278","models/vlt-octane-oasis-40.gltf"
"vlt-one-bus-depot-01","one-bus-depot","infrastructure","One-Bus Depot · A1-1","A1-1","Transit capacity: one vehicle and a press release.","14.7866","5.978","14.976","1482","194","146","models/vlt-one-bus-depot-01.gltf"
"vlt-one-bus-depot-02","one-bus-depot","infrastructure","One-Bus Depot · A2-1","A2-1","Transit capacity: one vehicle and a press release.","16.0922","6.123","16.017","1762","242","146","models/vlt-one-bus-depot-02.gltf"
"vlt-one-bus-depot-03","one-bus-depot","infrastructure","One-Bus Depot · A3-1","A3-1","Transit capacity: one vehicle and a press release.","17.3978","6.268","17.058","2042","290","146","models/vlt-one-bus-depot-03.gltf"
"vlt-one-bus-depot-04","one-bus-depot","infrastructure","One-Bus Depot · A4-1","A4-1","Transit capacity: one vehicle and a press release.","18.7034","6.413","18.099","2322","338","146","models/vlt-one-bus-depot-04.gltf"
"vlt-one-bus-depot-05","one-bus-depot","infrastructure","One-Bus Depot · A5-1","A5-1","Transit capacity: one vehicle and a press release.","20.009","6.558","19.14","2602","386","146","models/vlt-one-bus-depot-05.gltf"
"vlt-one-bus-depot-06","one-bus-depot","infrastructure","One-Bus Depot · B1-1","B1-1","Transit capacity: one vehicle and a press release.","14.8466","5.978","14.976","1698","218","146","models/vlt-one-bus-depot-06.gltf"
"vlt-one-bus-depot-07","one-bus-depot","infrastructure","One-Bus Depot · B2-1","B2-1","Transit capacity: one vehicle and a press release.","16.1522","6.123","16.017","1978","266","146","models/vlt-one-bus-depot-07.gltf"
"vlt-one-bus-depot-08","one-bus-depot","infrastructure","One-Bus Depot · B3-1","B3-1","Transit capacity: one vehicle and a press release.","17.4578","6.268","17.058","2258","314","146","models/vlt-one-bus-depot-08.gltf"
"vlt-one-bus-depot-09","one-bus-depot","infrastructure","One-Bus Depot · B4-1","B4-1","Transit capacity: one vehicle and a press release.","18.7634","6.413","18.099","2538","362","146","models/vlt-one-bus-depot-09.gltf"
"vlt-one-bus-depot-10","one-bus-depot","infrastructure","One-Bus Depot · B5-1","B5-1","Transit capacity: one vehicle and a press release.","20.069","6.558","19.14","2818","410","146","models/vlt-one-bus-depot-10.gltf"
"vlt-one-bus-depot-11","one-bus-depot","infrastructure","One-Bus Depot · C1-1","C1-1","Transit capacity: one vehicle and a press release.","14.9066","5.978","14.976","1914","242","146","models/vlt-one-bus-depot-11.gltf"
"vlt-one-bus-depot-12","one-bus-depot","infrastructure","One-Bus Depot · C2-1","C2-1","Transit capacity: one vehicle and a press release.","16.2122","6.123","16.017","2194","290","146","models/vlt-one-bus-depot-12.gltf"
"vlt-one-bus-depot-13","one-bus-depot","infrastructure","One-Bus Depot · C3-1","C3-1","Transit capacity: one vehicle and a press release.","17.5178","6.268","17.058","2474","338","146","models/vlt-one-bus-depot-13.gltf"
"vlt-one-bus-depot-14","one-bus-depot","infrastructure","One-Bus Depot · C4-1","C4-1","Transit capacity: one vehicle and a press release.","18.8234","6.413","18.099","2754","386","146","models/vlt-one-bus-depot-14.gltf"
"vlt-one-bus-depot-15","one-bus-depot","infrastructure","One-Bus Depot · C5-1","C5-1","Transit capacity: one vehicle and a press release.","20.129","6.558","19.14","3034","434","146","models/vlt-one-bus-depot-15.gltf"
"vlt-one-bus-depot-16","one-bus-depot","infrastructure","One-Bus Depot · D1-1","D1-1","Transit capacity: one vehicle and a press release.","14.9666","5.978","14.976","2130","266","146","models/vlt-one-bus-depot-16.gltf"
"vlt-one-bus-depot-17","one-bus-depot","infrastructure","One-Bus Depot · D2-1","D2-1","Transit capacity: one vehicle and a press release.","16.2722","6.123","16.017","2410","314","146","models/vlt-one-bus-depot-17.gltf"
"vlt-one-bus-depot-18","one-bus-depot","infrastructure","One-Bus Depot · D3-1","D3-1","Transit capacity: one vehicle and a press release.","17.5778","6.268","17.058","2690","362","146","models/vlt-one-bus-depot-18.gltf"
"vlt-one-bus-depot-19","one-bus-depot","infrastructure","One-Bus Depot · D4-1","D4-1","Transit capacity: one vehicle and a press release.","18.8834","6.413","18.099","2970","410","146","models/vlt-one-bus-depot-19.gltf"
"vlt-one-bus-depot-20","one-bus-depot","infrastructure","One-Bus Depot · D5-1","D5-1","Transit capacity: one vehicle and a press release.","20.189","6.558","19.14","3250","458","146","models/vlt-one-bus-depot-20.gltf"
"vlt-one-bus-depot-21","one-bus-depot","infrastructure","One-Bus Depot · A1-2","A1-2","Transit capacity: one vehicle and a press release.","14.7866","5.978","14.976","1698","218","158","models/vlt-one-bus-depot-21.gltf"
"vlt-one-bus-depot-22","one-bus-depot","infrastructure","One-Bus Depot · A2-2","A2-2","Transit capacity: one vehicle and a press release.","16.0922","6.123","16.017","1978","266","158","models/vlt-one-bus-depot-22.gltf"
"vlt-one-bus-depot-23","one-bus-depot","infrastructure","One-Bus Depot · A3-2","A3-2","Transit capacity: one vehicle and a press release.","17.3978","6.268","17.058","2258","314","158","models/vlt-one-bus-depot-23.gltf"
"vlt-one-bus-depot-24","one-bus-depot","infrastructure","One-Bus Depot · A4-2","A4-2","Transit capacity: one vehicle and a press release.","18.7034","6.413","18.099","2538","362","158","models/vlt-one-bus-depot-24.gltf"
"vlt-one-bus-depot-25","one-bus-depot","infrastructure","One-Bus Depot · A5-2","A5-2","Transit capacity: one vehicle and a press release.","20.009","6.558","19.14","2818","410","158","models/vlt-one-bus-depot-25.gltf"
"vlt-one-bus-depot-26","one-bus-depot","infrastructure","One-Bus Depot · B1-2","B1-2","Transit capacity: one vehicle and a press release.","14.8466","5.978","14.976","1914","242","158","models/vlt-one-bus-depot-26.gltf"
"vlt-one-bus-depot-27","one-bus-depot","infrastructure","One-Bus Depot · B2-2","B2-2","Transit capacity: one vehicle and a press release.","16.1522","6.123","16.017","2194","290","158","models/vlt-one-bus-depot-27.gltf"
"vlt-one-bus-depot-28","one-bus-depot","infrastructure","One-Bus Depot · B3-2","B3-2","Transit capacity: one vehicle and a press release.","17.4578","6.268","17.058","2474","338","158","models/vlt-one-bus-depot-28.gltf"
"vlt-one-bus-depot-29","one-bus-depot","infrastructure","One-Bus Depot · B4-2","B4-2","Transit capacity: one vehicle and a press release.","18.7634","6.413","18.099","2754","386","158","models/vlt-one-bus-depot-29.gltf"
"vlt-one-bus-depot-30","one-bus-depot","infrastructure","One-Bus Depot · B5-2","B5-2","Transit capacity: one vehicle and a press release.","20.069","6.558","19.14","3034","434","158","models/vlt-one-bus-depot-30.gltf"
"vlt-one-bus-depot-31","one-bus-depot","infrastructure","One-Bus Depot · C1-2","C1-2","Transit capacity: one vehicle and a press release.","14.9066","5.978","14.976","2130","266","158","models/vlt-one-bus-depot-31.gltf"
"vlt-one-bus-depot-32","one-bus-depot","infrastructure","One-Bus Depot · C2-2","C2-2","Transit capacity: one vehicle and a press release.","16.2122","6.123","16.017","2410","314","158","models/vlt-one-bus-depot-32.gltf"
"vlt-one-bus-depot-33","one-bus-depot","infrastructure","One-Bus Depot · C3-2","C3-2","Transit capacity: one vehicle and a press release.","17.5178","6.268","17.058","2690","362","158","models/vlt-one-bus-depot-33.gltf"
"vlt-one-bus-depot-34","one-bus-depot","infrastructure","One-Bus Depot · C4-2","C4-2","Transit capacity: one vehicle and a press release.","18.8234","6.413","18.099","2970","410","158","models/vlt-one-bus-depot-34.gltf"
"vlt-one-bus-depot-35","one-bus-depot","infrastructure","One-Bus Depot · C5-2","C5-2","Transit capacity: one vehicle and a press release.","20.129","6.558","19.14","3250","458","158","models/vlt-one-bus-depot-35.gltf"
"vlt-one-bus-depot-36","one-bus-depot","infrastructure","One-Bus Depot · D1-2","D1-2","Transit capacity: one vehicle and a press release.","14.9666","5.978","14.976","2346","290","158","models/vlt-one-bus-depot-36.gltf"
"vlt-one-bus-depot-37","one-bus-depot","infrastructure","One-Bus Depot · D2-2","D2-2","Transit capacity: one vehicle and a press release.","16.2722","6.123","16.017","2626","338","158","models/vlt-one-bus-depot-37.gltf"
"vlt-one-bus-depot-38","one-bus-depot","infrastructure","One-Bus Depot · D3-2","D3-2","Transit capacity: one vehicle and a press release.","17.5778","6.268","17.058","2906","386","158","models/vlt-one-bus-depot-38.gltf"
"vlt-one-bus-depot-39","one-bus-depot","infrastructure","One-Bus Depot · D4-2","D4-2","Transit capacity: one vehicle and a press release.","18.8834","6.413","18.099","3186","434","158","models/vlt-one-bus-depot-39.gltf"
"vlt-one-bus-depot-40","one-bus-depot","infrastructure","One-Bus Depot · D5-2","D5-2","Transit capacity: one vehicle and a press release.","20.189","6.558","19.14","3466","482","158","models/vlt-one-bus-depot-40.gltf"
"vlt-parcel-panic-01","parcel-panic","commerce","Parcel Panic · A1-1","A1-1","Same-day expectations, eventually-day staffing.","23.32","6.58","19.914125","1488","216","92","models/vlt-parcel-panic-01.gltf"
"vlt-parcel-panic-02","parcel-panic","commerce","Parcel Panic · A2-1","A2-1","Same-day expectations, eventually-day staffing.","25.24","6.755","20.000318","1596","216","92","models/vlt-parcel-panic-02.gltf"
"vlt-parcel-panic-03","parcel-panic","commerce","Parcel Panic · A3-1","A3-1","Same-day expectations, eventually-day staffing.","27.16","6.93","20.086511","1704","216","92","models/vlt-parcel-panic-03.gltf"
"vlt-parcel-panic-04","parcel-panic","commerce","Parcel Panic · A4-1","A4-1","Same-day expectations, eventually-day staffing.","28.2","7.105","20.133198","1812","216","92","models/vlt-parcel-panic-04.gltf"
"vlt-parcel-panic-05","parcel-panic","commerce","Parcel Panic · A5-1","A5-1","Same-day expectations, eventually-day staffing.","28.2","7.28","20.133198","1920","216","92","models/vlt-parcel-panic-05.gltf"
"vlt-parcel-panic-06","parcel-panic","commerce","Parcel Panic · B1-1","B1-1","Same-day expectations, eventually-day staffing.","23.32","6.58","20.763725","1488","216","92","models/vlt-parcel-panic-06.gltf"
"vlt-parcel-panic-07","parcel-panic","commerce","Parcel Panic · B2-1","B2-1","Same-day expectations, eventually-day staffing.","25.24","6.755","20.849918","1596","216","92","models/vlt-parcel-panic-07.gltf"
"vlt-parcel-panic-08","parcel-panic","commerce","Parcel Panic · B3-1","B3-1","Same-day expectations, eventually-day staffing.","27.16","6.93","20.936111","1704","216","92","models/vlt-parcel-panic-08.gltf"
"vlt-parcel-panic-09","parcel-panic","commerce","Parcel Panic · B4-1","B4-1","Same-day expectations, eventually-day staffing.","28.2","7.105","20.982798","1812","216","92","models/vlt-parcel-panic-09.gltf"
"vlt-parcel-panic-10","parcel-panic","commerce","Parcel Panic · B5-1","B5-1","Same-day expectations, eventually-day staffing.","28.2","7.28","20.982798","1920","216","92","models/vlt-parcel-panic-10.gltf"
"vlt-parcel-panic-11","parcel-panic","commerce","Parcel Panic · C1-1","C1-1","Same-day expectations, eventually-day staffing.","23.32","6.58","21.613325","1488","216","92","models/vlt-parcel-panic-11.gltf"
"vlt-parcel-panic-12","parcel-panic","commerce","Parcel Panic · C2-1","C2-1","Same-day expectations, eventually-day staffing.","25.24","6.755","21.699518","1596","216","92","models/vlt-parcel-panic-12.gltf"
"vlt-parcel-panic-13","parcel-panic","commerce","Parcel Panic · C3-1","C3-1","Same-day expectations, eventually-day staffing.","27.16","6.93","21.785711","1704","216","92","models/vlt-parcel-panic-13.gltf"
"vlt-parcel-panic-14","parcel-panic","commerce","Parcel Panic · C4-1","C4-1","Same-day expectations, eventually-day staffing.","28.2","7.105","21.832398","1812","216","92","models/vlt-parcel-panic-14.gltf"
"vlt-parcel-panic-15","parcel-panic","commerce","Parcel Panic · C5-1","C5-1","Same-day expectations, eventually-day staffing.","28.2","7.28","21.832398","1920","216","92","models/vlt-parcel-panic-15.gltf"
"vlt-parcel-panic-16","parcel-panic","commerce","Parcel Panic · D1-1","D1-1","Same-day expectations, eventually-day staffing.","23.32","6.58","22.462925","1488","216","92","models/vlt-parcel-panic-16.gltf"
"vlt-parcel-panic-17","parcel-panic","commerce","Parcel Panic · D2-1","D2-1","Same-day expectations, eventually-day staffing.","25.24","6.755","22.549118","1596","216","92","models/vlt-parcel-panic-17.gltf"
"vlt-parcel-panic-18","parcel-panic","commerce","Parcel Panic · D3-1","D3-1","Same-day expectations, eventually-day staffing.","27.16","6.93","22.635311","1704","216","92","models/vlt-parcel-panic-18.gltf"
"vlt-parcel-panic-19","parcel-panic","commerce","Parcel Panic · D4-1","D4-1","Same-day expectations, eventually-day staffing.","28.2","7.105","22.681998","1812","216","92","models/vlt-parcel-panic-19.gltf"
"vlt-parcel-panic-20","parcel-panic","commerce","Parcel Panic · D5-1","D5-1","Same-day expectations, eventually-day staffing.","28.2","7.28","22.681998","1920","216","92","models/vlt-parcel-panic-20.gltf"
"vlt-parcel-panic-21","parcel-panic","commerce","Parcel Panic · A1-2","A1-2","Same-day expectations, eventually-day staffing.","23.32","6.58","20.2916","2028","252","104","models/vlt-parcel-panic-21.gltf"
"vlt-parcel-panic-22","parcel-panic","commerce","Parcel Panic · A2-2","A2-2","Same-day expectations, eventually-day staffing.","25.24","6.755","20.2916","2136","252","104","models/vlt-parcel-panic-22.gltf"
"vlt-parcel-panic-23","parcel-panic","commerce","Parcel Panic · A3-2","A3-2","Same-day expectations, eventually-day staffing.","27.16","6.93","20.2916","2244","252","104","models/vlt-parcel-panic-23.gltf"
"vlt-parcel-panic-24","parcel-panic","commerce","Parcel Panic · A4-2","A4-2","Same-day expectations, eventually-day staffing.","28.2","7.105","20.2916","2352","252","104","models/vlt-parcel-panic-24.gltf"
"vlt-parcel-panic-25","parcel-panic","commerce","Parcel Panic · A5-2","A5-2","Same-day expectations, eventually-day staffing.","28.2","7.28","20.2916","2460","252","104","models/vlt-parcel-panic-25.gltf"
"vlt-parcel-panic-26","parcel-panic","commerce","Parcel Panic · B1-2","B1-2","Same-day expectations, eventually-day staffing.","23.32","6.58","21.2132","2028","252","104","models/vlt-parcel-panic-26.gltf"
"vlt-parcel-panic-27","parcel-panic","commerce","Parcel Panic · B2-2","B2-2","Same-day expectations, eventually-day staffing.","25.24","6.755","21.2132","2136","252","104","models/vlt-parcel-panic-27.gltf"
"vlt-parcel-panic-28","parcel-panic","commerce","Parcel Panic · B3-2","B3-2","Same-day expectations, eventually-day staffing.","27.16","6.93","21.2132","2244","252","104","models/vlt-parcel-panic-28.gltf"
"vlt-parcel-panic-29","parcel-panic","commerce","Parcel Panic · B4-2","B4-2","Same-day expectations, eventually-day staffing.","28.2","7.105","21.2132","2352","252","104","models/vlt-parcel-panic-29.gltf"
"vlt-parcel-panic-30","parcel-panic","commerce","Parcel Panic · B5-2","B5-2","Same-day expectations, eventually-day staffing.","28.2","7.28","21.2132","2460","252","104","models/vlt-parcel-panic-30.gltf"
"vlt-parcel-panic-31","parcel-panic","commerce","Parcel Panic · C1-2","C1-2","Same-day expectations, eventually-day staffing.","23.32","6.58","22.1348","2028","252","104","models/vlt-parcel-panic-31.gltf"
"vlt-parcel-panic-32","parcel-panic","commerce","Parcel Panic · C2-2","C2-2","Same-day expectations, eventually-day staffing.","25.24","6.755","22.1348","2136","252","104","models/vlt-parcel-panic-32.gltf"
"vlt-parcel-panic-33","parcel-panic","commerce","Parcel Panic · C3-2","C3-2","Same-day expectations, eventually-day staffing.","27.16","6.93","22.1348","2244","252","104","models/vlt-parcel-panic-33.gltf"
"vlt-parcel-panic-34","parcel-panic","commerce","Parcel Panic · C4-2","C4-2","Same-day expectations, eventually-day staffing.","28.2","7.105","22.1348","2352","252","104","models/vlt-parcel-panic-34.gltf"
"vlt-parcel-panic-35","parcel-panic","commerce","Parcel Panic · C5-2","C5-2","Same-day expectations, eventually-day staffing.","28.2","7.28","22.1348","2460","252","104","models/vlt-parcel-panic-35.gltf"
"vlt-parcel-panic-36","parcel-panic","commerce","Parcel Panic · D1-2","D1-2","Same-day expectations, eventually-day staffing.","23.32","6.58","23.0564","2028","252","104","models/vlt-parcel-panic-36.gltf"
"vlt-parcel-panic-37","parcel-panic","commerce","Parcel Panic · D2-2","D2-2","Same-day expectations, eventually-day staffing.","25.24","6.755","23.0564","2136","252","104","models/vlt-parcel-panic-37.gltf"
"vlt-parcel-panic-38","parcel-panic","commerce","Parcel Panic · D3-2","D3-2","Same-day expectations, eventually-day staffing.","27.16","6.93","23.0564","2244","252","104","models/vlt-parcel-panic-38.gltf"
"vlt-parcel-panic-39","parcel-panic","commerce","Parcel Panic · D4-2","D4-2","Same-day expectations, eventually-day staffing.","28.2","7.105","23.0564","2352","252","104","models/vlt-parcel-panic-39.gltf"
"vlt-parcel-panic-40","parcel-panic","commerce","Parcel Panic · D5-2","D5-2","Same-day expectations, eventually-day staffing.","28.2","7.28","23.0564","2460","252","104","models/vlt-parcel-panic-40.gltf"
"vlt-parking-minimums-garage-01","parking-minimums-garage","infrastructure","Parking Minimums Garage · A1-1","A1-1","Every destination deserves a larger destination for empty cars.","13.889","6.925","8.6984","4074","338","206","models/vlt-parking-minimums-garage-01.gltf"
"vlt-parking-minimums-garage-02","parking-minimums-garage","infrastructure","Parking Minimums Garage · A2-1","A2-1","Every destination deserves a larger destination for empty cars.","15.113","9.175","9.4328","5326","446","206","models/vlt-parking-minimums-garage-02.gltf"
"vlt-parking-minimums-garage-03","parking-minimums-garage","infrastructure","Parking Minimums Garage · A3-1","A3-1","Every destination deserves a larger destination for empty cars.","16.337","11.425","10.1672","6578","554","206","models/vlt-parking-minimums-garage-03.gltf"
"vlt-parking-minimums-garage-04","parking-minimums-garage","infrastructure","Parking Minimums Garage · A4-1","A4-1","Every destination deserves a larger destination for empty cars.","17.561","13.675","10.9016","7830","662","206","models/vlt-parking-minimums-garage-04.gltf"
"vlt-parking-minimums-garage-05","parking-minimums-garage","infrastructure","Parking Minimums Garage · A5-1","A5-1","Every destination deserves a larger destination for empty cars.","18.785","15.925","11.636","9082","770","206","models/vlt-parking-minimums-garage-05.gltf"
"vlt-parking-minimums-garage-06","parking-minimums-garage","infrastructure","Parking Minimums Garage · B1-1","B1-1","Every destination deserves a larger destination for empty cars.","13.949","6.925","9.686","4074","338","206","models/vlt-parking-minimums-garage-06.gltf"
"vlt-parking-minimums-garage-07","parking-minimums-garage","infrastructure","Parking Minimums Garage · B2-1","B2-1","Every destination deserves a larger destination for empty cars.","15.173","9.175","10.502","5326","446","206","models/vlt-parking-minimums-garage-07.gltf"
"vlt-parking-minimums-garage-08","parking-minimums-garage","infrastructure","Parking Minimums Garage · B3-1","B3-1","Every destination deserves a larger destination for empty cars.","16.397","11.425","11.318","6578","554","206","models/vlt-parking-minimums-garage-08.gltf"
"vlt-parking-minimums-garage-09","parking-minimums-garage","infrastructure","Parking Minimums Garage · B4-1","B4-1","Every destination deserves a larger destination for empty cars.","17.621","13.675","12.134","7830","662","206","models/vlt-parking-minimums-garage-09.gltf"
"vlt-parking-minimums-garage-10","parking-minimums-garage","infrastructure","Parking Minimums Garage · B5-1","B5-1","Every destination deserves a larger destination for empty cars.","18.845","15.925","12.95","9082","770","206","models/vlt-parking-minimums-garage-10.gltf"
"vlt-parking-minimums-garage-11","parking-minimums-garage","infrastructure","Parking Minimums Garage · C1-1","C1-1","Every destination deserves a larger destination for empty cars.","14.009","6.925","10.6736","4074","338","206","models/vlt-parking-minimums-garage-11.gltf"
"vlt-parking-minimums-garage-12","parking-minimums-garage","infrastructure","Parking Minimums Garage · C2-1","C2-1","Every destination deserves a larger destination for empty cars.","15.233","9.175","11.5712","5326","446","206","models/vlt-parking-minimums-garage-12.gltf"
"vlt-parking-minimums-garage-13","parking-minimums-garage","infrastructure","Parking Minimums Garage · C3-1","C3-1","Every destination deserves a larger destination for empty cars.","16.457","11.425","12.4688","6578","554","206","models/vlt-parking-minimums-garage-13.gltf"
"vlt-parking-minimums-garage-14","parking-minimums-garage","infrastructure","Parking Minimums Garage · C4-1","C4-1","Every destination deserves a larger destination for empty cars.","17.681","13.675","13.3664","7830","662","206","models/vlt-parking-minimums-garage-14.gltf"
"vlt-parking-minimums-garage-15","parking-minimums-garage","infrastructure","Parking Minimums Garage · C5-1","C5-1","Every destination deserves a larger destination for empty cars.","18.905","15.925","14.264","9082","770","206","models/vlt-parking-minimums-garage-15.gltf"
"vlt-parking-minimums-garage-16","parking-minimums-garage","infrastructure","Parking Minimums Garage · D1-1","D1-1","Every destination deserves a larger destination for empty cars.","14.069","6.925","11.6612","4074","338","206","models/vlt-parking-minimums-garage-16.gltf"
"vlt-parking-minimums-garage-17","parking-minimums-garage","infrastructure","Parking Minimums Garage · D2-1","D2-1","Every destination deserves a larger destination for empty cars.","15.293","9.175","12.6404","5326","446","206","models/vlt-parking-minimums-garage-17.gltf"
"vlt-parking-minimums-garage-18","parking-minimums-garage","infrastructure","Parking Minimums Garage · D3-1","D3-1","Every destination deserves a larger destination for empty cars.","16.517","11.425","13.6196","6578","554","206","models/vlt-parking-minimums-garage-18.gltf"
"vlt-parking-minimums-garage-19","parking-minimums-garage","infrastructure","Parking Minimums Garage · D4-1","D4-1","Every destination deserves a larger destination for empty cars.","17.741","13.675","14.5988","7830","662","206","models/vlt-parking-minimums-garage-19.gltf"
"vlt-parking-minimums-garage-20","parking-minimums-garage","infrastructure","Parking Minimums Garage · D5-1","D5-1","Every destination deserves a larger destination for empty cars.","18.965","15.925","15.578","9082","770","206","models/vlt-parking-minimums-garage-20.gltf"
"vlt-parking-minimums-garage-21","parking-minimums-garage","infrastructure","Parking Minimums Garage · A1-2","A1-2","Every destination deserves a larger destination for empty cars.","13.889","6.925","8.6984","4290","362","218","models/vlt-parking-minimums-garage-21.gltf"
"vlt-parking-minimums-garage-22","parking-minimums-garage","infrastructure","Parking Minimums Garage · A2-2","A2-2","Every destination deserves a larger destination for empty cars.","15.113","9.175","9.4328","5542","470","218","models/vlt-parking-minimums-garage-22.gltf"
"vlt-parking-minimums-garage-23","parking-minimums-garage","infrastructure","Parking Minimums Garage · A3-2","A3-2","Every destination deserves a larger destination for empty cars.","16.337","11.425","10.1672","6794","578","218","models/vlt-parking-minimums-garage-23.gltf"
"vlt-parking-minimums-garage-24","parking-minimums-garage","infrastructure","Parking Minimums Garage · A4-2","A4-2","Every destination deserves a larger destination for empty cars.","17.561","13.675","10.9016","8046","686","218","models/vlt-parking-minimums-garage-24.gltf"
"vlt-parking-minimums-garage-25","parking-minimums-garage","infrastructure","Parking Minimums Garage · A5-2","A5-2","Every destination deserves a larger destination for empty cars.","18.785","15.925","11.636","9298","794","218","models/vlt-parking-minimums-garage-25.gltf"
"vlt-parking-minimums-garage-26","parking-minimums-garage","infrastructure","Parking Minimums Garage · B1-2","B1-2","Every destination deserves a larger destination for empty cars.","13.949","6.925","9.686","4290","362","218","models/vlt-parking-minimums-garage-26.gltf"
"vlt-parking-minimums-garage-27","parking-minimums-garage","infrastructure","Parking Minimums Garage · B2-2","B2-2","Every destination deserves a larger destination for empty cars.","15.173","9.175","10.502","5542","470","218","models/vlt-parking-minimums-garage-27.gltf"
"vlt-parking-minimums-garage-28","parking-minimums-garage","infrastructure","Parking Minimums Garage · B3-2","B3-2","Every destination deserves a larger destination for empty cars.","16.397","11.425","11.318","6794","578","218","models/vlt-parking-minimums-garage-28.gltf"
"vlt-parking-minimums-garage-29","parking-minimums-garage","infrastructure","Parking Minimums Garage · B4-2","B4-2","Every destination deserves a larger destination for empty cars.","17.621","13.675","12.134","8046","686","218","models/vlt-parking-minimums-garage-29.gltf"
"vlt-parking-minimums-garage-30","parking-minimums-garage","infrastructure","Parking Minimums Garage · B5-2","B5-2","Every destination deserves a larger destination for empty cars.","18.845","15.925","12.95","9298","794","218","models/vlt-parking-minimums-garage-30.gltf"
"vlt-parking-minimums-garage-31","parking-minimums-garage","infrastructure","Parking Minimums Garage · C1-2","C1-2","Every destination deserves a larger destination for empty cars.","14.009","6.925","10.6736","4290","362","218","models/vlt-parking-minimums-garage-31.gltf"
"vlt-parking-minimums-garage-32","parking-minimums-garage","infrastructure","Parking Minimums Garage · C2-2","C2-2","Every destination deserves a larger destination for empty cars.","15.233","9.175","11.5712","5542","470","218","models/vlt-parking-minimums-garage-32.gltf"
"vlt-parking-minimums-garage-33","parking-minimums-garage","infrastructure","Parking Minimums Garage · C3-2","C3-2","Every destination deserves a larger destination for empty cars.","16.457","11.425","12.4688","6794","578","218","models/vlt-parking-minimums-garage-33.gltf"
"vlt-parking-minimums-garage-34","parking-minimums-garage","infrastructure","Parking Minimums Garage · C4-2","C4-2","Every destination deserves a larger destination for empty cars.","17.681","13.675","13.3664","8046","686","218","models/vlt-parking-minimums-garage-34.gltf"
"vlt-parking-minimums-garage-35","parking-minimums-garage","infrastructure","Parking Minimums Garage · C5-2","C5-2","Every destination deserves a larger destination for empty cars.","18.905","15.925","14.264","9298","794","218","models/vlt-parking-minimums-garage-35.gltf"
"vlt-parking-minimums-garage-36","parking-minimums-garage","infrastructure","Parking Minimums Garage · D1-2","D1-2","Every destination deserves a larger destination for empty cars.","14.069","6.925","11.6612","4290","362","218","models/vlt-parking-minimums-garage-36.gltf"
"vlt-parking-minimums-garage-37","parking-minimums-garage","infrastructure","Parking Minimums Garage · D2-2","D2-2","Every destination deserves a larger destination for empty cars.","15.293","9.175","12.6404","5542","470","218","models/vlt-parking-minimums-garage-37.gltf"
"vlt-parking-minimums-garage-38","parking-minimums-garage","infrastructure","Parking Minimums Garage · D3-2","D3-2","Every destination deserves a larger destination for empty cars.","16.517","11.425","13.6196","6794","578","218","models/vlt-parking-minimums-garage-38.gltf"
"vlt-parking-minimums-garage-39","parking-minimums-garage","infrastructure","Parking Minimums Garage · D4-2","D4-2","Every destination deserves a larger destination for empty cars.","17.741","13.675","14.5988","8046","686","218","models/vlt-parking-minimums-garage-39.gltf"
"vlt-parking-minimums-garage-40","parking-minimums-garage","infrastructure","Parking Minimums Garage · D5-2","D5-2","Every destination deserves a larger destination for empty cars.","18.965","15.925","15.578","9298","794","218","models/vlt-parking-minimums-garage-40.gltf"
"vlt-payday-patriot-01","payday-patriot","commerce","Payday Patriot · A1-1","A1-1","APR is just freedom expressed as three digits.","11.88","7.584","10.48","2586","422","238","models/vlt-payday-patriot-01.gltf"
"vlt-payday-patriot-02","payday-patriot","commerce","Payday Patriot · A2-1","A2-1","APR is just freedom expressed as three digits.","12.76","7.724","10.48","2802","434","238","models/vlt-payday-patriot-02.gltf"
"vlt-payday-patriot-03","payday-patriot","commerce","Payday Patriot · A3-1","A3-1","APR is just freedom expressed as three digits.","13.64","7.864","10.48","3018","446","238","models/vlt-payday-patriot-03.gltf"
"vlt-payday-patriot-04","payday-patriot","commerce","Payday Patriot · A4-1","A4-1","APR is just freedom expressed as three digits.","14.52","8.004","10.48","3126","446","238","models/vlt-payday-patriot-04.gltf"
"vlt-payday-patriot-05","payday-patriot","commerce","Payday Patriot · A5-1","A5-1","APR is just freedom expressed as three digits.","15.4","8.144","10.48","3126","446","238","models/vlt-payday-patriot-05.gltf"
"vlt-payday-patriot-06","payday-patriot","commerce","Payday Patriot · B1-1","B1-1","APR is just freedom expressed as three digits.","11.88","7.584","10.885","2586","422","238","models/vlt-payday-patriot-06.gltf"
"vlt-payday-patriot-07","payday-patriot","commerce","Payday Patriot · B2-1","B2-1","APR is just freedom expressed as three digits.","12.76","7.724","10.885","2802","434","238","models/vlt-payday-patriot-07.gltf"
"vlt-payday-patriot-08","payday-patriot","commerce","Payday Patriot · B3-1","B3-1","APR is just freedom expressed as three digits.","13.64","7.864","10.885","3018","446","238","models/vlt-payday-patriot-08.gltf"
"vlt-payday-patriot-09","payday-patriot","commerce","Payday Patriot · B4-1","B4-1","APR is just freedom expressed as three digits.","14.52","8.004","10.885","3126","446","238","models/vlt-payday-patriot-09.gltf"
"vlt-payday-patriot-10","payday-patriot","commerce","Payday Patriot · B5-1","B5-1","APR is just freedom expressed as three digits.","15.4","8.144","10.885","3126","446","238","models/vlt-payday-patriot-10.gltf"
"vlt-payday-patriot-11","payday-patriot","commerce","Payday Patriot · C1-1","C1-1","APR is just freedom expressed as three digits.","11.88","7.584","11.29","2586","422","238","models/vlt-payday-patriot-11.gltf"
"vlt-payday-patriot-12","payday-patriot","commerce","Payday Patriot · C2-1","C2-1","APR is just freedom expressed as three digits.","12.76","7.724","11.29","2802","434","238","models/vlt-payday-patriot-12.gltf"
"vlt-payday-patriot-13","payday-patriot","commerce","Payday Patriot · C3-1","C3-1","APR is just freedom expressed as three digits.","13.64","7.864","11.29","3018","446","238","models/vlt-payday-patriot-13.gltf"
"vlt-payday-patriot-14","payday-patriot","commerce","Payday Patriot · C4-1","C4-1","APR is just freedom expressed as three digits.","14.52","8.004","11.29","3126","446","238","models/vlt-payday-patriot-14.gltf"
"vlt-payday-patriot-15","payday-patriot","commerce","Payday Patriot · C5-1","C5-1","APR is just freedom expressed as three digits.","15.4","8.144","11.29","3126","446","238","models/vlt-payday-patriot-15.gltf"
"vlt-payday-patriot-16","payday-patriot","commerce","Payday Patriot · D1-1","D1-1","APR is just freedom expressed as three digits.","11.88","7.584","11.695","2586","422","238","models/vlt-payday-patriot-16.gltf"
"vlt-payday-patriot-17","payday-patriot","commerce","Payday Patriot · D2-1","D2-1","APR is just freedom expressed as three digits.","12.76","7.724","11.695","2802","434","238","models/vlt-payday-patriot-17.gltf"
"vlt-payday-patriot-18","payday-patriot","commerce","Payday Patriot · D3-1","D3-1","APR is just freedom expressed as three digits.","13.64","7.864","11.695","3018","446","238","models/vlt-payday-patriot-18.gltf"
"vlt-payday-patriot-19","payday-patriot","commerce","Payday Patriot · D4-1","D4-1","APR is just freedom expressed as three digits.","14.52","8.004","11.695","3126","446","238","models/vlt-payday-patriot-19.gltf"
"vlt-payday-patriot-20","payday-patriot","commerce","Payday Patriot · D5-1","D5-1","APR is just freedom expressed as three digits.","15.4","8.144","11.695","3126","446","238","models/vlt-payday-patriot-20.gltf"
"vlt-payday-patriot-21","payday-patriot","commerce","Payday Patriot · A1-2","A1-2","APR is just freedom expressed as three digits.","11.88","7.584","12.0484","3126","458","250","models/vlt-payday-patriot-21.gltf"
"vlt-payday-patriot-22","payday-patriot","commerce","Payday Patriot · A2-2","A2-2","APR is just freedom expressed as three digits.","12.76","7.724","12.0484","3342","470","250","models/vlt-payday-patriot-22.gltf"
"vlt-payday-patriot-23","payday-patriot","commerce","Payday Patriot · A3-2","A3-2","APR is just freedom expressed as three digits.","13.64","7.864","12.0484","3558","482","250","models/vlt-payday-patriot-23.gltf"
"vlt-payday-patriot-24","payday-patriot","commerce","Payday Patriot · A4-2","A4-2","APR is just freedom expressed as three digits.","14.52","8.004","12.0484","3666","482","250","models/vlt-payday-patriot-24.gltf"
"vlt-payday-patriot-25","payday-patriot","commerce","Payday Patriot · A5-2","A5-2","APR is just freedom expressed as three digits.","15.4","8.144","12.0484","3666","482","250","models/vlt-payday-patriot-25.gltf"
"vlt-payday-patriot-26","payday-patriot","commerce","Payday Patriot · B1-2","B1-2","APR is just freedom expressed as three digits.","11.88","7.584","12.5668","3126","458","250","models/vlt-payday-patriot-26.gltf"
"vlt-payday-patriot-27","payday-patriot","commerce","Payday Patriot · B2-2","B2-2","APR is just freedom expressed as three digits.","12.76","7.724","12.5668","3342","470","250","models/vlt-payday-patriot-27.gltf"
"vlt-payday-patriot-28","payday-patriot","commerce","Payday Patriot · B3-2","B3-2","APR is just freedom expressed as three digits.","13.64","7.864","12.5668","3558","482","250","models/vlt-payday-patriot-28.gltf"
"vlt-payday-patriot-29","payday-patriot","commerce","Payday Patriot · B4-2","B4-2","APR is just freedom expressed as three digits.","14.52","8.004","12.5668","3666","482","250","models/vlt-payday-patriot-29.gltf"
"vlt-payday-patriot-30","payday-patriot","commerce","Payday Patriot · B5-2","B5-2","APR is just freedom expressed as three digits.","15.4","8.144","12.5668","3666","482","250","models/vlt-payday-patriot-30.gltf"
"vlt-payday-patriot-31","payday-patriot","commerce","Payday Patriot · C1-2","C1-2","APR is just freedom expressed as three digits.","11.88","7.584","13.0852","3126","458","250","models/vlt-payday-patriot-31.gltf"
"vlt-payday-patriot-32","payday-patriot","commerce","Payday Patriot · C2-2","C2-2","APR is just freedom expressed as three digits.","12.76","7.724","13.0852","3342","470","250","models/vlt-payday-patriot-32.gltf"
"vlt-payday-patriot-33","payday-patriot","commerce","Payday Patriot · C3-2","C3-2","APR is just freedom expressed as three digits.","13.64","7.864","13.0852","3558","482","250","models/vlt-payday-patriot-33.gltf"
"vlt-payday-patriot-34","payday-patriot","commerce","Payday Patriot · C4-2","C4-2","APR is just freedom expressed as three digits.","14.52","8.004","13.0852","3666","482","250","models/vlt-payday-patriot-34.gltf"
"vlt-payday-patriot-35","payday-patriot","commerce","Payday Patriot · C5-2","C5-2","APR is just freedom expressed as three digits.","15.4","8.144","13.0852","3666","482","250","models/vlt-payday-patriot-35.gltf"
"vlt-payday-patriot-36","payday-patriot","commerce","Payday Patriot · D1-2","D1-2","APR is just freedom expressed as three digits.","11.88","7.584","13.6036","3126","458","250","models/vlt-payday-patriot-36.gltf"
"vlt-payday-patriot-37","payday-patriot","commerce","Payday Patriot · D2-2","D2-2","APR is just freedom expressed as three digits.","12.76","7.724","13.6036","3342","470","250","models/vlt-payday-patriot-37.gltf"
"vlt-payday-patriot-38","payday-patriot","commerce","Payday Patriot · D3-2","D3-2","APR is just freedom expressed as three digits.","13.64","7.864","13.6036","3558","482","250","models/vlt-payday-patriot-38.gltf"
"vlt-payday-patriot-39","payday-patriot","commerce","Payday Patriot · D4-2","D4-2","APR is just freedom expressed as three digits.","14.52","8.004","13.6036","3666","482","250","models/vlt-payday-patriot-39.gltf"
"vlt-payday-patriot-40","payday-patriot","commerce","Payday Patriot · D5-2","D5-2","APR is just freedom expressed as three digits.","15.4","8.144","13.6036","3666","482","250","models/vlt-payday-patriot-40.gltf"
"vlt-pedestrian-overpass-01","pedestrian-overpass","infrastructure","Pedestrian Overpass · A1-1","A1-1","Walking is permitted after a modest vertical detour.","12.56","7.4","4.07","1266","170","158","models/vlt-pedestrian-overpass-01.gltf"
"vlt-pedestrian-overpass-02","pedestrian-overpass","infrastructure","Pedestrian Overpass · A2-1","A2-1","Walking is permitted after a modest vertical detour.","15.632","7.4","4.07","1438","206","158","models/vlt-pedestrian-overpass-02.gltf"
"vlt-pedestrian-overpass-03","pedestrian-overpass","infrastructure","Pedestrian Overpass · A3-1","A3-1","Walking is permitted after a modest vertical detour.","19.056","7.4","4.07","1610","242","158","models/vlt-pedestrian-overpass-03.gltf"
"vlt-pedestrian-overpass-04","pedestrian-overpass","infrastructure","Pedestrian Overpass · A4-1","A4-1","Walking is permitted after a modest vertical detour.","22.832","7.4","4.07","1782","278","158","models/vlt-pedestrian-overpass-04.gltf"
"vlt-pedestrian-overpass-05","pedestrian-overpass","infrastructure","Pedestrian Overpass · A5-1","A5-1","Walking is permitted after a modest vertical detour.","26.96","7.4","4.07","1954","314","158","models/vlt-pedestrian-overpass-05.gltf"
"vlt-pedestrian-overpass-06","pedestrian-overpass","infrastructure","Pedestrian Overpass · B1-1","B1-1","Walking is permitted after a modest vertical detour.","12.56","7.85","4.16","1266","170","158","models/vlt-pedestrian-overpass-06.gltf"
"vlt-pedestrian-overpass-07","pedestrian-overpass","infrastructure","Pedestrian Overpass · B2-1","B2-1","Walking is permitted after a modest vertical detour.","15.632","7.85","4.16","1438","206","158","models/vlt-pedestrian-overpass-07.gltf"
"vlt-pedestrian-overpass-08","pedestrian-overpass","infrastructure","Pedestrian Overpass · B3-1","B3-1","Walking is permitted after a modest vertical detour.","19.056","7.85","4.16","1610","242","158","models/vlt-pedestrian-overpass-08.gltf"
"vlt-pedestrian-overpass-09","pedestrian-overpass","infrastructure","Pedestrian Overpass · B4-1","B4-1","Walking is permitted after a modest vertical detour.","22.832","7.85","4.16","1782","278","158","models/vlt-pedestrian-overpass-09.gltf"
"vlt-pedestrian-overpass-10","pedestrian-overpass","infrastructure","Pedestrian Overpass · B5-1","B5-1","Walking is permitted after a modest vertical detour.","26.96","7.85","4.16","1954","314","158","models/vlt-pedestrian-overpass-10.gltf"
"vlt-pedestrian-overpass-11","pedestrian-overpass","infrastructure","Pedestrian Overpass · C1-1","C1-1","Walking is permitted after a modest vertical detour.","12.56","8.3","4.25","1266","170","158","models/vlt-pedestrian-overpass-11.gltf"
"vlt-pedestrian-overpass-12","pedestrian-overpass","infrastructure","Pedestrian Overpass · C2-1","C2-1","Walking is permitted after a modest vertical detour.","15.632","8.3","4.25","1438","206","158","models/vlt-pedestrian-overpass-12.gltf"
"vlt-pedestrian-overpass-13","pedestrian-overpass","infrastructure","Pedestrian Overpass · C3-1","C3-1","Walking is permitted after a modest vertical detour.","19.056","8.3","4.25","1610","242","158","models/vlt-pedestrian-overpass-13.gltf"
"vlt-pedestrian-overpass-14","pedestrian-overpass","infrastructure","Pedestrian Overpass · C4-1","C4-1","Walking is permitted after a modest vertical detour.","22.832","8.3","4.25","1782","278","158","models/vlt-pedestrian-overpass-14.gltf"
"vlt-pedestrian-overpass-15","pedestrian-overpass","infrastructure","Pedestrian Overpass · C5-1","C5-1","Walking is permitted after a modest vertical detour.","26.96","8.3","4.25","1954","314","158","models/vlt-pedestrian-overpass-15.gltf"
"vlt-pedestrian-overpass-16","pedestrian-overpass","infrastructure","Pedestrian Overpass · D1-1","D1-1","Walking is permitted after a modest vertical detour.","12.56","8.75","4.34","1266","170","158","models/vlt-pedestrian-overpass-16.gltf"
"vlt-pedestrian-overpass-17","pedestrian-overpass","infrastructure","Pedestrian Overpass · D2-1","D2-1","Walking is permitted after a modest vertical detour.","15.632","8.75","4.34","1438","206","158","models/vlt-pedestrian-overpass-17.gltf"
"vlt-pedestrian-overpass-18","pedestrian-overpass","infrastructure","Pedestrian Overpass · D3-1","D3-1","Walking is permitted after a modest vertical detour.","19.056","8.75","4.34","1610","242","158","models/vlt-pedestrian-overpass-18.gltf"
"vlt-pedestrian-overpass-19","pedestrian-overpass","infrastructure","Pedestrian Overpass · D4-1","D4-1","Walking is permitted after a modest vertical detour.","22.832","8.75","4.34","1782","278","158","models/vlt-pedestrian-overpass-19.gltf"
"vlt-pedestrian-overpass-20","pedestrian-overpass","infrastructure","Pedestrian Overpass · D5-1","D5-1","Walking is permitted after a modest vertical detour.","26.96","8.75","4.34","1954","314","158","models/vlt-pedestrian-overpass-20.gltf"
"vlt-pedestrian-overpass-21","pedestrian-overpass","infrastructure","Pedestrian Overpass · A1-2","A1-2","Walking is permitted after a modest vertical detour.","12.56","7.4","4.07","1482","194","170","models/vlt-pedestrian-overpass-21.gltf"
"vlt-pedestrian-overpass-22","pedestrian-overpass","infrastructure","Pedestrian Overpass · A2-2","A2-2","Walking is permitted after a modest vertical detour.","15.632","7.4","4.07","1654","230","170","models/vlt-pedestrian-overpass-22.gltf"
"vlt-pedestrian-overpass-23","pedestrian-overpass","infrastructure","Pedestrian Overpass · A3-2","A3-2","Walking is permitted after a modest vertical detour.","19.056","7.4","4.07","1826","266","170","models/vlt-pedestrian-overpass-23.gltf"
"vlt-pedestrian-overpass-24","pedestrian-overpass","infrastructure","Pedestrian Overpass · A4-2","A4-2","Walking is permitted after a modest vertical detour.","22.832","7.4","4.07","1998","302","170","models/vlt-pedestrian-overpass-24.gltf"
"vlt-pedestrian-overpass-25","pedestrian-overpass","infrastructure","Pedestrian Overpass · A5-2","A5-2","Walking is permitted after a modest vertical detour.","26.96","7.4","4.07","2170","338","170","models/vlt-pedestrian-overpass-25.gltf"
"vlt-pedestrian-overpass-26","pedestrian-overpass","infrastructure","Pedestrian Overpass · B1-2","B1-2","Walking is permitted after a modest vertical detour.","12.56","7.85","4.16","1482","194","170","models/vlt-pedestrian-overpass-26.gltf"
"vlt-pedestrian-overpass-27","pedestrian-overpass","infrastructure","Pedestrian Overpass · B2-2","B2-2","Walking is permitted after a modest vertical detour.","15.632","7.85","4.16","1654","230","170","models/vlt-pedestrian-overpass-27.gltf"
"vlt-pedestrian-overpass-28","pedestrian-overpass","infrastructure","Pedestrian Overpass · B3-2","B3-2","Walking is permitted after a modest vertical detour.","19.056","7.85","4.16","1826","266","170","models/vlt-pedestrian-overpass-28.gltf"
"vlt-pedestrian-overpass-29","pedestrian-overpass","infrastructure","Pedestrian Overpass · B4-2","B4-2","Walking is permitted after a modest vertical detour.","22.832","7.85","4.16","1998","302","170","models/vlt-pedestrian-overpass-29.gltf"
"vlt-pedestrian-overpass-30","pedestrian-overpass","infrastructure","Pedestrian Overpass · B5-2","B5-2","Walking is permitted after a modest vertical detour.","26.96","7.85","4.16","2170","338","170","models/vlt-pedestrian-overpass-30.gltf"
"vlt-pedestrian-overpass-31","pedestrian-overpass","infrastructure","Pedestrian Overpass · C1-2","C1-2","Walking is permitted after a modest vertical detour.","12.56","8.3","4.25","1482","194","170","models/vlt-pedestrian-overpass-31.gltf"
"vlt-pedestrian-overpass-32","pedestrian-overpass","infrastructure","Pedestrian Overpass · C2-2","C2-2","Walking is permitted after a modest vertical detour.","15.632","8.3","4.25","1654","230","170","models/vlt-pedestrian-overpass-32.gltf"
"vlt-pedestrian-overpass-33","pedestrian-overpass","infrastructure","Pedestrian Overpass · C3-2","C3-2","Walking is permitted after a modest vertical detour.","19.056","8.3","4.25","1826","266","170","models/vlt-pedestrian-overpass-33.gltf"
"vlt-pedestrian-overpass-34","pedestrian-overpass","infrastructure","Pedestrian Overpass · C4-2","C4-2","Walking is permitted after a modest vertical detour.","22.832","8.3","4.25","1998","302","170","models/vlt-pedestrian-overpass-34.gltf"
"vlt-pedestrian-overpass-35","pedestrian-overpass","infrastructure","Pedestrian Overpass · C5-2","C5-2","Walking is permitted after a modest vertical detour.","26.96","8.3","4.25","2170","338","170","models/vlt-pedestrian-overpass-35.gltf"
"vlt-pedestrian-overpass-36","pedestrian-overpass","infrastructure","Pedestrian Overpass · D1-2","D1-2","Walking is permitted after a modest vertical detour.","12.56","8.75","4.34","1482","194","170","models/vlt-pedestrian-overpass-36.gltf"
"vlt-pedestrian-overpass-37","pedestrian-overpass","infrastructure","Pedestrian Overpass · D2-2","D2-2","Walking is permitted after a modest vertical detour.","15.632","8.75","4.34","1654","230","170","models/vlt-pedestrian-overpass-37.gltf"
"vlt-pedestrian-overpass-38","pedestrian-overpass","infrastructure","Pedestrian Overpass · D3-2","D3-2","Walking is permitted after a modest vertical detour.","19.056","8.75","4.34","1826","266","170","models/vlt-pedestrian-overpass-38.gltf"
"vlt-pedestrian-overpass-39","pedestrian-overpass","infrastructure","Pedestrian Overpass · D4-2","D4-2","Walking is permitted after a modest vertical detour.","22.832","8.75","4.34","1998","302","170","models/vlt-pedestrian-overpass-39.gltf"
"vlt-pedestrian-overpass-40","pedestrian-overpass","infrastructure","Pedestrian Overpass · D5-2","D5-2","Walking is permitted after a modest vertical detour.","26.96","8.75","4.34","2170","338","170","models/vlt-pedestrian-overpass-40.gltf"
"vlt-permit-palace-01","permit-palace","infrastructure","Permit Palace · A1-1","A1-1","A marble tribute to making small projects wait.","9.401","5.41","8.81","1502","230","194","models/vlt-permit-palace-01.gltf"
"vlt-permit-palace-02","permit-palace","infrastructure","Permit Palace · A2-1","A2-1","A marble tribute to making small projects wait.","10.217","5.5675","9.545","1674","266","194","models/vlt-permit-palace-02.gltf"
"vlt-permit-palace-03","permit-palace","infrastructure","Permit Palace · A3-1","A3-1","A marble tribute to making small projects wait.","11.033","5.725","10.28","1846","302","194","models/vlt-permit-palace-03.gltf"
"vlt-permit-palace-04","permit-palace","infrastructure","Permit Palace · A4-1","A4-1","A marble tribute to making small projects wait.","11.849","5.8825","11.0218","1910","326","194","models/vlt-permit-palace-04.gltf"
"vlt-permit-palace-05","permit-palace","infrastructure","Permit Palace · A5-1","A5-1","A marble tribute to making small projects wait.","12.665","6.04","11.768","2082","362","194","models/vlt-permit-palace-05.gltf"
"vlt-permit-palace-06","permit-palace","infrastructure","Permit Palace · B1-1","B1-1","A marble tribute to making small projects wait.","9.461","5.41","8.81","1674","266","194","models/vlt-permit-palace-06.gltf"
"vlt-permit-palace-07","permit-palace","infrastructure","Permit Palace · B2-1","B2-1","A marble tribute to making small projects wait.","10.277","5.5675","9.545","1738","290","194","models/vlt-permit-palace-07.gltf"
"vlt-permit-palace-08","permit-palace","infrastructure","Permit Palace · B3-1","B3-1","A marble tribute to making small projects wait.","11.093","5.725","10.28","1910","326","194","models/vlt-permit-palace-08.gltf"
"vlt-permit-palace-09","permit-palace","infrastructure","Permit Palace · B4-1","B4-1","A marble tribute to making small projects wait.","11.909","5.8825","11.0218","2082","362","194","models/vlt-permit-palace-09.gltf"
"vlt-permit-palace-10","permit-palace","infrastructure","Permit Palace · B5-1","B5-1","A marble tribute to making small projects wait.","12.725","6.04","11.768","2254","398","194","models/vlt-permit-palace-10.gltf"
"vlt-permit-palace-11","permit-palace","infrastructure","Permit Palace · C1-1","C1-1","A marble tribute to making small projects wait.","9.521","5.41","8.81","1846","302","194","models/vlt-permit-palace-11.gltf"
"vlt-permit-palace-12","permit-palace","infrastructure","Permit Palace · C2-1","C2-1","A marble tribute to making small projects wait.","10.337","5.5675","9.545","1910","326","194","models/vlt-permit-palace-12.gltf"
"vlt-permit-palace-13","permit-palace","infrastructure","Permit Palace · C3-1","C3-1","A marble tribute to making small projects wait.","11.153","5.725","10.28","2082","362","194","models/vlt-permit-palace-13.gltf"
"vlt-permit-palace-14","permit-palace","infrastructure","Permit Palace · C4-1","C4-1","A marble tribute to making small projects wait.","11.969","5.8825","11.0218","2254","398","194","models/vlt-permit-palace-14.gltf"
"vlt-permit-palace-15","permit-palace","infrastructure","Permit Palace · C5-1","C5-1","A marble tribute to making small projects wait.","12.785","6.04","11.768","2426","434","194","models/vlt-permit-palace-15.gltf"
"vlt-permit-palace-16","permit-palace","infrastructure","Permit Palace · D1-1","D1-1","A marble tribute to making small projects wait.","9.581","5.41","8.81","2018","338","194","models/vlt-permit-palace-16.gltf"
"vlt-permit-palace-17","permit-palace","infrastructure","Permit Palace · D2-1","D2-1","A marble tribute to making small projects wait.","10.397","5.5675","9.545","2190","374","194","models/vlt-permit-palace-17.gltf"
"vlt-permit-palace-18","permit-palace","infrastructure","Permit Palace · D3-1","D3-1","A marble tribute to making small projects wait.","11.213","5.725","10.28","2362","410","194","models/vlt-permit-palace-18.gltf"
"vlt-permit-palace-19","permit-palace","infrastructure","Permit Palace · D4-1","D4-1","A marble tribute to making small projects wait.","12.029","5.8825","11.0218","2426","434","194","models/vlt-permit-palace-19.gltf"
"vlt-permit-palace-20","permit-palace","infrastructure","Permit Palace · D5-1","D5-1","A marble tribute to making small projects wait.","12.845","6.04","11.768","2598","470","194","models/vlt-permit-palace-20.gltf"
"vlt-permit-palace-21","permit-palace","infrastructure","Permit Palace · A1-2","A1-2","A marble tribute to making small projects wait.","9.401","5.41","8.81","1718","254","206","models/vlt-permit-palace-21.gltf"
"vlt-permit-palace-22","permit-palace","infrastructure","Permit Palace · A2-2","A2-2","A marble tribute to making small projects wait.","10.217","5.5675","9.545","1890","290","206","models/vlt-permit-palace-22.gltf"
"vlt-permit-palace-23","permit-palace","infrastructure","Permit Palace · A3-2","A3-2","A marble tribute to making small projects wait.","11.033","5.725","10.28","2062","326","206","models/vlt-permit-palace-23.gltf"
"vlt-permit-palace-24","permit-palace","infrastructure","Permit Palace · A4-2","A4-2","A marble tribute to making small projects wait.","11.849","5.8825","11.0218","2126","350","206","models/vlt-permit-palace-24.gltf"
"vlt-permit-palace-25","permit-palace","infrastructure","Permit Palace · A5-2","A5-2","A marble tribute to making small projects wait.","12.665","6.04","11.768","2298","386","206","models/vlt-permit-palace-25.gltf"
"vlt-permit-palace-26","permit-palace","infrastructure","Permit Palace · B1-2","B1-2","A marble tribute to making small projects wait.","9.461","5.41","8.81","1890","290","206","models/vlt-permit-palace-26.gltf"
"vlt-permit-palace-27","permit-palace","infrastructure","Permit Palace · B2-2","B2-2","A marble tribute to making small projects wait.","10.277","5.5675","9.545","1954","314","206","models/vlt-permit-palace-27.gltf"
"vlt-permit-palace-28","permit-palace","infrastructure","Permit Palace · B3-2","B3-2","A marble tribute to making small projects wait.","11.093","5.725","10.28","2126","350","206","models/vlt-permit-palace-28.gltf"
"vlt-permit-palace-29","permit-palace","infrastructure","Permit Palace · B4-2","B4-2","A marble tribute to making small projects wait.","11.909","5.8825","11.0218","2298","386","206","models/vlt-permit-palace-29.gltf"
"vlt-permit-palace-30","permit-palace","infrastructure","Permit Palace · B5-2","B5-2","A marble tribute to making small projects wait.","12.725","6.04","11.768","2470","422","206","models/vlt-permit-palace-30.gltf"
"vlt-permit-palace-31","permit-palace","infrastructure","Permit Palace · C1-2","C1-2","A marble tribute to making small projects wait.","9.521","5.41","8.81","2062","326","206","models/vlt-permit-palace-31.gltf"
"vlt-permit-palace-32","permit-palace","infrastructure","Permit Palace · C2-2","C2-2","A marble tribute to making small projects wait.","10.337","5.5675","9.545","2126","350","206","models/vlt-permit-palace-32.gltf"
"vlt-permit-palace-33","permit-palace","infrastructure","Permit Palace · C3-2","C3-2","A marble tribute to making small projects wait.","11.153","5.725","10.28","2298","386","206","models/vlt-permit-palace-33.gltf"
"vlt-permit-palace-34","permit-palace","infrastructure","Permit Palace · C4-2","C4-2","A marble tribute to making small projects wait.","11.969","5.8825","11.0218","2470","422","206","models/vlt-permit-palace-34.gltf"
"vlt-permit-palace-35","permit-palace","infrastructure","Permit Palace · C5-2","C5-2","A marble tribute to making small projects wait.","12.785","6.04","11.768","2642","458","206","models/vlt-permit-palace-35.gltf"
"vlt-permit-palace-36","permit-palace","infrastructure","Permit Palace · D1-2","D1-2","A marble tribute to making small projects wait.","9.581","5.41","8.81","2234","362","206","models/vlt-permit-palace-36.gltf"
"vlt-permit-palace-37","permit-palace","infrastructure","Permit Palace · D2-2","D2-2","A marble tribute to making small projects wait.","10.397","5.5675","9.545","2406","398","206","models/vlt-permit-palace-37.gltf"
"vlt-permit-palace-38","permit-palace","infrastructure","Permit Palace · D3-2","D3-2","A marble tribute to making small projects wait.","11.213","5.725","10.28","2578","434","206","models/vlt-permit-palace-38.gltf"
"vlt-permit-palace-39","permit-palace","infrastructure","Permit Palace · D4-2","D4-2","A marble tribute to making small projects wait.","12.029","5.8825","11.0218","2642","458","206","models/vlt-permit-palace-39.gltf"
"vlt-permit-palace-40","permit-palace","infrastructure","Permit Palace · D5-2","D5-2","A marble tribute to making small projects wait.","12.845","6.04","11.768","2814","494","206","models/vlt-permit-palace-40.gltf"
"vlt-pocket-park-01","pocket-park","neighborhood","Six-Lane Pocket Park · A1-1","A1-1","A recreation amenity measured without crossing the road.","9.5","2.646","7.925","2474","614","146","models/vlt-pocket-park-01.gltf"
"vlt-pocket-park-02","pocket-park","neighborhood","Six-Lane Pocket Park · A2-1","A2-1","A recreation amenity measured without crossing the road.","10.5","2.793","7.925","2474","614","146","models/vlt-pocket-park-02.gltf"
"vlt-pocket-park-03","pocket-park","neighborhood","Six-Lane Pocket Park · A3-1","A3-1","A recreation amenity measured without crossing the road.","11.5","2.94","8","2474","614","146","models/vlt-pocket-park-03.gltf"
"vlt-pocket-park-04","pocket-park","neighborhood","Six-Lane Pocket Park · A4-1","A4-1","A recreation amenity measured without crossing the road.","12.5","3.087","8.2","2474","614","146","models/vlt-pocket-park-04.gltf"
"vlt-pocket-park-05","pocket-park","neighborhood","Six-Lane Pocket Park · A5-1","A5-1","A recreation amenity measured without crossing the road.","14.4","3.234","8.4","2474","614","146","models/vlt-pocket-park-05.gltf"
"vlt-pocket-park-06","pocket-park","neighborhood","Six-Lane Pocket Park · B1-1","B1-1","A recreation amenity measured without crossing the road.","9.5","2.646","8.925","2474","614","146","models/vlt-pocket-park-06.gltf"
"vlt-pocket-park-07","pocket-park","neighborhood","Six-Lane Pocket Park · B2-1","B2-1","A recreation amenity measured without crossing the road.","10.5","2.793","8.925","2474","614","146","models/vlt-pocket-park-07.gltf"
"vlt-pocket-park-08","pocket-park","neighborhood","Six-Lane Pocket Park · B3-1","B3-1","A recreation amenity measured without crossing the road.","11.5","2.94","9.02","2474","614","146","models/vlt-pocket-park-08.gltf"
"vlt-pocket-park-09","pocket-park","neighborhood","Six-Lane Pocket Park · B4-1","B4-1","A recreation amenity measured without crossing the road.","12.5","3.087","9.26","2474","614","146","models/vlt-pocket-park-09.gltf"
"vlt-pocket-park-10","pocket-park","neighborhood","Six-Lane Pocket Park · B5-1","B5-1","A recreation amenity measured without crossing the road.","14.4","3.234","9.5","2474","614","146","models/vlt-pocket-park-10.gltf"
"vlt-pocket-park-11","pocket-park","neighborhood","Six-Lane Pocket Park · C1-1","C1-1","A recreation amenity measured without crossing the road.","9.5","2.646","9.925","2474","614","146","models/vlt-pocket-park-11.gltf"
"vlt-pocket-park-12","pocket-park","neighborhood","Six-Lane Pocket Park · C2-1","C2-1","A recreation amenity measured without crossing the road.","10.5","2.793","9.925","2474","614","146","models/vlt-pocket-park-12.gltf"
"vlt-pocket-park-13","pocket-park","neighborhood","Six-Lane Pocket Park · C3-1","C3-1","A recreation amenity measured without crossing the road.","11.5","2.94","10.04","2474","614","146","models/vlt-pocket-park-13.gltf"
"vlt-pocket-park-14","pocket-park","neighborhood","Six-Lane Pocket Park · C4-1","C4-1","A recreation amenity measured without crossing the road.","12.5","3.087","10.32","2474","614","146","models/vlt-pocket-park-14.gltf"
"vlt-pocket-park-15","pocket-park","neighborhood","Six-Lane Pocket Park · C5-1","C5-1","A recreation amenity measured without crossing the road.","14.4","3.234","10.6","2474","614","146","models/vlt-pocket-park-15.gltf"
"vlt-pocket-park-16","pocket-park","neighborhood","Six-Lane Pocket Park · D1-1","D1-1","A recreation amenity measured without crossing the road.","9.5","2.646","10.925","2474","614","146","models/vlt-pocket-park-16.gltf"
"vlt-pocket-park-17","pocket-park","neighborhood","Six-Lane Pocket Park · D2-1","D2-1","A recreation amenity measured without crossing the road.","10.5","2.793","10.925","2474","614","146","models/vlt-pocket-park-17.gltf"
"vlt-pocket-park-18","pocket-park","neighborhood","Six-Lane Pocket Park · D3-1","D3-1","A recreation amenity measured without crossing the road.","11.5","2.94","11.06","2474","614","146","models/vlt-pocket-park-18.gltf"
"vlt-pocket-park-19","pocket-park","neighborhood","Six-Lane Pocket Park · D4-1","D4-1","A recreation amenity measured without crossing the road.","12.5","3.087","11.38","2474","614","146","models/vlt-pocket-park-19.gltf"
"vlt-pocket-park-20","pocket-park","neighborhood","Six-Lane Pocket Park · D5-1","D5-1","A recreation amenity measured without crossing the road.","14.4","3.234","11.7","2474","614","146","models/vlt-pocket-park-20.gltf"
"vlt-pocket-park-21","pocket-park","neighborhood","Six-Lane Pocket Park · A1-2","A1-2","A recreation amenity measured without crossing the road.","9.5","1.4","7.925","1418","170","146","models/vlt-pocket-park-21.gltf"
"vlt-pocket-park-22","pocket-park","neighborhood","Six-Lane Pocket Park · A2-2","A2-2","A recreation amenity measured without crossing the road.","10.5","1.4","7.925","1418","170","146","models/vlt-pocket-park-22.gltf"
"vlt-pocket-park-23","pocket-park","neighborhood","Six-Lane Pocket Park · A3-2","A3-2","A recreation amenity measured without crossing the road.","11.5","1.4","8","1418","170","146","models/vlt-pocket-park-23.gltf"
"vlt-pocket-park-24","pocket-park","neighborhood","Six-Lane Pocket Park · A4-2","A4-2","A recreation amenity measured without crossing the road.","12.5","1.4","8.2","1418","170","146","models/vlt-pocket-park-24.gltf"
"vlt-pocket-park-25","pocket-park","neighborhood","Six-Lane Pocket Park · A5-2","A5-2","A recreation amenity measured without crossing the road.","14.4","1.4","8.4","1418","170","146","models/vlt-pocket-park-25.gltf"
"vlt-pocket-park-26","pocket-park","neighborhood","Six-Lane Pocket Park · B1-2","B1-2","A recreation amenity measured without crossing the road.","9.5","1.4","8.925","1418","170","146","models/vlt-pocket-park-26.gltf"
"vlt-pocket-park-27","pocket-park","neighborhood","Six-Lane Pocket Park · B2-2","B2-2","A recreation amenity measured without crossing the road.","10.5","1.4","8.925","1418","170","146","models/vlt-pocket-park-27.gltf"
"vlt-pocket-park-28","pocket-park","neighborhood","Six-Lane Pocket Park · B3-2","B3-2","A recreation amenity measured without crossing the road.","11.5","1.4","9.02","1418","170","146","models/vlt-pocket-park-28.gltf"
"vlt-pocket-park-29","pocket-park","neighborhood","Six-Lane Pocket Park · B4-2","B4-2","A recreation amenity measured without crossing the road.","12.5","1.4","9.26","1418","170","146","models/vlt-pocket-park-29.gltf"
"vlt-pocket-park-30","pocket-park","neighborhood","Six-Lane Pocket Park · B5-2","B5-2","A recreation amenity measured without crossing the road.","14.4","1.4","9.5","1418","170","146","models/vlt-pocket-park-30.gltf"
"vlt-pocket-park-31","pocket-park","neighborhood","Six-Lane Pocket Park · C1-2","C1-2","A recreation amenity measured without crossing the road.","9.5","1.4","9.925","1418","170","146","models/vlt-pocket-park-31.gltf"
"vlt-pocket-park-32","pocket-park","neighborhood","Six-Lane Pocket Park · C2-2","C2-2","A recreation amenity measured without crossing the road.","10.5","1.4","9.925","1418","170","146","models/vlt-pocket-park-32.gltf"
"vlt-pocket-park-33","pocket-park","neighborhood","Six-Lane Pocket Park · C3-2","C3-2","A recreation amenity measured without crossing the road.","11.5","1.4","10.04","1418","170","146","models/vlt-pocket-park-33.gltf"
"vlt-pocket-park-34","pocket-park","neighborhood","Six-Lane Pocket Park · C4-2","C4-2","A recreation amenity measured without crossing the road.","12.5","1.4","10.32","1418","170","146","models/vlt-pocket-park-34.gltf"
"vlt-pocket-park-35","pocket-park","neighborhood","Six-Lane Pocket Park · C5-2","C5-2","A recreation amenity measured without crossing the road.","14.4","1.4","10.6","1418","170","146","models/vlt-pocket-park-35.gltf"
"vlt-pocket-park-36","pocket-park","neighborhood","Six-Lane Pocket Park · D1-2","D1-2","A recreation amenity measured without crossing the road.","9.5","1.4","10.925","1418","170","146","models/vlt-pocket-park-36.gltf"
"vlt-pocket-park-37","pocket-park","neighborhood","Six-Lane Pocket Park · D2-2","D2-2","A recreation amenity measured without crossing the road.","10.5","1.4","10.925","1418","170","146","models/vlt-pocket-park-37.gltf"
"vlt-pocket-park-38","pocket-park","neighborhood","Six-Lane Pocket Park · D3-2","D3-2","A recreation amenity measured without crossing the road.","11.5","1.4","11.06","1418","170","146","models/vlt-pocket-park-38.gltf"
"vlt-pocket-park-39","pocket-park","neighborhood","Six-Lane Pocket Park · D4-2","D4-2","A recreation amenity measured without crossing the road.","12.5","1.4","11.38","1418","170","146","models/vlt-pocket-park-39.gltf"
"vlt-pocket-park-40","pocket-park","neighborhood","Six-Lane Pocket Park · D5-2","D5-2","A recreation amenity measured without crossing the road.","14.4","1.4","11.7","1418","170","146","models/vlt-pocket-park-40.gltf"
"vlt-popup-afterlife-01","popup-afterlife","commerce","Popup Afterlife · A1-1","A1-1","The lease is temporary; the polyester cobwebs are eternal.","16.28","8.9544","13.24","1332","336","160","models/vlt-popup-afterlife-01.gltf"
"vlt-popup-afterlife-02","popup-afterlife","commerce","Popup Afterlife · A2-1","A2-1","The lease is temporary; the polyester cobwebs are eternal.","17.56","9.1734","13.24","1332","336","160","models/vlt-popup-afterlife-02.gltf"
"vlt-popup-afterlife-03","popup-afterlife","commerce","Popup Afterlife · A3-1","A3-1","The lease is temporary; the polyester cobwebs are eternal.","18.84","9.3924","13.24","1332","336","160","models/vlt-popup-afterlife-03.gltf"
"vlt-popup-afterlife-04","popup-afterlife","commerce","Popup Afterlife · A4-1","A4-1","The lease is temporary; the polyester cobwebs are eternal.","20.12","9.6114","13.24","1332","336","160","models/vlt-popup-afterlife-04.gltf"
"vlt-popup-afterlife-05","popup-afterlife","commerce","Popup Afterlife · A5-1","A5-1","The lease is temporary; the polyester cobwebs are eternal.","21.4","9.8304","13.24","1332","336","160","models/vlt-popup-afterlife-05.gltf"
"vlt-popup-afterlife-06","popup-afterlife","commerce","Popup Afterlife · B1-1","B1-1","The lease is temporary; the polyester cobwebs are eternal.","16.28","8.9544","13.78","1464","336","160","models/vlt-popup-afterlife-06.gltf"
"vlt-popup-afterlife-07","popup-afterlife","commerce","Popup Afterlife · B2-1","B2-1","The lease is temporary; the polyester cobwebs are eternal.","17.56","9.1734","13.78","1464","336","160","models/vlt-popup-afterlife-07.gltf"
"vlt-popup-afterlife-08","popup-afterlife","commerce","Popup Afterlife · B3-1","B3-1","The lease is temporary; the polyester cobwebs are eternal.","18.84","9.3924","13.78","1464","336","160","models/vlt-popup-afterlife-08.gltf"
"vlt-popup-afterlife-09","popup-afterlife","commerce","Popup Afterlife · B4-1","B4-1","The lease is temporary; the polyester cobwebs are eternal.","20.12","9.6114","13.78","1464","336","160","models/vlt-popup-afterlife-09.gltf"
"vlt-popup-afterlife-10","popup-afterlife","commerce","Popup Afterlife · B5-1","B5-1","The lease is temporary; the polyester cobwebs are eternal.","21.4","9.8304","13.78","1464","336","160","models/vlt-popup-afterlife-10.gltf"
"vlt-popup-afterlife-11","popup-afterlife","commerce","Popup Afterlife · C1-1","C1-1","The lease is temporary; the polyester cobwebs are eternal.","16.28","8.9544","14.32","1596","336","160","models/vlt-popup-afterlife-11.gltf"
"vlt-popup-afterlife-12","popup-afterlife","commerce","Popup Afterlife · C2-1","C2-1","The lease is temporary; the polyester cobwebs are eternal.","17.56","9.1734","14.32","1596","336","160","models/vlt-popup-afterlife-12.gltf"
"vlt-popup-afterlife-13","popup-afterlife","commerce","Popup Afterlife · C3-1","C3-1","The lease is temporary; the polyester cobwebs are eternal.","18.84","9.3924","14.32","1596","336","160","models/vlt-popup-afterlife-13.gltf"
"vlt-popup-afterlife-14","popup-afterlife","commerce","Popup Afterlife · C4-1","C4-1","The lease is temporary; the polyester cobwebs are eternal.","20.12","9.6114","14.32","1596","336","160","models/vlt-popup-afterlife-14.gltf"
"vlt-popup-afterlife-15","popup-afterlife","commerce","Popup Afterlife · C5-1","C5-1","The lease is temporary; the polyester cobwebs are eternal.","21.4","9.8304","14.32","1596","336","160","models/vlt-popup-afterlife-15.gltf"
"vlt-popup-afterlife-16","popup-afterlife","commerce","Popup Afterlife · D1-1","D1-1","The lease is temporary; the polyester cobwebs are eternal.","16.28","8.9544","14.86","1728","336","160","models/vlt-popup-afterlife-16.gltf"
"vlt-popup-afterlife-17","popup-afterlife","commerce","Popup Afterlife · D2-1","D2-1","The lease is temporary; the polyester cobwebs are eternal.","17.56","9.1734","14.86","1728","336","160","models/vlt-popup-afterlife-17.gltf"
"vlt-popup-afterlife-18","popup-afterlife","commerce","Popup Afterlife · D3-1","D3-1","The lease is temporary; the polyester cobwebs are eternal.","18.84","9.3924","14.86","1728","336","160","models/vlt-popup-afterlife-18.gltf"
"vlt-popup-afterlife-19","popup-afterlife","commerce","Popup Afterlife · D4-1","D4-1","The lease is temporary; the polyester cobwebs are eternal.","20.12","9.6114","14.86","1728","336","160","models/vlt-popup-afterlife-19.gltf"
"vlt-popup-afterlife-20","popup-afterlife","commerce","Popup Afterlife · D5-1","D5-1","The lease is temporary; the polyester cobwebs are eternal.","21.4","9.8304","14.86","1728","336","160","models/vlt-popup-afterlife-20.gltf"
"vlt-popup-afterlife-21","popup-afterlife","commerce","Popup Afterlife · A1-2","A1-2","The lease is temporary; the polyester cobwebs are eternal.","16.28","8.9544","15.5812","1872","372","172","models/vlt-popup-afterlife-21.gltf"
"vlt-popup-afterlife-22","popup-afterlife","commerce","Popup Afterlife · A2-2","A2-2","The lease is temporary; the polyester cobwebs are eternal.","17.56","9.1734","15.5812","1872","372","172","models/vlt-popup-afterlife-22.gltf"
"vlt-popup-afterlife-23","popup-afterlife","commerce","Popup Afterlife · A3-2","A3-2","The lease is temporary; the polyester cobwebs are eternal.","18.84","9.3924","15.5812","1872","372","172","models/vlt-popup-afterlife-23.gltf"
"vlt-popup-afterlife-24","popup-afterlife","commerce","Popup Afterlife · A4-2","A4-2","The lease is temporary; the polyester cobwebs are eternal.","20.12","9.6114","15.5812","1872","372","172","models/vlt-popup-afterlife-24.gltf"
"vlt-popup-afterlife-25","popup-afterlife","commerce","Popup Afterlife · A5-2","A5-2","The lease is temporary; the polyester cobwebs are eternal.","21.4","9.8304","15.5812","1872","372","172","models/vlt-popup-afterlife-25.gltf"
"vlt-popup-afterlife-26","popup-afterlife","commerce","Popup Afterlife · B1-2","B1-2","The lease is temporary; the polyester cobwebs are eternal.","16.28","8.9544","16.2724","2004","372","172","models/vlt-popup-afterlife-26.gltf"
"vlt-popup-afterlife-27","popup-afterlife","commerce","Popup Afterlife · B2-2","B2-2","The lease is temporary; the polyester cobwebs are eternal.","17.56","9.1734","16.2724","2004","372","172","models/vlt-popup-afterlife-27.gltf"
"vlt-popup-afterlife-28","popup-afterlife","commerce","Popup Afterlife · B3-2","B3-2","The lease is temporary; the polyester cobwebs are eternal.","18.84","9.3924","16.2724","2004","372","172","models/vlt-popup-afterlife-28.gltf"
"vlt-popup-afterlife-29","popup-afterlife","commerce","Popup Afterlife · B4-2","B4-2","The lease is temporary; the polyester cobwebs are eternal.","20.12","9.6114","16.2724","2004","372","172","models/vlt-popup-afterlife-29.gltf"
"vlt-popup-afterlife-30","popup-afterlife","commerce","Popup Afterlife · B5-2","B5-2","The lease is temporary; the polyester cobwebs are eternal.","21.4","9.8304","16.2724","2004","372","172","models/vlt-popup-afterlife-30.gltf"
"vlt-popup-afterlife-31","popup-afterlife","commerce","Popup Afterlife · C1-2","C1-2","The lease is temporary; the polyester cobwebs are eternal.","16.28","8.9544","16.9636","2136","372","172","models/vlt-popup-afterlife-31.gltf"
"vlt-popup-afterlife-32","popup-afterlife","commerce","Popup Afterlife · C2-2","C2-2","The lease is temporary; the polyester cobwebs are eternal.","17.56","9.1734","16.9636","2136","372","172","models/vlt-popup-afterlife-32.gltf"
"vlt-popup-afterlife-33","popup-afterlife","commerce","Popup Afterlife · C3-2","C3-2","The lease is temporary; the polyester cobwebs are eternal.","18.84","9.3924","16.9636","2136","372","172","models/vlt-popup-afterlife-33.gltf"
"vlt-popup-afterlife-34","popup-afterlife","commerce","Popup Afterlife · C4-2","C4-2","The lease is temporary; the polyester cobwebs are eternal.","20.12","9.6114","16.9636","2136","372","172","models/vlt-popup-afterlife-34.gltf"
"vlt-popup-afterlife-35","popup-afterlife","commerce","Popup Afterlife · C5-2","C5-2","The lease is temporary; the polyester cobwebs are eternal.","21.4","9.8304","16.9636","2136","372","172","models/vlt-popup-afterlife-35.gltf"
"vlt-popup-afterlife-36","popup-afterlife","commerce","Popup Afterlife · D1-2","D1-2","The lease is temporary; the polyester cobwebs are eternal.","16.28","8.9544","17.6548","2268","372","172","models/vlt-popup-afterlife-36.gltf"
"vlt-popup-afterlife-37","popup-afterlife","commerce","Popup Afterlife · D2-2","D2-2","The lease is temporary; the polyester cobwebs are eternal.","17.56","9.1734","17.6548","2268","372","172","models/vlt-popup-afterlife-37.gltf"
"vlt-popup-afterlife-38","popup-afterlife","commerce","Popup Afterlife · D3-2","D3-2","The lease is temporary; the polyester cobwebs are eternal.","18.84","9.3924","17.6548","2268","372","172","models/vlt-popup-afterlife-38.gltf"
"vlt-popup-afterlife-39","popup-afterlife","commerce","Popup Afterlife · D4-2","D4-2","The lease is temporary; the polyester cobwebs are eternal.","20.12","9.6114","17.6548","2268","372","172","models/vlt-popup-afterlife-39.gltf"
"vlt-popup-afterlife-40","popup-afterlife","commerce","Popup Afterlife · D5-2","D5-2","The lease is temporary; the polyester cobwebs are eternal.","21.4","9.8304","17.6548","2268","372","172","models/vlt-popup-afterlife-40.gltf"
"vlt-porch-pirate-proof-01","porch-pirate-proof","commerce","Porch Pirate Proof · A1-1","A1-1","Your package is safe in locker QZ-47 behind the old tire store.","13.64","6.822","8.64","2972","348","196","models/vlt-porch-pirate-proof-01.gltf"
"vlt-porch-pirate-proof-02","porch-pirate-proof","commerce","Porch Pirate Proof · A2-1","A2-1","Your package is safe in locker QZ-47 behind the old tire store.","14.68","6.9795","8.64","3296","348","196","models/vlt-porch-pirate-proof-02.gltf"
"vlt-porch-pirate-proof-03","porch-pirate-proof","commerce","Porch Pirate Proof · A3-1","A3-1","Your package is safe in locker QZ-47 behind the old tire store.","15.72","7.137","8.64","3620","348","196","models/vlt-porch-pirate-proof-03.gltf"
"vlt-porch-pirate-proof-04","porch-pirate-proof","commerce","Porch Pirate Proof · A4-1","A4-1","Your package is safe in locker QZ-47 behind the old tire store.","16.76","7.2945","8.64","3944","348","196","models/vlt-porch-pirate-proof-04.gltf"
"vlt-porch-pirate-proof-05","porch-pirate-proof","commerce","Porch Pirate Proof · A5-1","A5-1","Your package is safe in locker QZ-47 behind the old tire store.","17.8","7.452","8.64","4268","348","196","models/vlt-porch-pirate-proof-05.gltf"
"vlt-porch-pirate-proof-06","porch-pirate-proof","commerce","Porch Pirate Proof · B1-1","B1-1","Your package is safe in locker QZ-47 behind the old tire store.","13.64","6.822","8.955","2972","348","196","models/vlt-porch-pirate-proof-06.gltf"
"vlt-porch-pirate-proof-07","porch-pirate-proof","commerce","Porch Pirate Proof · B2-1","B2-1","Your package is safe in locker QZ-47 behind the old tire store.","14.68","6.9795","8.955","3296","348","196","models/vlt-porch-pirate-proof-07.gltf"
"vlt-porch-pirate-proof-08","porch-pirate-proof","commerce","Porch Pirate Proof · B3-1","B3-1","Your package is safe in locker QZ-47 behind the old tire store.","15.72","7.137","8.955","3620","348","196","models/vlt-porch-pirate-proof-08.gltf"
"vlt-porch-pirate-proof-09","porch-pirate-proof","commerce","Porch Pirate Proof · B4-1","B4-1","Your package is safe in locker QZ-47 behind the old tire store.","16.76","7.2945","8.955","3944","348","196","models/vlt-porch-pirate-proof-09.gltf"
"vlt-porch-pirate-proof-10","porch-pirate-proof","commerce","Porch Pirate Proof · B5-1","B5-1","Your package is safe in locker QZ-47 behind the old tire store.","17.8","7.452","8.955","4268","348","196","models/vlt-porch-pirate-proof-10.gltf"
"vlt-porch-pirate-proof-11","porch-pirate-proof","commerce","Porch Pirate Proof · C1-1","C1-1","Your package is safe in locker QZ-47 behind the old tire store.","13.64","6.822","9.27","2972","348","196","models/vlt-porch-pirate-proof-11.gltf"
"vlt-porch-pirate-proof-12","porch-pirate-proof","commerce","Porch Pirate Proof · C2-1","C2-1","Your package is safe in locker QZ-47 behind the old tire store.","14.68","6.9795","9.27","3296","348","196","models/vlt-porch-pirate-proof-12.gltf"
"vlt-porch-pirate-proof-13","porch-pirate-proof","commerce","Porch Pirate Proof · C3-1","C3-1","Your package is safe in locker QZ-47 behind the old tire store.","15.72","7.137","9.27","3620","348","196","models/vlt-porch-pirate-proof-13.gltf"
"vlt-porch-pirate-proof-14","porch-pirate-proof","commerce","Porch Pirate Proof · C4-1","C4-1","Your package is safe in locker QZ-47 behind the old tire store.","16.76","7.2945","9.27","3944","348","196","models/vlt-porch-pirate-proof-14.gltf"
"vlt-porch-pirate-proof-15","porch-pirate-proof","commerce","Porch Pirate Proof · C5-1","C5-1","Your package is safe in locker QZ-47 behind the old tire store.","17.8","7.452","9.27","4268","348","196","models/vlt-porch-pirate-proof-15.gltf"
"vlt-porch-pirate-proof-16","porch-pirate-proof","commerce","Porch Pirate Proof · D1-1","D1-1","Your package is safe in locker QZ-47 behind the old tire store.","13.64","6.822","9.585","2972","348","196","models/vlt-porch-pirate-proof-16.gltf"
"vlt-porch-pirate-proof-17","porch-pirate-proof","commerce","Porch Pirate Proof · D2-1","D2-1","Your package is safe in locker QZ-47 behind the old tire store.","14.68","6.9795","9.585","3296","348","196","models/vlt-porch-pirate-proof-17.gltf"
"vlt-porch-pirate-proof-18","porch-pirate-proof","commerce","Porch Pirate Proof · D3-1","D3-1","Your package is safe in locker QZ-47 behind the old tire store.","15.72","7.137","9.585","3620","348","196","models/vlt-porch-pirate-proof-18.gltf"
"vlt-porch-pirate-proof-19","porch-pirate-proof","commerce","Porch Pirate Proof · D4-1","D4-1","Your package is safe in locker QZ-47 behind the old tire store.","16.76","7.2945","9.585","3944","348","196","models/vlt-porch-pirate-proof-19.gltf"
"vlt-porch-pirate-proof-20","porch-pirate-proof","commerce","Porch Pirate Proof · D5-1","D5-1","Your package is safe in locker QZ-47 behind the old tire store.","17.8","7.452","9.585","4268","348","196","models/vlt-porch-pirate-proof-20.gltf"
"vlt-porch-pirate-proof-21","porch-pirate-proof","commerce","Porch Pirate Proof · A1-2","A1-2","Your package is safe in locker QZ-47 behind the old tire store.","13.64","6.822","9.6932","3512","384","208","models/vlt-porch-pirate-proof-21.gltf"
"vlt-porch-pirate-proof-22","porch-pirate-proof","commerce","Porch Pirate Proof · A2-2","A2-2","Your package is safe in locker QZ-47 behind the old tire store.","14.68","6.9795","9.6932","3836","384","208","models/vlt-porch-pirate-proof-22.gltf"
"vlt-porch-pirate-proof-23","porch-pirate-proof","commerce","Porch Pirate Proof · A3-2","A3-2","Your package is safe in locker QZ-47 behind the old tire store.","15.72","7.137","9.6932","4160","384","208","models/vlt-porch-pirate-proof-23.gltf"
"vlt-porch-pirate-proof-24","porch-pirate-proof","commerce","Porch Pirate Proof · A4-2","A4-2","Your package is safe in locker QZ-47 behind the old tire store.","16.76","7.2945","9.6932","4484","384","208","models/vlt-porch-pirate-proof-24.gltf"
"vlt-porch-pirate-proof-25","porch-pirate-proof","commerce","Porch Pirate Proof · A5-2","A5-2","Your package is safe in locker QZ-47 behind the old tire store.","17.8","7.452","9.6932","4808","384","208","models/vlt-porch-pirate-proof-25.gltf"
"vlt-porch-pirate-proof-26","porch-pirate-proof","commerce","Porch Pirate Proof · B1-2","B1-2","Your package is safe in locker QZ-47 behind the old tire store.","13.64","6.822","10.0964","3512","384","208","models/vlt-porch-pirate-proof-26.gltf"
"vlt-porch-pirate-proof-27","porch-pirate-proof","commerce","Porch Pirate Proof · B2-2","B2-2","Your package is safe in locker QZ-47 behind the old tire store.","14.68","6.9795","10.0964","3836","384","208","models/vlt-porch-pirate-proof-27.gltf"
"vlt-porch-pirate-proof-28","porch-pirate-proof","commerce","Porch Pirate Proof · B3-2","B3-2","Your package is safe in locker QZ-47 behind the old tire store.","15.72","7.137","10.0964","4160","384","208","models/vlt-porch-pirate-proof-28.gltf"
"vlt-porch-pirate-proof-29","porch-pirate-proof","commerce","Porch Pirate Proof · B4-2","B4-2","Your package is safe in locker QZ-47 behind the old tire store.","16.76","7.2945","10.0964","4484","384","208","models/vlt-porch-pirate-proof-29.gltf"
"vlt-porch-pirate-proof-30","porch-pirate-proof","commerce","Porch Pirate Proof · B5-2","B5-2","Your package is safe in locker QZ-47 behind the old tire store.","17.8","7.452","10.0964","4808","384","208","models/vlt-porch-pirate-proof-30.gltf"
"vlt-porch-pirate-proof-31","porch-pirate-proof","commerce","Porch Pirate Proof · C1-2","C1-2","Your package is safe in locker QZ-47 behind the old tire store.","13.64","6.822","10.4996","3512","384","208","models/vlt-porch-pirate-proof-31.gltf"
"vlt-porch-pirate-proof-32","porch-pirate-proof","commerce","Porch Pirate Proof · C2-2","C2-2","Your package is safe in locker QZ-47 behind the old tire store.","14.68","6.9795","10.4996","3836","384","208","models/vlt-porch-pirate-proof-32.gltf"
"vlt-porch-pirate-proof-33","porch-pirate-proof","commerce","Porch Pirate Proof · C3-2","C3-2","Your package is safe in locker QZ-47 behind the old tire store.","15.72","7.137","10.4996","4160","384","208","models/vlt-porch-pirate-proof-33.gltf"
"vlt-porch-pirate-proof-34","porch-pirate-proof","commerce","Porch Pirate Proof · C4-2","C4-2","Your package is safe in locker QZ-47 behind the old tire store.","16.76","7.2945","10.4996","4484","384","208","models/vlt-porch-pirate-proof-34.gltf"
"vlt-porch-pirate-proof-35","porch-pirate-proof","commerce","Porch Pirate Proof · C5-2","C5-2","Your package is safe in locker QZ-47 behind the old tire store.","17.8","7.452","10.4996","4808","384","208","models/vlt-porch-pirate-proof-35.gltf"
"vlt-porch-pirate-proof-36","porch-pirate-proof","commerce","Porch Pirate Proof · D1-2","D1-2","Your package is safe in locker QZ-47 behind the old tire store.","13.64","6.822","10.9028","3512","384","208","models/vlt-porch-pirate-proof-36.gltf"
"vlt-porch-pirate-proof-37","porch-pirate-proof","commerce","Porch Pirate Proof · D2-2","D2-2","Your package is safe in locker QZ-47 behind the old tire store.","14.68","6.9795","10.9028","3836","384","208","models/vlt-porch-pirate-proof-37.gltf"
"vlt-porch-pirate-proof-38","porch-pirate-proof","commerce","Porch Pirate Proof · D3-2","D3-2","Your package is safe in locker QZ-47 behind the old tire store.","15.72","7.137","10.9028","4160","384","208","models/vlt-porch-pirate-proof-38.gltf"
"vlt-porch-pirate-proof-39","porch-pirate-proof","commerce","Porch Pirate Proof · D4-2","D4-2","Your package is safe in locker QZ-47 behind the old tire store.","16.76","7.2945","10.9028","4484","384","208","models/vlt-porch-pirate-proof-39.gltf"
"vlt-porch-pirate-proof-40","porch-pirate-proof","commerce","Porch Pirate Proof · D5-2","D5-2","Your package is safe in locker QZ-47 behind the old tire store.","17.8","7.452","10.9028","4808","384","208","models/vlt-porch-pirate-proof-40.gltf"
"vlt-premium-denied-01","premium-denied","commerce","Premium Denied · A1-1","A1-1","Coverage begins immediately after the event you needed covered.","12.76","7.567","10.48","1462","260","154","models/vlt-premium-denied-01.gltf"
"vlt-premium-denied-02","premium-denied","commerce","Premium Denied · A2-1","A2-1","Coverage begins immediately after the event you needed covered.","13.72","7.76825","10.48","1678","272","154","models/vlt-premium-denied-02.gltf"
"vlt-premium-denied-03","premium-denied","commerce","Premium Denied · A3-1","A3-1","Coverage begins immediately after the event you needed covered.","14.68","7.9695","10.48","1894","284","154","models/vlt-premium-denied-03.gltf"
"vlt-premium-denied-04","premium-denied","commerce","Premium Denied · A4-1","A4-1","Coverage begins immediately after the event you needed covered.","15.64","8.17075","10.48","2002","284","154","models/vlt-premium-denied-04.gltf"
"vlt-premium-denied-05","premium-denied","commerce","Premium Denied · A5-1","A5-1","Coverage begins immediately after the event you needed covered.","16.6","8.372","10.48","2002","284","154","models/vlt-premium-denied-05.gltf"
"vlt-premium-denied-06","premium-denied","commerce","Premium Denied · B1-1","B1-1","Coverage begins immediately after the event you needed covered.","12.76","7.567","10.885","1462","260","154","models/vlt-premium-denied-06.gltf"
"vlt-premium-denied-07","premium-denied","commerce","Premium Denied · B2-1","B2-1","Coverage begins immediately after the event you needed covered.","13.72","7.76825","10.885","1678","272","154","models/vlt-premium-denied-07.gltf"
"vlt-premium-denied-08","premium-denied","commerce","Premium Denied · B3-1","B3-1","Coverage begins immediately after the event you needed covered.","14.68","7.9695","10.885","1894","284","154","models/vlt-premium-denied-08.gltf"
"vlt-premium-denied-09","premium-denied","commerce","Premium Denied · B4-1","B4-1","Coverage begins immediately after the event you needed covered.","15.64","8.17075","10.885","2002","284","154","models/vlt-premium-denied-09.gltf"
"vlt-premium-denied-10","premium-denied","commerce","Premium Denied · B5-1","B5-1","Coverage begins immediately after the event you needed covered.","16.6","8.372","10.885","2002","284","154","models/vlt-premium-denied-10.gltf"
"vlt-premium-denied-11","premium-denied","commerce","Premium Denied · C1-1","C1-1","Coverage begins immediately after the event you needed covered.","12.76","7.567","11.29","1462","260","154","models/vlt-premium-denied-11.gltf"
"vlt-premium-denied-12","premium-denied","commerce","Premium Denied · C2-1","C2-1","Coverage begins immediately after the event you needed covered.","13.72","7.76825","11.29","1678","272","154","models/vlt-premium-denied-12.gltf"
"vlt-premium-denied-13","premium-denied","commerce","Premium Denied · C3-1","C3-1","Coverage begins immediately after the event you needed covered.","14.68","7.9695","11.29","1894","284","154","models/vlt-premium-denied-13.gltf"
"vlt-premium-denied-14","premium-denied","commerce","Premium Denied · C4-1","C4-1","Coverage begins immediately after the event you needed covered.","15.64","8.17075","11.29","2002","284","154","models/vlt-premium-denied-14.gltf"
"vlt-premium-denied-15","premium-denied","commerce","Premium Denied · C5-1","C5-1","Coverage begins immediately after the event you needed covered.","16.6","8.372","11.29","2002","284","154","models/vlt-premium-denied-15.gltf"
"vlt-premium-denied-16","premium-denied","commerce","Premium Denied · D1-1","D1-1","Coverage begins immediately after the event you needed covered.","12.76","7.567","11.695","1462","260","154","models/vlt-premium-denied-16.gltf"
"vlt-premium-denied-17","premium-denied","commerce","Premium Denied · D2-1","D2-1","Coverage begins immediately after the event you needed covered.","13.72","7.76825","11.695","1678","272","154","models/vlt-premium-denied-17.gltf"
"vlt-premium-denied-18","premium-denied","commerce","Premium Denied · D3-1","D3-1","Coverage begins immediately after the event you needed covered.","14.68","7.9695","11.695","1894","284","154","models/vlt-premium-denied-18.gltf"
"vlt-premium-denied-19","premium-denied","commerce","Premium Denied · D4-1","D4-1","Coverage begins immediately after the event you needed covered.","15.64","8.17075","11.695","2002","284","154","models/vlt-premium-denied-19.gltf"
"vlt-premium-denied-20","premium-denied","commerce","Premium Denied · D5-1","D5-1","Coverage begins immediately after the event you needed covered.","16.6","8.372","11.695","2002","284","154","models/vlt-premium-denied-20.gltf"
"vlt-premium-denied-21","premium-denied","commerce","Premium Denied · A1-2","A1-2","Coverage begins immediately after the event you needed covered.","12.76","7.567","12.0484","2002","296","166","models/vlt-premium-denied-21.gltf"
"vlt-premium-denied-22","premium-denied","commerce","Premium Denied · A2-2","A2-2","Coverage begins immediately after the event you needed covered.","13.72","7.76825","12.0484","2218","308","166","models/vlt-premium-denied-22.gltf"
"vlt-premium-denied-23","premium-denied","commerce","Premium Denied · A3-2","A3-2","Coverage begins immediately after the event you needed covered.","14.68","7.9695","12.0484","2434","320","166","models/vlt-premium-denied-23.gltf"
"vlt-premium-denied-24","premium-denied","commerce","Premium Denied · A4-2","A4-2","Coverage begins immediately after the event you needed covered.","15.64","8.17075","12.0484","2542","320","166","models/vlt-premium-denied-24.gltf"
"vlt-premium-denied-25","premium-denied","commerce","Premium Denied · A5-2","A5-2","Coverage begins immediately after the event you needed covered.","16.6","8.372","12.0484","2542","320","166","models/vlt-premium-denied-25.gltf"
"vlt-premium-denied-26","premium-denied","commerce","Premium Denied · B1-2","B1-2","Coverage begins immediately after the event you needed covered.","12.76","7.567","12.5668","2002","296","166","models/vlt-premium-denied-26.gltf"
"vlt-premium-denied-27","premium-denied","commerce","Premium Denied · B2-2","B2-2","Coverage begins immediately after the event you needed covered.","13.72","7.76825","12.5668","2218","308","166","models/vlt-premium-denied-27.gltf"
"vlt-premium-denied-28","premium-denied","commerce","Premium Denied · B3-2","B3-2","Coverage begins immediately after the event you needed covered.","14.68","7.9695","12.5668","2434","320","166","models/vlt-premium-denied-28.gltf"
"vlt-premium-denied-29","premium-denied","commerce","Premium Denied · B4-2","B4-2","Coverage begins immediately after the event you needed covered.","15.64","8.17075","12.5668","2542","320","166","models/vlt-premium-denied-29.gltf"
"vlt-premium-denied-30","premium-denied","commerce","Premium Denied · B5-2","B5-2","Coverage begins immediately after the event you needed covered.","16.6","8.372","12.5668","2542","320","166","models/vlt-premium-denied-30.gltf"
"vlt-premium-denied-31","premium-denied","commerce","Premium Denied · C1-2","C1-2","Coverage begins immediately after the event you needed covered.","12.76","7.567","13.0852","2002","296","166","models/vlt-premium-denied-31.gltf"
"vlt-premium-denied-32","premium-denied","commerce","Premium Denied · C2-2","C2-2","Coverage begins immediately after the event you needed covered.","13.72","7.76825","13.0852","2218","308","166","models/vlt-premium-denied-32.gltf"
"vlt-premium-denied-33","premium-denied","commerce","Premium Denied · C3-2","C3-2","Coverage begins immediately after the event you needed covered.","14.68","7.9695","13.0852","2434","320","166","models/vlt-premium-denied-33.gltf"
"vlt-premium-denied-34","premium-denied","commerce","Premium Denied · C4-2","C4-2","Coverage begins immediately after the event you needed covered.","15.64","8.17075","13.0852","2542","320","166","models/vlt-premium-denied-34.gltf"
"vlt-premium-denied-35","premium-denied","commerce","Premium Denied · C5-2","C5-2","Coverage begins immediately after the event you needed covered.","16.6","8.372","13.0852","2542","320","166","models/vlt-premium-denied-35.gltf"
"vlt-premium-denied-36","premium-denied","commerce","Premium Denied · D1-2","D1-2","Coverage begins immediately after the event you needed covered.","12.76","7.567","13.6036","2002","296","166","models/vlt-premium-denied-36.gltf"
"vlt-premium-denied-37","premium-denied","commerce","Premium Denied · D2-2","D2-2","Coverage begins immediately after the event you needed covered.","13.72","7.76825","13.6036","2218","308","166","models/vlt-premium-denied-37.gltf"
"vlt-premium-denied-38","premium-denied","commerce","Premium Denied · D3-2","D3-2","Coverage begins immediately after the event you needed covered.","14.68","7.9695","13.6036","2434","320","166","models/vlt-premium-denied-38.gltf"
"vlt-premium-denied-39","premium-denied","commerce","Premium Denied · D4-2","D4-2","Coverage begins immediately after the event you needed covered.","15.64","8.17075","13.6036","2542","320","166","models/vlt-premium-denied-39.gltf"
"vlt-premium-denied-40","premium-denied","commerce","Premium Denied · D5-2","D5-2","Coverage begins immediately after the event you needed covered.","16.6","8.372","13.6036","2542","320","166","models/vlt-premium-denied-40.gltf"
"vlt-prepper-compound-01","prepper-compound","neighborhood","Prepared Acres Compound · A1-1","A1-1","Off-grid independence with a very online antenna.","17.6","4.025","16.72","1884","228","132","models/vlt-prepper-compound-01.gltf"
"vlt-prepper-compound-02","prepper-compound","neighborhood","Prepared Acres Compound · A2-1","A2-1","Off-grid independence with a very online antenna.","19.2","4.025","18.24","1992","240","132","models/vlt-prepper-compound-02.gltf"
"vlt-prepper-compound-03","prepper-compound","neighborhood","Prepared Acres Compound · A3-1","A3-1","Off-grid independence with a very online antenna.","20.8","4.025","19.76","2100","252","132","models/vlt-prepper-compound-03.gltf"
"vlt-prepper-compound-04","prepper-compound","neighborhood","Prepared Acres Compound · A4-1","A4-1","Off-grid independence with a very online antenna.","22.4","4.025","21.28","2208","264","132","models/vlt-prepper-compound-04.gltf"
"vlt-prepper-compound-05","prepper-compound","neighborhood","Prepared Acres Compound · A5-1","A5-1","Off-grid independence with a very online antenna.","24","4.025","22.8","2316","276","132","models/vlt-prepper-compound-05.gltf"
"vlt-prepper-compound-06","prepper-compound","neighborhood","Prepared Acres Compound · B1-1","B1-1","Off-grid independence with a very online antenna.","17.6","4.025","17.6","2100","252","132","models/vlt-prepper-compound-06.gltf"
"vlt-prepper-compound-07","prepper-compound","neighborhood","Prepared Acres Compound · B2-1","B2-1","Off-grid independence with a very online antenna.","19.2","4.025","19.2","2208","264","132","models/vlt-prepper-compound-07.gltf"
"vlt-prepper-compound-08","prepper-compound","neighborhood","Prepared Acres Compound · B3-1","B3-1","Off-grid independence with a very online antenna.","20.8","4.025","20.8","2316","276","132","models/vlt-prepper-compound-08.gltf"
"vlt-prepper-compound-09","prepper-compound","neighborhood","Prepared Acres Compound · B4-1","B4-1","Off-grid independence with a very online antenna.","22.4","4.025","22.4","2424","288","132","models/vlt-prepper-compound-09.gltf"
"vlt-prepper-compound-10","prepper-compound","neighborhood","Prepared Acres Compound · B5-1","B5-1","Off-grid independence with a very online antenna.","24","4.025","24","2532","300","132","models/vlt-prepper-compound-10.gltf"
"vlt-prepper-compound-11","prepper-compound","neighborhood","Prepared Acres Compound · C1-1","C1-1","Off-grid independence with a very online antenna.","17.6","4.025","18.48","2316","276","132","models/vlt-prepper-compound-11.gltf"
"vlt-prepper-compound-12","prepper-compound","neighborhood","Prepared Acres Compound · C2-1","C2-1","Off-grid independence with a very online antenna.","19.2","4.025","20.16","2424","288","132","models/vlt-prepper-compound-12.gltf"
"vlt-prepper-compound-13","prepper-compound","neighborhood","Prepared Acres Compound · C3-1","C3-1","Off-grid independence with a very online antenna.","20.8","4.025","21.84","2532","300","132","models/vlt-prepper-compound-13.gltf"
"vlt-prepper-compound-14","prepper-compound","neighborhood","Prepared Acres Compound · C4-1","C4-1","Off-grid independence with a very online antenna.","22.4","4.025","23.52","2640","312","132","models/vlt-prepper-compound-14.gltf"
"vlt-prepper-compound-15","prepper-compound","neighborhood","Prepared Acres Compound · C5-1","C5-1","Off-grid independence with a very online antenna.","24","4.025","25.2","2748","324","132","models/vlt-prepper-compound-15.gltf"
"vlt-prepper-compound-16","prepper-compound","neighborhood","Prepared Acres Compound · D1-1","D1-1","Off-grid independence with a very online antenna.","17.6","4.025","19.36","2532","300","132","models/vlt-prepper-compound-16.gltf"
"vlt-prepper-compound-17","prepper-compound","neighborhood","Prepared Acres Compound · D2-1","D2-1","Off-grid independence with a very online antenna.","19.2","4.025","21.12","2640","312","132","models/vlt-prepper-compound-17.gltf"
"vlt-prepper-compound-18","prepper-compound","neighborhood","Prepared Acres Compound · D3-1","D3-1","Off-grid independence with a very online antenna.","20.8","4.025","22.88","2748","324","132","models/vlt-prepper-compound-18.gltf"
"vlt-prepper-compound-19","prepper-compound","neighborhood","Prepared Acres Compound · D4-1","D4-1","Off-grid independence with a very online antenna.","22.4","4.025","24.64","2856","336","132","models/vlt-prepper-compound-19.gltf"
"vlt-prepper-compound-20","prepper-compound","neighborhood","Prepared Acres Compound · D5-1","D5-1","Off-grid independence with a very online antenna.","24","4.025","26.4","2964","348","132","models/vlt-prepper-compound-20.gltf"
"vlt-prepper-compound-21","prepper-compound","neighborhood","Prepared Acres Compound · A1-2","A1-2","Off-grid independence with a very online antenna.","17.6","8.285767","16.72","2076","300","164","models/vlt-prepper-compound-21.gltf"
"vlt-prepper-compound-22","prepper-compound","neighborhood","Prepared Acres Compound · A2-2","A2-2","Off-grid independence with a very online antenna.","19.2","8.285767","18.24","2184","312","164","models/vlt-prepper-compound-22.gltf"
"vlt-prepper-compound-23","prepper-compound","neighborhood","Prepared Acres Compound · A3-2","A3-2","Off-grid independence with a very online antenna.","20.8","8.285767","19.76","2292","324","164","models/vlt-prepper-compound-23.gltf"
"vlt-prepper-compound-24","prepper-compound","neighborhood","Prepared Acres Compound · A4-2","A4-2","Off-grid independence with a very online antenna.","22.4","8.285767","21.28","2400","336","164","models/vlt-prepper-compound-24.gltf"
"vlt-prepper-compound-25","prepper-compound","neighborhood","Prepared Acres Compound · A5-2","A5-2","Off-grid independence with a very online antenna.","24","8.285767","22.8","2508","348","164","models/vlt-prepper-compound-25.gltf"
"vlt-prepper-compound-26","prepper-compound","neighborhood","Prepared Acres Compound · B1-2","B1-2","Off-grid independence with a very online antenna.","17.6","9.285767","17.6","2292","324","164","models/vlt-prepper-compound-26.gltf"
"vlt-prepper-compound-27","prepper-compound","neighborhood","Prepared Acres Compound · B2-2","B2-2","Off-grid independence with a very online antenna.","19.2","9.285767","19.2","2400","336","164","models/vlt-prepper-compound-27.gltf"
"vlt-prepper-compound-28","prepper-compound","neighborhood","Prepared Acres Compound · B3-2","B3-2","Off-grid independence with a very online antenna.","20.8","9.285767","20.8","2508","348","164","models/vlt-prepper-compound-28.gltf"
"vlt-prepper-compound-29","prepper-compound","neighborhood","Prepared Acres Compound · B4-2","B4-2","Off-grid independence with a very online antenna.","22.4","9.285767","22.4","2616","360","164","models/vlt-prepper-compound-29.gltf"
"vlt-prepper-compound-30","prepper-compound","neighborhood","Prepared Acres Compound · B5-2","B5-2","Off-grid independence with a very online antenna.","24","9.285767","24","2724","372","164","models/vlt-prepper-compound-30.gltf"
"vlt-prepper-compound-31","prepper-compound","neighborhood","Prepared Acres Compound · C1-2","C1-2","Off-grid independence with a very online antenna.","17.6","10.285767","18.48","2508","348","164","models/vlt-prepper-compound-31.gltf"
"vlt-prepper-compound-32","prepper-compound","neighborhood","Prepared Acres Compound · C2-2","C2-2","Off-grid independence with a very online antenna.","19.2","10.285767","20.16","2616","360","164","models/vlt-prepper-compound-32.gltf"
"vlt-prepper-compound-33","prepper-compound","neighborhood","Prepared Acres Compound · C3-2","C3-2","Off-grid independence with a very online antenna.","20.8","10.285767","21.84","2724","372","164","models/vlt-prepper-compound-33.gltf"
"vlt-prepper-compound-34","prepper-compound","neighborhood","Prepared Acres Compound · C4-2","C4-2","Off-grid independence with a very online antenna.","22.4","10.285767","23.52","2832","384","164","models/vlt-prepper-compound-34.gltf"
"vlt-prepper-compound-35","prepper-compound","neighborhood","Prepared Acres Compound · C5-2","C5-2","Off-grid independence with a very online antenna.","24","10.285767","25.2","2940","396","164","models/vlt-prepper-compound-35.gltf"
"vlt-prepper-compound-36","prepper-compound","neighborhood","Prepared Acres Compound · D1-2","D1-2","Off-grid independence with a very online antenna.","17.6","11.285767","19.36","2724","372","164","models/vlt-prepper-compound-36.gltf"
"vlt-prepper-compound-37","prepper-compound","neighborhood","Prepared Acres Compound · D2-2","D2-2","Off-grid independence with a very online antenna.","19.2","11.285767","21.12","2832","384","164","models/vlt-prepper-compound-37.gltf"
"vlt-prepper-compound-38","prepper-compound","neighborhood","Prepared Acres Compound · D3-2","D3-2","Off-grid independence with a very online antenna.","20.8","11.285767","22.88","2940","396","164","models/vlt-prepper-compound-38.gltf"
"vlt-prepper-compound-39","prepper-compound","neighborhood","Prepared Acres Compound · D4-2","D4-2","Off-grid independence with a very online antenna.","22.4","11.285767","24.64","3048","408","164","models/vlt-prepper-compound-39.gltf"
"vlt-prepper-compound-40","prepper-compound","neighborhood","Prepared Acres Compound · D5-2","D5-2","Off-grid independence with a very online antenna.","24","11.285767","26.4","3156","420","164","models/vlt-prepper-compound-40.gltf"
"vlt-public-works-yard-01","public-works-yard","infrastructure","Public Works Yard · A1-1","A1-1","Deferred maintenance has excellent storage.","12.9914","5.21","10.85","1424","192","156","models/vlt-public-works-yard-01.gltf"
"vlt-public-works-yard-02","public-works-yard","infrastructure","Public Works Yard · A2-1","A2-1","Deferred maintenance has excellent storage.","14.1338","5.335","11.57","1812","252","156","models/vlt-public-works-yard-02.gltf"
"vlt-public-works-yard-03","public-works-yard","infrastructure","Public Works Yard · A3-1","A3-1","Deferred maintenance has excellent storage.","15.2762","5.46","12.29","2200","312","156","models/vlt-public-works-yard-03.gltf"
"vlt-public-works-yard-04","public-works-yard","infrastructure","Public Works Yard · A4-1","A4-1","Deferred maintenance has excellent storage.","16.4186","5.585","13.01","2588","372","156","models/vlt-public-works-yard-04.gltf"
"vlt-public-works-yard-05","public-works-yard","infrastructure","Public Works Yard · A5-1","A5-1","Deferred maintenance has excellent storage.","17.561","5.71","13.73","2976","432","156","models/vlt-public-works-yard-05.gltf"
"vlt-public-works-yard-06","public-works-yard","infrastructure","Public Works Yard · B1-1","B1-1","Deferred maintenance has excellent storage.","13.0514","5.27","10.85","1424","192","156","models/vlt-public-works-yard-06.gltf"
"vlt-public-works-yard-07","public-works-yard","infrastructure","Public Works Yard · B2-1","B2-1","Deferred maintenance has excellent storage.","14.1938","5.335","11.57","1812","252","156","models/vlt-public-works-yard-07.gltf"
"vlt-public-works-yard-08","public-works-yard","infrastructure","Public Works Yard · B3-1","B3-1","Deferred maintenance has excellent storage.","15.3362","5.46","12.29","2200","312","156","models/vlt-public-works-yard-08.gltf"
"vlt-public-works-yard-09","public-works-yard","infrastructure","Public Works Yard · B4-1","B4-1","Deferred maintenance has excellent storage.","16.4786","5.585","13.01","2588","372","156","models/vlt-public-works-yard-09.gltf"
"vlt-public-works-yard-10","public-works-yard","infrastructure","Public Works Yard · B5-1","B5-1","Deferred maintenance has excellent storage.","17.621","5.71","13.73","2976","432","156","models/vlt-public-works-yard-10.gltf"
"vlt-public-works-yard-11","public-works-yard","infrastructure","Public Works Yard · C1-1","C1-1","Deferred maintenance has excellent storage.","13.1114","5.62","10.85","1424","192","156","models/vlt-public-works-yard-11.gltf"
"vlt-public-works-yard-12","public-works-yard","infrastructure","Public Works Yard · C2-1","C2-1","Deferred maintenance has excellent storage.","14.2538","5.62","11.57","1812","252","156","models/vlt-public-works-yard-12.gltf"
"vlt-public-works-yard-13","public-works-yard","infrastructure","Public Works Yard · C3-1","C3-1","Deferred maintenance has excellent storage.","15.3962","5.62","12.29","2200","312","156","models/vlt-public-works-yard-13.gltf"
"vlt-public-works-yard-14","public-works-yard","infrastructure","Public Works Yard · C4-1","C4-1","Deferred maintenance has excellent storage.","16.5386","5.62","13.01","2588","372","156","models/vlt-public-works-yard-14.gltf"
"vlt-public-works-yard-15","public-works-yard","infrastructure","Public Works Yard · C5-1","C5-1","Deferred maintenance has excellent storage.","17.681","5.71","13.73","2976","432","156","models/vlt-public-works-yard-15.gltf"
"vlt-public-works-yard-16","public-works-yard","infrastructure","Public Works Yard · D1-1","D1-1","Deferred maintenance has excellent storage.","13.1714","5.97","10.85","1424","192","156","models/vlt-public-works-yard-16.gltf"
"vlt-public-works-yard-17","public-works-yard","infrastructure","Public Works Yard · D2-1","D2-1","Deferred maintenance has excellent storage.","14.3138","5.97","11.57","1812","252","156","models/vlt-public-works-yard-17.gltf"
"vlt-public-works-yard-18","public-works-yard","infrastructure","Public Works Yard · D3-1","D3-1","Deferred maintenance has excellent storage.","15.4562","5.97","12.29","2200","312","156","models/vlt-public-works-yard-18.gltf"
"vlt-public-works-yard-19","public-works-yard","infrastructure","Public Works Yard · D4-1","D4-1","Deferred maintenance has excellent storage.","16.5986","5.97","13.01","2588","372","156","models/vlt-public-works-yard-19.gltf"
"vlt-public-works-yard-20","public-works-yard","infrastructure","Public Works Yard · D5-1","D5-1","Deferred maintenance has excellent storage.","17.741","5.97","13.73","2976","432","156","models/vlt-public-works-yard-20.gltf"
"vlt-public-works-yard-21","public-works-yard","infrastructure","Public Works Yard · A1-2","A1-2","Deferred maintenance has excellent storage.","12.9914","5.21","10.85","1640","216","168","models/vlt-public-works-yard-21.gltf"
"vlt-public-works-yard-22","public-works-yard","infrastructure","Public Works Yard · A2-2","A2-2","Deferred maintenance has excellent storage.","14.1338","5.335","11.57","2028","276","168","models/vlt-public-works-yard-22.gltf"
"vlt-public-works-yard-23","public-works-yard","infrastructure","Public Works Yard · A3-2","A3-2","Deferred maintenance has excellent storage.","15.2762","5.46","12.29","2416","336","168","models/vlt-public-works-yard-23.gltf"
"vlt-public-works-yard-24","public-works-yard","infrastructure","Public Works Yard · A4-2","A4-2","Deferred maintenance has excellent storage.","16.4186","5.585","13.01","2804","396","168","models/vlt-public-works-yard-24.gltf"
"vlt-public-works-yard-25","public-works-yard","infrastructure","Public Works Yard · A5-2","A5-2","Deferred maintenance has excellent storage.","17.561","5.71","13.73","3192","456","168","models/vlt-public-works-yard-25.gltf"
"vlt-public-works-yard-26","public-works-yard","infrastructure","Public Works Yard · B1-2","B1-2","Deferred maintenance has excellent storage.","13.0514","5.27","10.85","1640","216","168","models/vlt-public-works-yard-26.gltf"
"vlt-public-works-yard-27","public-works-yard","infrastructure","Public Works Yard · B2-2","B2-2","Deferred maintenance has excellent storage.","14.1938","5.335","11.57","2028","276","168","models/vlt-public-works-yard-27.gltf"
"vlt-public-works-yard-28","public-works-yard","infrastructure","Public Works Yard · B3-2","B3-2","Deferred maintenance has excellent storage.","15.3362","5.46","12.29","2416","336","168","models/vlt-public-works-yard-28.gltf"
"vlt-public-works-yard-29","public-works-yard","infrastructure","Public Works Yard · B4-2","B4-2","Deferred maintenance has excellent storage.","16.4786","5.585","13.01","2804","396","168","models/vlt-public-works-yard-29.gltf"
"vlt-public-works-yard-30","public-works-yard","infrastructure","Public Works Yard · B5-2","B5-2","Deferred maintenance has excellent storage.","17.621","5.71","13.73","3192","456","168","models/vlt-public-works-yard-30.gltf"
"vlt-public-works-yard-31","public-works-yard","infrastructure","Public Works Yard · C1-2","C1-2","Deferred maintenance has excellent storage.","13.1114","5.62","10.85","1640","216","168","models/vlt-public-works-yard-31.gltf"
"vlt-public-works-yard-32","public-works-yard","infrastructure","Public Works Yard · C2-2","C2-2","Deferred maintenance has excellent storage.","14.2538","5.62","11.57","2028","276","168","models/vlt-public-works-yard-32.gltf"
"vlt-public-works-yard-33","public-works-yard","infrastructure","Public Works Yard · C3-2","C3-2","Deferred maintenance has excellent storage.","15.3962","5.62","12.29","2416","336","168","models/vlt-public-works-yard-33.gltf"
"vlt-public-works-yard-34","public-works-yard","infrastructure","Public Works Yard · C4-2","C4-2","Deferred maintenance has excellent storage.","16.5386","5.62","13.01","2804","396","168","models/vlt-public-works-yard-34.gltf"
"vlt-public-works-yard-35","public-works-yard","infrastructure","Public Works Yard · C5-2","C5-2","Deferred maintenance has excellent storage.","17.681","5.71","13.73","3192","456","168","models/vlt-public-works-yard-35.gltf"
"vlt-public-works-yard-36","public-works-yard","infrastructure","Public Works Yard · D1-2","D1-2","Deferred maintenance has excellent storage.","13.1714","5.97","10.85","1640","216","168","models/vlt-public-works-yard-36.gltf"
"vlt-public-works-yard-37","public-works-yard","infrastructure","Public Works Yard · D2-2","D2-2","Deferred maintenance has excellent storage.","14.3138","5.97","11.57","2028","276","168","models/vlt-public-works-yard-37.gltf"
"vlt-public-works-yard-38","public-works-yard","infrastructure","Public Works Yard · D3-2","D3-2","Deferred maintenance has excellent storage.","15.4562","5.97","12.29","2416","336","168","models/vlt-public-works-yard-38.gltf"
"vlt-public-works-yard-39","public-works-yard","infrastructure","Public Works Yard · D4-2","D4-2","Deferred maintenance has excellent storage.","16.5986","5.97","13.01","2804","396","168","models/vlt-public-works-yard-39.gltf"
"vlt-public-works-yard-40","public-works-yard","infrastructure","Public Works Yard · D5-2","D5-2","Deferred maintenance has excellent storage.","17.741","5.97","13.73","3192","456","168","models/vlt-public-works-yard-40.gltf"
"vlt-pump-station-01","pump-station","infrastructure","Artesian-ish Pump Station · A1-1","A1-1","The aquifer is renewable on the election calendar.","6.735","3.383","7.13","2074","578","158","models/vlt-pump-station-01.gltf"
"vlt-pump-station-02","pump-station","infrastructure","Artesian-ish Pump Station · A2-1","A2-1","The aquifer is renewable on the election calendar.","7.295","3.495","7.61","2758","830","158","models/vlt-pump-station-02.gltf"
"vlt-pump-station-03","pump-station","infrastructure","Artesian-ish Pump Station · A3-1","A3-1","The aquifer is renewable on the election calendar.","7.855","3.607","8.09","3334","1070","158","models/vlt-pump-station-03.gltf"
"vlt-pump-station-04","pump-station","infrastructure","Artesian-ish Pump Station · A4-1","A4-1","The aquifer is renewable on the election calendar.","8.4218","3.719","8.57","4018","1322","158","models/vlt-pump-station-04.gltf"
"vlt-pump-station-05","pump-station","infrastructure","Artesian-ish Pump Station · A5-1","A5-1","The aquifer is renewable on the election calendar.","8.993","3.831","9.05","4810","1586","158","models/vlt-pump-station-05.gltf"
"vlt-pump-station-06","pump-station","infrastructure","Artesian-ish Pump Station · B1-1","B1-1","The aquifer is renewable on the election calendar.","6.795","3.383","7.22","2182","590","158","models/vlt-pump-station-06.gltf"
"vlt-pump-station-07","pump-station","infrastructure","Artesian-ish Pump Station · B2-1","B2-1","The aquifer is renewable on the election calendar.","7.355","3.495","7.7","2758","830","158","models/vlt-pump-station-07.gltf"
"vlt-pump-station-08","pump-station","infrastructure","Artesian-ish Pump Station · B3-1","B3-1","The aquifer is renewable on the election calendar.","7.915","3.607","8.18","3442","1082","158","models/vlt-pump-station-08.gltf"
"vlt-pump-station-09","pump-station","infrastructure","Artesian-ish Pump Station · B4-1","B4-1","The aquifer is renewable on the election calendar.","8.4818","3.719","8.66","4018","1322","158","models/vlt-pump-station-09.gltf"
"vlt-pump-station-10","pump-station","infrastructure","Artesian-ish Pump Station · B5-1","B5-1","The aquifer is renewable on the election calendar.","9.053","3.831","9.14","4810","1586","158","models/vlt-pump-station-10.gltf"
"vlt-pump-station-11","pump-station","infrastructure","Artesian-ish Pump Station · C1-1","C1-1","The aquifer is renewable on the election calendar.","6.855","3.383","7.31","2182","590","158","models/vlt-pump-station-11.gltf"
"vlt-pump-station-12","pump-station","infrastructure","Artesian-ish Pump Station · C2-1","C2-1","The aquifer is renewable on the election calendar.","7.415","3.495","7.79","2758","830","158","models/vlt-pump-station-12.gltf"
"vlt-pump-station-13","pump-station","infrastructure","Artesian-ish Pump Station · C3-1","C3-1","The aquifer is renewable on the election calendar.","7.975","3.607","8.27","3442","1082","158","models/vlt-pump-station-13.gltf"
"vlt-pump-station-14","pump-station","infrastructure","Artesian-ish Pump Station · C4-1","C4-1","The aquifer is renewable on the election calendar.","8.5418","3.719","8.75","4018","1322","158","models/vlt-pump-station-14.gltf"
"vlt-pump-station-15","pump-station","infrastructure","Artesian-ish Pump Station · C5-1","C5-1","The aquifer is renewable on the election calendar.","9.113","3.831","9.23","4810","1586","158","models/vlt-pump-station-15.gltf"
"vlt-pump-station-16","pump-station","infrastructure","Artesian-ish Pump Station · D1-1","D1-1","The aquifer is renewable on the election calendar.","6.915","3.383","7.4","2074","578","158","models/vlt-pump-station-16.gltf"
"vlt-pump-station-17","pump-station","infrastructure","Artesian-ish Pump Station · D2-1","D2-1","The aquifer is renewable on the election calendar.","7.475","3.495","7.88","2758","830","158","models/vlt-pump-station-17.gltf"
"vlt-pump-station-18","pump-station","infrastructure","Artesian-ish Pump Station · D3-1","D3-1","The aquifer is renewable on the election calendar.","8.035","3.607","8.36","3334","1070","158","models/vlt-pump-station-18.gltf"
"vlt-pump-station-19","pump-station","infrastructure","Artesian-ish Pump Station · D4-1","D4-1","The aquifer is renewable on the election calendar.","8.6018","3.719","8.84","4018","1322","158","models/vlt-pump-station-19.gltf"
"vlt-pump-station-20","pump-station","infrastructure","Artesian-ish Pump Station · D5-1","D5-1","The aquifer is renewable on the election calendar.","9.173","3.831","9.32","4810","1586","158","models/vlt-pump-station-20.gltf"
"vlt-pump-station-21","pump-station","infrastructure","Artesian-ish Pump Station · A1-2","A1-2","The aquifer is renewable on the election calendar.","6.735","3.383","7.13","2290","602","170","models/vlt-pump-station-21.gltf"
"vlt-pump-station-22","pump-station","infrastructure","Artesian-ish Pump Station · A2-2","A2-2","The aquifer is renewable on the election calendar.","7.295","3.495","7.61","2974","854","170","models/vlt-pump-station-22.gltf"
"vlt-pump-station-23","pump-station","infrastructure","Artesian-ish Pump Station · A3-2","A3-2","The aquifer is renewable on the election calendar.","7.855","3.607","8.09","3550","1094","170","models/vlt-pump-station-23.gltf"
"vlt-pump-station-24","pump-station","infrastructure","Artesian-ish Pump Station · A4-2","A4-2","The aquifer is renewable on the election calendar.","8.4218","3.719","8.57","4234","1346","170","models/vlt-pump-station-24.gltf"
"vlt-pump-station-25","pump-station","infrastructure","Artesian-ish Pump Station · A5-2","A5-2","The aquifer is renewable on the election calendar.","8.993","3.831","9.05","5026","1610","170","models/vlt-pump-station-25.gltf"
"vlt-pump-station-26","pump-station","infrastructure","Artesian-ish Pump Station · B1-2","B1-2","The aquifer is renewable on the election calendar.","6.795","3.383","7.22","2398","614","170","models/vlt-pump-station-26.gltf"
"vlt-pump-station-27","pump-station","infrastructure","Artesian-ish Pump Station · B2-2","B2-2","The aquifer is renewable on the election calendar.","7.355","3.495","7.7","2974","854","170","models/vlt-pump-station-27.gltf"
"vlt-pump-station-28","pump-station","infrastructure","Artesian-ish Pump Station · B3-2","B3-2","The aquifer is renewable on the election calendar.","7.915","3.607","8.18","3658","1106","170","models/vlt-pump-station-28.gltf"
"vlt-pump-station-29","pump-station","infrastructure","Artesian-ish Pump Station · B4-2","B4-2","The aquifer is renewable on the election calendar.","8.4818","3.719","8.66","4234","1346","170","models/vlt-pump-station-29.gltf"
"vlt-pump-station-30","pump-station","infrastructure","Artesian-ish Pump Station · B5-2","B5-2","The aquifer is renewable on the election calendar.","9.053","3.831","9.14","5026","1610","170","models/vlt-pump-station-30.gltf"
"vlt-pump-station-31","pump-station","infrastructure","Artesian-ish Pump Station · C1-2","C1-2","The aquifer is renewable on the election calendar.","6.855","3.383","7.31","2398","614","170","models/vlt-pump-station-31.gltf"
"vlt-pump-station-32","pump-station","infrastructure","Artesian-ish Pump Station · C2-2","C2-2","The aquifer is renewable on the election calendar.","7.415","3.495","7.79","2974","854","170","models/vlt-pump-station-32.gltf"
"vlt-pump-station-33","pump-station","infrastructure","Artesian-ish Pump Station · C3-2","C3-2","The aquifer is renewable on the election calendar.","7.975","3.607","8.27","3658","1106","170","models/vlt-pump-station-33.gltf"
"vlt-pump-station-34","pump-station","infrastructure","Artesian-ish Pump Station · C4-2","C4-2","The aquifer is renewable on the election calendar.","8.5418","3.719","8.75","4234","1346","170","models/vlt-pump-station-34.gltf"
"vlt-pump-station-35","pump-station","infrastructure","Artesian-ish Pump Station · C5-2","C5-2","The aquifer is renewable on the election calendar.","9.113","3.831","9.23","5026","1610","170","models/vlt-pump-station-35.gltf"
"vlt-pump-station-36","pump-station","infrastructure","Artesian-ish Pump Station · D1-2","D1-2","The aquifer is renewable on the election calendar.","6.915","3.383","7.4","2290","602","170","models/vlt-pump-station-36.gltf"
"vlt-pump-station-37","pump-station","infrastructure","Artesian-ish Pump Station · D2-2","D2-2","The aquifer is renewable on the election calendar.","7.475","3.495","7.88","2974","854","170","models/vlt-pump-station-37.gltf"
"vlt-pump-station-38","pump-station","infrastructure","Artesian-ish Pump Station · D3-2","D3-2","The aquifer is renewable on the election calendar.","8.035","3.607","8.36","3550","1094","170","models/vlt-pump-station-38.gltf"
"vlt-pump-station-39","pump-station","infrastructure","Artesian-ish Pump Station · D4-2","D4-2","The aquifer is renewable on the election calendar.","8.6018","3.719","8.84","4234","1346","170","models/vlt-pump-station-39.gltf"
"vlt-pump-station-40","pump-station","infrastructure","Artesian-ish Pump Station · D5-2","D5-2","The aquifer is renewable on the election calendar.","9.173","3.831","9.32","5026","1610","170","models/vlt-pump-station-40.gltf"
"vlt-recycling-transfer-station-01","recycling-transfer-station","infrastructure","Wishcycling Transfer Station · A1-1","A1-1","Place hopeful objects in the correct colorful bunker.","15.6842","8.252","13.99","1610","242","182","models/vlt-recycling-transfer-station-01.gltf"
"vlt-recycling-transfer-station-02","recycling-transfer-station","infrastructure","Wishcycling Transfer Station · A2-1","A2-1","Place hopeful objects in the correct colorful bunker.","17.0714","8.407","14.95","1998","302","182","models/vlt-recycling-transfer-station-02.gltf"
"vlt-recycling-transfer-station-03","recycling-transfer-station","infrastructure","Wishcycling Transfer Station · A3-1","A3-1","Place hopeful objects in the correct colorful bunker.","18.4586","8.562","15.91","2386","362","182","models/vlt-recycling-transfer-station-03.gltf"
"vlt-recycling-transfer-station-04","recycling-transfer-station","infrastructure","Wishcycling Transfer Station · A4-1","A4-1","Place hopeful objects in the correct colorful bunker.","19.8458","8.717","16.87","2774","422","182","models/vlt-recycling-transfer-station-04.gltf"
"vlt-recycling-transfer-station-05","recycling-transfer-station","infrastructure","Wishcycling Transfer Station · A5-1","A5-1","Place hopeful objects in the correct colorful bunker.","21.233","8.872","17.83","3162","482","182","models/vlt-recycling-transfer-station-05.gltf"
"vlt-recycling-transfer-station-06","recycling-transfer-station","infrastructure","Wishcycling Transfer Station · B1-1","B1-1","Place hopeful objects in the correct colorful bunker.","15.7442","8.252","13.99","1674","266","182","models/vlt-recycling-transfer-station-06.gltf"
"vlt-recycling-transfer-station-07","recycling-transfer-station","infrastructure","Wishcycling Transfer Station · B2-1","B2-1","Place hopeful objects in the correct colorful bunker.","17.1314","8.407","14.95","2062","326","182","models/vlt-recycling-transfer-station-07.gltf"
"vlt-recycling-transfer-station-08","recycling-transfer-station","infrastructure","Wishcycling Transfer Station · B3-1","B3-1","Place hopeful objects in the correct colorful bunker.","18.5186","8.562","15.91","2450","386","182","models/vlt-recycling-transfer-station-08.gltf"
"vlt-recycling-transfer-station-09","recycling-transfer-station","infrastructure","Wishcycling Transfer Station · B4-1","B4-1","Place hopeful objects in the correct colorful bunker.","19.9058","8.717","16.87","2838","446","182","models/vlt-recycling-transfer-station-09.gltf"
"vlt-recycling-transfer-station-10","recycling-transfer-station","infrastructure","Wishcycling Transfer Station · B5-1","B5-1","Place hopeful objects in the correct colorful bunker.","21.293","8.872","17.83","3226","506","182","models/vlt-recycling-transfer-station-10.gltf"
"vlt-recycling-transfer-station-11","recycling-transfer-station","infrastructure","Wishcycling Transfer Station · C1-1","C1-1","Place hopeful objects in the correct colorful bunker.","15.8042","8.252","13.99","1738","290","182","models/vlt-recycling-transfer-station-11.gltf"
"vlt-recycling-transfer-station-12","recycling-transfer-station","infrastructure","Wishcycling Transfer Station · C2-1","C2-1","Place hopeful objects in the correct colorful bunker.","17.1914","8.407","14.95","2126","350","182","models/vlt-recycling-transfer-station-12.gltf"
"vlt-recycling-transfer-station-13","recycling-transfer-station","infrastructure","Wishcycling Transfer Station · C3-1","C3-1","Place hopeful objects in the correct colorful bunker.","18.5786","8.562","15.91","2514","410","182","models/vlt-recycling-transfer-station-13.gltf"
"vlt-recycling-transfer-station-14","recycling-transfer-station","infrastructure","Wishcycling Transfer Station · C4-1","C4-1","Place hopeful objects in the correct colorful bunker.","19.9658","8.717","16.87","2902","470","182","models/vlt-recycling-transfer-station-14.gltf"
"vlt-recycling-transfer-station-15","recycling-transfer-station","infrastructure","Wishcycling Transfer Station · C5-1","C5-1","Place hopeful objects in the correct colorful bunker.","21.353","8.872","17.83","3290","530","182","models/vlt-recycling-transfer-station-15.gltf"
"vlt-recycling-transfer-station-16","recycling-transfer-station","infrastructure","Wishcycling Transfer Station · D1-1","D1-1","Place hopeful objects in the correct colorful bunker.","15.8642","8.252","13.99","1802","314","182","models/vlt-recycling-transfer-station-16.gltf"
"vlt-recycling-transfer-station-17","recycling-transfer-station","infrastructure","Wishcycling Transfer Station · D2-1","D2-1","Place hopeful objects in the correct colorful bunker.","17.2514","8.407","14.95","2190","374","182","models/vlt-recycling-transfer-station-17.gltf"
"vlt-recycling-transfer-station-18","recycling-transfer-station","infrastructure","Wishcycling Transfer Station · D3-1","D3-1","Place hopeful objects in the correct colorful bunker.","18.6386","8.562","15.91","2578","434","182","models/vlt-recycling-transfer-station-18.gltf"
"vlt-recycling-transfer-station-19","recycling-transfer-station","infrastructure","Wishcycling Transfer Station · D4-1","D4-1","Place hopeful objects in the correct colorful bunker.","20.0258","8.717","16.87","2966","494","182","models/vlt-recycling-transfer-station-19.gltf"
"vlt-recycling-transfer-station-20","recycling-transfer-station","infrastructure","Wishcycling Transfer Station · D5-1","D5-1","Place hopeful objects in the correct colorful bunker.","21.413","8.872","17.83","3354","554","182","models/vlt-recycling-transfer-station-20.gltf"
"vlt-recycling-transfer-station-21","recycling-transfer-station","infrastructure","Wishcycling Transfer Station · A1-2","A1-2","Place hopeful objects in the correct colorful bunker.","15.6842","8.252","13.99","1826","266","194","models/vlt-recycling-transfer-station-21.gltf"
"vlt-recycling-transfer-station-22","recycling-transfer-station","infrastructure","Wishcycling Transfer Station · A2-2","A2-2","Place hopeful objects in the correct colorful bunker.","17.0714","8.407","14.95","2214","326","194","models/vlt-recycling-transfer-station-22.gltf"
"vlt-recycling-transfer-station-23","recycling-transfer-station","infrastructure","Wishcycling Transfer Station · A3-2","A3-2","Place hopeful objects in the correct colorful bunker.","18.4586","8.562","15.91","2602","386","194","models/vlt-recycling-transfer-station-23.gltf"
"vlt-recycling-transfer-station-24","recycling-transfer-station","infrastructure","Wishcycling Transfer Station · A4-2","A4-2","Place hopeful objects in the correct colorful bunker.","19.8458","8.717","16.87","2990","446","194","models/vlt-recycling-transfer-station-24.gltf"
"vlt-recycling-transfer-station-25","recycling-transfer-station","infrastructure","Wishcycling Transfer Station · A5-2","A5-2","Place hopeful objects in the correct colorful bunker.","21.233","8.872","17.83","3378","506","194","models/vlt-recycling-transfer-station-25.gltf"
"vlt-recycling-transfer-station-26","recycling-transfer-station","infrastructure","Wishcycling Transfer Station · B1-2","B1-2","Place hopeful objects in the correct colorful bunker.","15.7442","8.252","13.99","1890","290","194","models/vlt-recycling-transfer-station-26.gltf"
"vlt-recycling-transfer-station-27","recycling-transfer-station","infrastructure","Wishcycling Transfer Station · B2-2","B2-2","Place hopeful objects in the correct colorful bunker.","17.1314","8.407","14.95","2278","350","194","models/vlt-recycling-transfer-station-27.gltf"
"vlt-recycling-transfer-station-28","recycling-transfer-station","infrastructure","Wishcycling Transfer Station · B3-2","B3-2","Place hopeful objects in the correct colorful bunker.","18.5186","8.562","15.91","2666","410","194","models/vlt-recycling-transfer-station-28.gltf"
"vlt-recycling-transfer-station-29","recycling-transfer-station","infrastructure","Wishcycling Transfer Station · B4-2","B4-2","Place hopeful objects in the correct colorful bunker.","19.9058","8.717","16.87","3054","470","194","models/vlt-recycling-transfer-station-29.gltf"
"vlt-recycling-transfer-station-30","recycling-transfer-station","infrastructure","Wishcycling Transfer Station · B5-2","B5-2","Place hopeful objects in the correct colorful bunker.","21.293","8.872","17.83","3442","530","194","models/vlt-recycling-transfer-station-30.gltf"
"vlt-recycling-transfer-station-31","recycling-transfer-station","infrastructure","Wishcycling Transfer Station · C1-2","C1-2","Place hopeful objects in the correct colorful bunker.","15.8042","8.252","13.99","1954","314","194","models/vlt-recycling-transfer-station-31.gltf"
"vlt-recycling-transfer-station-32","recycling-transfer-station","infrastructure","Wishcycling Transfer Station · C2-2","C2-2","Place hopeful objects in the correct colorful bunker.","17.1914","8.407","14.95","2342","374","194","models/vlt-recycling-transfer-station-32.gltf"
"vlt-recycling-transfer-station-33","recycling-transfer-station","infrastructure","Wishcycling Transfer Station · C3-2","C3-2","Place hopeful objects in the correct colorful bunker.","18.5786","8.562","15.91","2730","434","194","models/vlt-recycling-transfer-station-33.gltf"
"vlt-recycling-transfer-station-34","recycling-transfer-station","infrastructure","Wishcycling Transfer Station · C4-2","C4-2","Place hopeful objects in the correct colorful bunker.","19.9658","8.717","16.87","3118","494","194","models/vlt-recycling-transfer-station-34.gltf"
"vlt-recycling-transfer-station-35","recycling-transfer-station","infrastructure","Wishcycling Transfer Station · C5-2","C5-2","Place hopeful objects in the correct colorful bunker.","21.353","8.872","17.83","3506","554","194","models/vlt-recycling-transfer-station-35.gltf"
"vlt-recycling-transfer-station-36","recycling-transfer-station","infrastructure","Wishcycling Transfer Station · D1-2","D1-2","Place hopeful objects in the correct colorful bunker.","15.8642","8.252","13.99","2018","338","194","models/vlt-recycling-transfer-station-36.gltf"
"vlt-recycling-transfer-station-37","recycling-transfer-station","infrastructure","Wishcycling Transfer Station · D2-2","D2-2","Place hopeful objects in the correct colorful bunker.","17.2514","8.407","14.95","2406","398","194","models/vlt-recycling-transfer-station-37.gltf"
"vlt-recycling-transfer-station-38","recycling-transfer-station","infrastructure","Wishcycling Transfer Station · D3-2","D3-2","Place hopeful objects in the correct colorful bunker.","18.6386","8.562","15.91","2794","458","194","models/vlt-recycling-transfer-station-38.gltf"
"vlt-recycling-transfer-station-39","recycling-transfer-station","infrastructure","Wishcycling Transfer Station · D4-2","D4-2","Place hopeful objects in the correct colorful bunker.","20.0258","8.717","16.87","3182","518","194","models/vlt-recycling-transfer-station-39.gltf"
"vlt-recycling-transfer-station-40","recycling-transfer-station","infrastructure","Wishcycling Transfer Station · D5-2","D5-2","Place hopeful objects in the correct colorful bunker.","21.413","8.872","17.83","3570","578","194","models/vlt-recycling-transfer-station-40.gltf"
"vlt-rent-a-life-01","rent-a-life","commerce","Rent A Life · A1-1","A1-1","Why own a washer once when you can buy it every year?","15.4","12.408","13.24","5342","1274","326","models/vlt-rent-a-life-01.gltf"
"vlt-rent-a-life-02","rent-a-life","commerce","Rent A Life · A2-1","A2-1","Why own a washer once when you can buy it every year?","16.6","12.738","13.24","5342","1274","326","models/vlt-rent-a-life-02.gltf"
"vlt-rent-a-life-03","rent-a-life","commerce","Rent A Life · A3-1","A3-1","Why own a washer once when you can buy it every year?","17.8","13.068","13.24","5342","1274","326","models/vlt-rent-a-life-03.gltf"
"vlt-rent-a-life-04","rent-a-life","commerce","Rent A Life · A4-1","A4-1","Why own a washer once when you can buy it every year?","19","13.398","13.24","5342","1274","326","models/vlt-rent-a-life-04.gltf"
"vlt-rent-a-life-05","rent-a-life","commerce","Rent A Life · A5-1","A5-1","Why own a washer once when you can buy it every year?","20.2","13.728","13.24","5342","1274","326","models/vlt-rent-a-life-05.gltf"
"vlt-rent-a-life-06","rent-a-life","commerce","Rent A Life · B1-1","B1-1","Why own a washer once when you can buy it every year?","15.4","12.408","13.78","5342","1274","326","models/vlt-rent-a-life-06.gltf"
"vlt-rent-a-life-07","rent-a-life","commerce","Rent A Life · B2-1","B2-1","Why own a washer once when you can buy it every year?","16.6","12.738","13.78","5342","1274","326","models/vlt-rent-a-life-07.gltf"
"vlt-rent-a-life-08","rent-a-life","commerce","Rent A Life · B3-1","B3-1","Why own a washer once when you can buy it every year?","17.8","13.068","13.78","5342","1274","326","models/vlt-rent-a-life-08.gltf"
"vlt-rent-a-life-09","rent-a-life","commerce","Rent A Life · B4-1","B4-1","Why own a washer once when you can buy it every year?","19","13.398","13.78","5342","1274","326","models/vlt-rent-a-life-09.gltf"
"vlt-rent-a-life-10","rent-a-life","commerce","Rent A Life · B5-1","B5-1","Why own a washer once when you can buy it every year?","20.2","13.728","13.78","5342","1274","326","models/vlt-rent-a-life-10.gltf"
"vlt-rent-a-life-11","rent-a-life","commerce","Rent A Life · C1-1","C1-1","Why own a washer once when you can buy it every year?","15.4","12.408","14.32","5342","1274","326","models/vlt-rent-a-life-11.gltf"
"vlt-rent-a-life-12","rent-a-life","commerce","Rent A Life · C2-1","C2-1","Why own a washer once when you can buy it every year?","16.6","12.738","14.32","5342","1274","326","models/vlt-rent-a-life-12.gltf"
"vlt-rent-a-life-13","rent-a-life","commerce","Rent A Life · C3-1","C3-1","Why own a washer once when you can buy it every year?","17.8","13.068","14.32","5342","1274","326","models/vlt-rent-a-life-13.gltf"
"vlt-rent-a-life-14","rent-a-life","commerce","Rent A Life · C4-1","C4-1","Why own a washer once when you can buy it every year?","19","13.398","14.32","5342","1274","326","models/vlt-rent-a-life-14.gltf"
"vlt-rent-a-life-15","rent-a-life","commerce","Rent A Life · C5-1","C5-1","Why own a washer once when you can buy it every year?","20.2","13.728","14.32","5342","1274","326","models/vlt-rent-a-life-15.gltf"
"vlt-rent-a-life-16","rent-a-life","commerce","Rent A Life · D1-1","D1-1","Why own a washer once when you can buy it every year?","15.4","12.408","14.86","5342","1274","326","models/vlt-rent-a-life-16.gltf"
"vlt-rent-a-life-17","rent-a-life","commerce","Rent A Life · D2-1","D2-1","Why own a washer once when you can buy it every year?","16.6","12.738","14.86","5342","1274","326","models/vlt-rent-a-life-17.gltf"
"vlt-rent-a-life-18","rent-a-life","commerce","Rent A Life · D3-1","D3-1","Why own a washer once when you can buy it every year?","17.8","13.068","14.86","5342","1274","326","models/vlt-rent-a-life-18.gltf"
"vlt-rent-a-life-19","rent-a-life","commerce","Rent A Life · D4-1","D4-1","Why own a washer once when you can buy it every year?","19","13.398","14.86","5342","1274","326","models/vlt-rent-a-life-19.gltf"
"vlt-rent-a-life-20","rent-a-life","commerce","Rent A Life · D5-1","D5-1","Why own a washer once when you can buy it every year?","20.2","13.728","14.86","5342","1274","326","models/vlt-rent-a-life-20.gltf"
"vlt-rent-a-life-21","rent-a-life","commerce","Rent A Life · A1-2","A1-2","Why own a washer once when you can buy it every year?","15.4","12.408","15.5812","5882","1310","338","models/vlt-rent-a-life-21.gltf"
"vlt-rent-a-life-22","rent-a-life","commerce","Rent A Life · A2-2","A2-2","Why own a washer once when you can buy it every year?","16.6","12.738","15.5812","5882","1310","338","models/vlt-rent-a-life-22.gltf"
"vlt-rent-a-life-23","rent-a-life","commerce","Rent A Life · A3-2","A3-2","Why own a washer once when you can buy it every year?","17.8","13.068","15.5812","5882","1310","338","models/vlt-rent-a-life-23.gltf"
"vlt-rent-a-life-24","rent-a-life","commerce","Rent A Life · A4-2","A4-2","Why own a washer once when you can buy it every year?","19","13.398","15.5812","5882","1310","338","models/vlt-rent-a-life-24.gltf"
"vlt-rent-a-life-25","rent-a-life","commerce","Rent A Life · A5-2","A5-2","Why own a washer once when you can buy it every year?","20.2","13.728","15.5812","5882","1310","338","models/vlt-rent-a-life-25.gltf"
"vlt-rent-a-life-26","rent-a-life","commerce","Rent A Life · B1-2","B1-2","Why own a washer once when you can buy it every year?","15.4","12.408","16.2724","5882","1310","338","models/vlt-rent-a-life-26.gltf"
"vlt-rent-a-life-27","rent-a-life","commerce","Rent A Life · B2-2","B2-2","Why own a washer once when you can buy it every year?","16.6","12.738","16.2724","5882","1310","338","models/vlt-rent-a-life-27.gltf"
"vlt-rent-a-life-28","rent-a-life","commerce","Rent A Life · B3-2","B3-2","Why own a washer once when you can buy it every year?","17.8","13.068","16.2724","5882","1310","338","models/vlt-rent-a-life-28.gltf"
"vlt-rent-a-life-29","rent-a-life","commerce","Rent A Life · B4-2","B4-2","Why own a washer once when you can buy it every year?","19","13.398","16.2724","5882","1310","338","models/vlt-rent-a-life-29.gltf"
"vlt-rent-a-life-30","rent-a-life","commerce","Rent A Life · B5-2","B5-2","Why own a washer once when you can buy it every year?","20.2","13.728","16.2724","5882","1310","338","models/vlt-rent-a-life-30.gltf"
"vlt-rent-a-life-31","rent-a-life","commerce","Rent A Life · C1-2","C1-2","Why own a washer once when you can buy it every year?","15.4","12.408","16.9636","5882","1310","338","models/vlt-rent-a-life-31.gltf"
"vlt-rent-a-life-32","rent-a-life","commerce","Rent A Life · C2-2","C2-2","Why own a washer once when you can buy it every year?","16.6","12.738","16.9636","5882","1310","338","models/vlt-rent-a-life-32.gltf"
"vlt-rent-a-life-33","rent-a-life","commerce","Rent A Life · C3-2","C3-2","Why own a washer once when you can buy it every year?","17.8","13.068","16.9636","5882","1310","338","models/vlt-rent-a-life-33.gltf"
"vlt-rent-a-life-34","rent-a-life","commerce","Rent A Life · C4-2","C4-2","Why own a washer once when you can buy it every year?","19","13.398","16.9636","5882","1310","338","models/vlt-rent-a-life-34.gltf"
"vlt-rent-a-life-35","rent-a-life","commerce","Rent A Life · C5-2","C5-2","Why own a washer once when you can buy it every year?","20.2","13.728","16.9636","5882","1310","338","models/vlt-rent-a-life-35.gltf"
"vlt-rent-a-life-36","rent-a-life","commerce","Rent A Life · D1-2","D1-2","Why own a washer once when you can buy it every year?","15.4","12.408","17.6548","5882","1310","338","models/vlt-rent-a-life-36.gltf"
"vlt-rent-a-life-37","rent-a-life","commerce","Rent A Life · D2-2","D2-2","Why own a washer once when you can buy it every year?","16.6","12.738","17.6548","5882","1310","338","models/vlt-rent-a-life-37.gltf"
"vlt-rent-a-life-38","rent-a-life","commerce","Rent A Life · D3-2","D3-2","Why own a washer once when you can buy it every year?","17.8","13.068","17.6548","5882","1310","338","models/vlt-rent-a-life-38.gltf"
"vlt-rent-a-life-39","rent-a-life","commerce","Rent A Life · D4-2","D4-2","Why own a washer once when you can buy it every year?","19","13.398","17.6548","5882","1310","338","models/vlt-rent-a-life-39.gltf"
"vlt-rent-a-life-40","rent-a-life","commerce","Rent A Life · D5-2","D5-2","Why own a washer once when you can buy it every year?","20.2","13.728","17.6548","5882","1310","338","models/vlt-rent-a-life-40.gltf"
"vlt-repo-ranch-01","repo-ranch","commerce","Repo Ranch · A1-1","A1-1","Come see your old car thriving upstate.","18.04","9.588","15.08","4664","1344","96","models/vlt-repo-ranch-01.gltf"
"vlt-repo-ranch-02","repo-ranch","commerce","Repo Ranch · A2-1","A2-1","Come see your old car thriving upstate.","19.48","9.843","15.08","4664","1344","96","models/vlt-repo-ranch-02.gltf"
"vlt-repo-ranch-03","repo-ranch","commerce","Repo Ranch · A3-1","A3-1","Come see your old car thriving upstate.","20.92","10.098","15.08","4664","1344","96","models/vlt-repo-ranch-03.gltf"
"vlt-repo-ranch-04","repo-ranch","commerce","Repo Ranch · A4-1","A4-1","Come see your old car thriving upstate.","22.36","10.353","15.08","4664","1344","96","models/vlt-repo-ranch-04.gltf"
"vlt-repo-ranch-05","repo-ranch","commerce","Repo Ranch · A5-1","A5-1","Come see your old car thriving upstate.","23.8","10.608","15.08","4664","1344","96","models/vlt-repo-ranch-05.gltf"
"vlt-repo-ranch-06","repo-ranch","commerce","Repo Ranch · B1-1","B1-1","Come see your old car thriving upstate.","18.04","9.588","15.71","5776","1752","96","models/vlt-repo-ranch-06.gltf"
"vlt-repo-ranch-07","repo-ranch","commerce","Repo Ranch · B2-1","B2-1","Come see your old car thriving upstate.","19.48","9.843","15.71","5776","1752","96","models/vlt-repo-ranch-07.gltf"
"vlt-repo-ranch-08","repo-ranch","commerce","Repo Ranch · B3-1","B3-1","Come see your old car thriving upstate.","20.92","10.098","15.71","5776","1752","96","models/vlt-repo-ranch-08.gltf"
"vlt-repo-ranch-09","repo-ranch","commerce","Repo Ranch · B4-1","B4-1","Come see your old car thriving upstate.","22.36","10.353","15.71","5776","1752","96","models/vlt-repo-ranch-09.gltf"
"vlt-repo-ranch-10","repo-ranch","commerce","Repo Ranch · B5-1","B5-1","Come see your old car thriving upstate.","23.8","10.608","15.71","5776","1752","96","models/vlt-repo-ranch-10.gltf"
"vlt-repo-ranch-11","repo-ranch","commerce","Repo Ranch · C1-1","C1-1","Come see your old car thriving upstate.","18.04","9.588","16.34","6888","2160","96","models/vlt-repo-ranch-11.gltf"
"vlt-repo-ranch-12","repo-ranch","commerce","Repo Ranch · C2-1","C2-1","Come see your old car thriving upstate.","19.48","9.843","16.34","6888","2160","96","models/vlt-repo-ranch-12.gltf"
"vlt-repo-ranch-13","repo-ranch","commerce","Repo Ranch · C3-1","C3-1","Come see your old car thriving upstate.","20.92","10.098","16.34","6888","2160","96","models/vlt-repo-ranch-13.gltf"
"vlt-repo-ranch-14","repo-ranch","commerce","Repo Ranch · C4-1","C4-1","Come see your old car thriving upstate.","22.36","10.353","16.34","6888","2160","96","models/vlt-repo-ranch-14.gltf"
"vlt-repo-ranch-15","repo-ranch","commerce","Repo Ranch · C5-1","C5-1","Come see your old car thriving upstate.","23.8","10.608","16.34","6888","2160","96","models/vlt-repo-ranch-15.gltf"
"vlt-repo-ranch-16","repo-ranch","commerce","Repo Ranch · D1-1","D1-1","Come see your old car thriving upstate.","18.04","9.588","16.97","8000","2568","96","models/vlt-repo-ranch-16.gltf"
"vlt-repo-ranch-17","repo-ranch","commerce","Repo Ranch · D2-1","D2-1","Come see your old car thriving upstate.","19.48","9.843","16.97","8000","2568","96","models/vlt-repo-ranch-17.gltf"
"vlt-repo-ranch-18","repo-ranch","commerce","Repo Ranch · D3-1","D3-1","Come see your old car thriving upstate.","20.92","10.098","16.97","8000","2568","96","models/vlt-repo-ranch-18.gltf"
"vlt-repo-ranch-19","repo-ranch","commerce","Repo Ranch · D4-1","D4-1","Come see your old car thriving upstate.","22.36","10.353","16.97","8000","2568","96","models/vlt-repo-ranch-19.gltf"
"vlt-repo-ranch-20","repo-ranch","commerce","Repo Ranch · D5-1","D5-1","Come see your old car thriving upstate.","23.8","10.608","16.97","8000","2568","96","models/vlt-repo-ranch-20.gltf"
"vlt-repo-ranch-21","repo-ranch","commerce","Repo Ranch · A1-2","A1-2","Come see your old car thriving upstate.","18.04","9.588","17.9364","5204","1380","108","models/vlt-repo-ranch-21.gltf"
"vlt-repo-ranch-22","repo-ranch","commerce","Repo Ranch · A2-2","A2-2","Come see your old car thriving upstate.","19.48","9.843","17.9364","5204","1380","108","models/vlt-repo-ranch-22.gltf"
"vlt-repo-ranch-23","repo-ranch","commerce","Repo Ranch · A3-2","A3-2","Come see your old car thriving upstate.","20.92","10.098","17.9364","5204","1380","108","models/vlt-repo-ranch-23.gltf"
"vlt-repo-ranch-24","repo-ranch","commerce","Repo Ranch · A4-2","A4-2","Come see your old car thriving upstate.","22.36","10.353","17.9364","5204","1380","108","models/vlt-repo-ranch-24.gltf"
"vlt-repo-ranch-25","repo-ranch","commerce","Repo Ranch · A5-2","A5-2","Come see your old car thriving upstate.","23.8","10.608","17.9364","5204","1380","108","models/vlt-repo-ranch-25.gltf"
"vlt-repo-ranch-26","repo-ranch","commerce","Repo Ranch · B1-2","B1-2","Come see your old car thriving upstate.","18.04","9.588","18.7428","6316","1788","108","models/vlt-repo-ranch-26.gltf"
"vlt-repo-ranch-27","repo-ranch","commerce","Repo Ranch · B2-2","B2-2","Come see your old car thriving upstate.","19.48","9.843","18.7428","6316","1788","108","models/vlt-repo-ranch-27.gltf"
"vlt-repo-ranch-28","repo-ranch","commerce","Repo Ranch · B3-2","B3-2","Come see your old car thriving upstate.","20.92","10.098","18.7428","6316","1788","108","models/vlt-repo-ranch-28.gltf"
"vlt-repo-ranch-29","repo-ranch","commerce","Repo Ranch · B4-2","B4-2","Come see your old car thriving upstate.","22.36","10.353","18.7428","6316","1788","108","models/vlt-repo-ranch-29.gltf"
"vlt-repo-ranch-30","repo-ranch","commerce","Repo Ranch · B5-2","B5-2","Come see your old car thriving upstate.","23.8","10.608","18.7428","6316","1788","108","models/vlt-repo-ranch-30.gltf"
"vlt-repo-ranch-31","repo-ranch","commerce","Repo Ranch · C1-2","C1-2","Come see your old car thriving upstate.","18.04","9.588","19.5492","7428","2196","108","models/vlt-repo-ranch-31.gltf"
"vlt-repo-ranch-32","repo-ranch","commerce","Repo Ranch · C2-2","C2-2","Come see your old car thriving upstate.","19.48","9.843","19.5492","7428","2196","108","models/vlt-repo-ranch-32.gltf"
"vlt-repo-ranch-33","repo-ranch","commerce","Repo Ranch · C3-2","C3-2","Come see your old car thriving upstate.","20.92","10.098","19.5492","7428","2196","108","models/vlt-repo-ranch-33.gltf"
"vlt-repo-ranch-34","repo-ranch","commerce","Repo Ranch · C4-2","C4-2","Come see your old car thriving upstate.","22.36","10.353","19.5492","7428","2196","108","models/vlt-repo-ranch-34.gltf"
"vlt-repo-ranch-35","repo-ranch","commerce","Repo Ranch · C5-2","C5-2","Come see your old car thriving upstate.","23.8","10.608","19.5492","7428","2196","108","models/vlt-repo-ranch-35.gltf"
"vlt-repo-ranch-36","repo-ranch","commerce","Repo Ranch · D1-2","D1-2","Come see your old car thriving upstate.","18.04","9.588","20.3556","8540","2604","108","models/vlt-repo-ranch-36.gltf"
"vlt-repo-ranch-37","repo-ranch","commerce","Repo Ranch · D2-2","D2-2","Come see your old car thriving upstate.","19.48","9.843","20.3556","8540","2604","108","models/vlt-repo-ranch-37.gltf"
"vlt-repo-ranch-38","repo-ranch","commerce","Repo Ranch · D3-2","D3-2","Come see your old car thriving upstate.","20.92","10.098","20.3556","8540","2604","108","models/vlt-repo-ranch-38.gltf"
"vlt-repo-ranch-39","repo-ranch","commerce","Repo Ranch · D4-2","D4-2","Come see your old car thriving upstate.","22.36","10.353","20.3556","8540","2604","108","models/vlt-repo-ranch-39.gltf"
"vlt-repo-ranch-40","repo-ranch","commerce","Repo Ranch · D5-2","D5-2","Come see your old car thriving upstate.","23.8","10.608","20.3556","8540","2604","108","models/vlt-repo-ranch-40.gltf"
"vlt-retention-pond-office-01","retention-pond-office","infrastructure","Retention Pond Office · A1-1","A1-1","Stormwater detention gains waterfront branding.","10.2986","2.475","8.1968","790","134","134","models/vlt-retention-pond-office-01.gltf"
"vlt-retention-pond-office-02","retention-pond-office","infrastructure","Retention Pond Office · A2-1","A2-1","Stormwater detention gains waterfront branding.","13.1546","2.475","8.7856","918","182","134","models/vlt-retention-pond-office-02.gltf"
"vlt-retention-pond-office-03","retention-pond-office","infrastructure","Retention Pond Office · A3-1","A3-1","Stormwater detention gains waterfront branding.","16.337","2.475","9.3744","1046","230","134","models/vlt-retention-pond-office-03.gltf"
"vlt-retention-pond-office-04","retention-pond-office","infrastructure","Retention Pond Office · A4-1","A4-1","Stormwater detention gains waterfront branding.","19.8458","2.475","9.9632","1174","278","134","models/vlt-retention-pond-office-04.gltf"
"vlt-retention-pond-office-05","retention-pond-office","infrastructure","Retention Pond Office · A5-1","A5-1","Stormwater detention gains waterfront branding.","23.712","2.475","10.552","1302","326","134","models/vlt-retention-pond-office-05.gltf"
"vlt-retention-pond-office-06","retention-pond-office","infrastructure","Retention Pond Office · B1-1","B1-1","Stormwater detention gains waterfront branding.","10.3586","2.475","9.1964","790","134","134","models/vlt-retention-pond-office-06.gltf"
"vlt-retention-pond-office-07","retention-pond-office","infrastructure","Retention Pond Office · B2-1","B2-1","Stormwater detention gains waterfront branding.","13.2146","2.475","9.8588","918","182","134","models/vlt-retention-pond-office-07.gltf"
"vlt-retention-pond-office-08","retention-pond-office","infrastructure","Retention Pond Office · B3-1","B3-1","Stormwater detention gains waterfront branding.","16.397","2.475","10.5212","1046","230","134","models/vlt-retention-pond-office-08.gltf"
"vlt-retention-pond-office-09","retention-pond-office","infrastructure","Retention Pond Office · B4-1","B4-1","Stormwater detention gains waterfront branding.","19.9058","2.475","11.1836","1174","278","134","models/vlt-retention-pond-office-09.gltf"
"vlt-retention-pond-office-10","retention-pond-office","infrastructure","Retention Pond Office · B5-1","B5-1","Stormwater detention gains waterfront branding.","23.741","2.475","11.846","1302","326","134","models/vlt-retention-pond-office-10.gltf"
"vlt-retention-pond-office-11","retention-pond-office","infrastructure","Retention Pond Office · C1-1","C1-1","Stormwater detention gains waterfront branding.","10.4186","2.475","10.196","790","134","134","models/vlt-retention-pond-office-11.gltf"
"vlt-retention-pond-office-12","retention-pond-office","infrastructure","Retention Pond Office · C2-1","C2-1","Stormwater detention gains waterfront branding.","13.2746","2.475","10.932","918","182","134","models/vlt-retention-pond-office-12.gltf"
"vlt-retention-pond-office-13","retention-pond-office","infrastructure","Retention Pond Office · C3-1","C3-1","Stormwater detention gains waterfront branding.","16.457","2.475","11.668","1046","230","134","models/vlt-retention-pond-office-13.gltf"
"vlt-retention-pond-office-14","retention-pond-office","infrastructure","Retention Pond Office · C4-1","C4-1","Stormwater detention gains waterfront branding.","19.9658","2.475","12.404","1174","278","134","models/vlt-retention-pond-office-14.gltf"
"vlt-retention-pond-office-15","retention-pond-office","infrastructure","Retention Pond Office · C5-1","C5-1","Stormwater detention gains waterfront branding.","23.801","2.475","13.14","1302","326","134","models/vlt-retention-pond-office-15.gltf"
"vlt-retention-pond-office-16","retention-pond-office","infrastructure","Retention Pond Office · D1-1","D1-1","Stormwater detention gains waterfront branding.","10.4786","2.475","11.1956","790","134","134","models/vlt-retention-pond-office-16.gltf"
"vlt-retention-pond-office-17","retention-pond-office","infrastructure","Retention Pond Office · D2-1","D2-1","Stormwater detention gains waterfront branding.","13.3346","2.475","12.0052","918","182","134","models/vlt-retention-pond-office-17.gltf"
"vlt-retention-pond-office-18","retention-pond-office","infrastructure","Retention Pond Office · D3-1","D3-1","Stormwater detention gains waterfront branding.","16.517","2.475","12.8148","1046","230","134","models/vlt-retention-pond-office-18.gltf"
"vlt-retention-pond-office-19","retention-pond-office","infrastructure","Retention Pond Office · D4-1","D4-1","Stormwater detention gains waterfront branding.","20.0258","2.475","13.6244","1174","278","134","models/vlt-retention-pond-office-19.gltf"
"vlt-retention-pond-office-20","retention-pond-office","infrastructure","Retention Pond Office · D5-1","D5-1","Stormwater detention gains waterfront branding.","23.861","2.475","14.434","1302","326","134","models/vlt-retention-pond-office-20.gltf"
"vlt-retention-pond-office-21","retention-pond-office","infrastructure","Retention Pond Office · A1-2","A1-2","Stormwater detention gains waterfront branding.","10.2986","2.475","8.1968","1006","158","146","models/vlt-retention-pond-office-21.gltf"
"vlt-retention-pond-office-22","retention-pond-office","infrastructure","Retention Pond Office · A2-2","A2-2","Stormwater detention gains waterfront branding.","13.1546","2.475","8.7856","1134","206","146","models/vlt-retention-pond-office-22.gltf"
"vlt-retention-pond-office-23","retention-pond-office","infrastructure","Retention Pond Office · A3-2","A3-2","Stormwater detention gains waterfront branding.","16.337","2.475","9.3744","1262","254","146","models/vlt-retention-pond-office-23.gltf"
"vlt-retention-pond-office-24","retention-pond-office","infrastructure","Retention Pond Office · A4-2","A4-2","Stormwater detention gains waterfront branding.","19.8458","2.475","9.9632","1390","302","146","models/vlt-retention-pond-office-24.gltf"
"vlt-retention-pond-office-25","retention-pond-office","infrastructure","Retention Pond Office · A5-2","A5-2","Stormwater detention gains waterfront branding.","23.712","2.475","10.552","1518","350","146","models/vlt-retention-pond-office-25.gltf"
"vlt-retention-pond-office-26","retention-pond-office","infrastructure","Retention Pond Office · B1-2","B1-2","Stormwater detention gains waterfront branding.","10.3586","2.475","9.1964","1006","158","146","models/vlt-retention-pond-office-26.gltf"
"vlt-retention-pond-office-27","retention-pond-office","infrastructure","Retention Pond Office · B2-2","B2-2","Stormwater detention gains waterfront branding.","13.2146","2.475","9.8588","1134","206","146","models/vlt-retention-pond-office-27.gltf"
"vlt-retention-pond-office-28","retention-pond-office","infrastructure","Retention Pond Office · B3-2","B3-2","Stormwater detention gains waterfront branding.","16.397","2.475","10.5212","1262","254","146","models/vlt-retention-pond-office-28.gltf"
"vlt-retention-pond-office-29","retention-pond-office","infrastructure","Retention Pond Office · B4-2","B4-2","Stormwater detention gains waterfront branding.","19.9058","2.475","11.1836","1390","302","146","models/vlt-retention-pond-office-29.gltf"
"vlt-retention-pond-office-30","retention-pond-office","infrastructure","Retention Pond Office · B5-2","B5-2","Stormwater detention gains waterfront branding.","23.741","2.475","11.846","1518","350","146","models/vlt-retention-pond-office-30.gltf"
"vlt-retention-pond-office-31","retention-pond-office","infrastructure","Retention Pond Office · C1-2","C1-2","Stormwater detention gains waterfront branding.","10.4186","2.475","10.196","1006","158","146","models/vlt-retention-pond-office-31.gltf"
"vlt-retention-pond-office-32","retention-pond-office","infrastructure","Retention Pond Office · C2-2","C2-2","Stormwater detention gains waterfront branding.","13.2746","2.475","10.932","1134","206","146","models/vlt-retention-pond-office-32.gltf"
"vlt-retention-pond-office-33","retention-pond-office","infrastructure","Retention Pond Office · C3-2","C3-2","Stormwater detention gains waterfront branding.","16.457","2.475","11.668","1262","254","146","models/vlt-retention-pond-office-33.gltf"
"vlt-retention-pond-office-34","retention-pond-office","infrastructure","Retention Pond Office · C4-2","C4-2","Stormwater detention gains waterfront branding.","19.9658","2.475","12.404","1390","302","146","models/vlt-retention-pond-office-34.gltf"
"vlt-retention-pond-office-35","retention-pond-office","infrastructure","Retention Pond Office · C5-2","C5-2","Stormwater detention gains waterfront branding.","23.801","2.475","13.14","1518","350","146","models/vlt-retention-pond-office-35.gltf"
"vlt-retention-pond-office-36","retention-pond-office","infrastructure","Retention Pond Office · D1-2","D1-2","Stormwater detention gains waterfront branding.","10.4786","2.475","11.1956","1006","158","146","models/vlt-retention-pond-office-36.gltf"
"vlt-retention-pond-office-37","retention-pond-office","infrastructure","Retention Pond Office · D2-2","D2-2","Stormwater detention gains waterfront branding.","13.3346","2.475","12.0052","1134","206","146","models/vlt-retention-pond-office-37.gltf"
"vlt-retention-pond-office-38","retention-pond-office","infrastructure","Retention Pond Office · D3-2","D3-2","Stormwater detention gains waterfront branding.","16.517","2.475","12.8148","1262","254","146","models/vlt-retention-pond-office-38.gltf"
"vlt-retention-pond-office-39","retention-pond-office","infrastructure","Retention Pond Office · D4-2","D4-2","Stormwater detention gains waterfront branding.","20.0258","2.475","13.6244","1390","302","146","models/vlt-retention-pond-office-39.gltf"
"vlt-retention-pond-office-40","retention-pond-office","infrastructure","Retention Pond Office · D5-2","D5-2","Stormwater detention gains waterfront branding.","23.861","2.475","14.434","1518","350","146","models/vlt-retention-pond-office-40.gltf"
"vlt-return-to-sender-outlet-01","return-to-sender-outlet","commerce","Return to Sender Outlet · A1-1","A1-1","Every open box gets a second chance and a third barcode.","17.031175","8.178","14.166062","1896","308","156","models/vlt-return-to-sender-outlet-01.gltf"
"vlt-return-to-sender-outlet-02","return-to-sender-outlet","commerce","Return to Sender Outlet · A2-1","A2-1","Every open box gets a second chance and a third barcode.","18.479463","8.3955","14.168955","2112","320","156","models/vlt-return-to-sender-outlet-02.gltf"
"vlt-return-to-sender-outlet-03","return-to-sender-outlet","commerce","Return to Sender Outlet · A3-1","A3-1","Every open box gets a second chance and a third barcode.","19.927752","8.613","14.313434","2328","332","156","models/vlt-return-to-sender-outlet-03.gltf"
"vlt-return-to-sender-outlet-04","return-to-sender-outlet","commerce","Return to Sender Outlet · A4-1","A4-1","Every open box gets a second chance and a third barcode.","21.376041","8.8305","14.751498","2436","332","156","models/vlt-return-to-sender-outlet-04.gltf"
"vlt-return-to-sender-outlet-05","return-to-sender-outlet","commerce","Return to Sender Outlet · A5-1","A5-1","Every open box gets a second chance and a third barcode.","22.824329","9.048","15.189547","2436","332","156","models/vlt-return-to-sender-outlet-05.gltf"
"vlt-return-to-sender-outlet-06","return-to-sender-outlet","commerce","Return to Sender Outlet · B1-1","B1-1","Every open box gets a second chance and a third barcode.","17.031175","8.178","14.801484","1896","308","156","models/vlt-return-to-sender-outlet-06.gltf"
"vlt-return-to-sender-outlet-07","return-to-sender-outlet","commerce","Return to Sender Outlet · B2-1","B2-1","Every open box gets a second chance and a third barcode.","18.479463","8.3955","14.80425","2112","320","156","models/vlt-return-to-sender-outlet-07.gltf"
"vlt-return-to-sender-outlet-08","return-to-sender-outlet","commerce","Return to Sender Outlet · B3-1","B3-1","Every open box gets a second chance and a third barcode.","19.927752","8.613","14.807005","2328","332","156","models/vlt-return-to-sender-outlet-08.gltf"
"vlt-return-to-sender-outlet-09","return-to-sender-outlet","commerce","Return to Sender Outlet · B4-1","B4-1","Every open box gets a second chance and a third barcode.","21.376041","8.8305","15.170547","2436","332","156","models/vlt-return-to-sender-outlet-09.gltf"
"vlt-return-to-sender-outlet-10","return-to-sender-outlet","commerce","Return to Sender Outlet · B5-1","B5-1","Every open box gets a second chance and a third barcode.","22.824329","9.048","15.608475","2436","332","156","models/vlt-return-to-sender-outlet-10.gltf"
"vlt-return-to-sender-outlet-11","return-to-sender-outlet","commerce","Return to Sender Outlet · C1-1","C1-1","Every open box gets a second chance and a third barcode.","17.031175","8.178","15.437059","1896","308","156","models/vlt-return-to-sender-outlet-11.gltf"
"vlt-return-to-sender-outlet-12","return-to-sender-outlet","commerce","Return to Sender Outlet · C2-1","C2-1","Every open box gets a second chance and a third barcode.","18.479463","8.3955","15.439709","2112","320","156","models/vlt-return-to-sender-outlet-12.gltf"
"vlt-return-to-sender-outlet-13","return-to-sender-outlet","commerce","Return to Sender Outlet · C3-1","C3-1","Every open box gets a second chance and a third barcode.","19.927752","8.613","15.44235","2328","332","156","models/vlt-return-to-sender-outlet-13.gltf"
"vlt-return-to-sender-outlet-14","return-to-sender-outlet","commerce","Return to Sender Outlet · C4-1","C4-1","Every open box gets a second chance and a third barcode.","21.376041","8.8305","15.589778","2436","332","156","models/vlt-return-to-sender-outlet-14.gltf"
"vlt-return-to-sender-outlet-15","return-to-sender-outlet","commerce","Return to Sender Outlet · C5-1","C5-1","Every open box gets a second chance and a third barcode.","22.824329","9.048","16.027595","2436","332","156","models/vlt-return-to-sender-outlet-15.gltf"
"vlt-return-to-sender-outlet-16","return-to-sender-outlet","commerce","Return to Sender Outlet · D1-1","D1-1","Every open box gets a second chance and a third barcode.","17.031175","8.178","16.072769","1896","308","156","models/vlt-return-to-sender-outlet-16.gltf"
"vlt-return-to-sender-outlet-17","return-to-sender-outlet","commerce","Return to Sender Outlet · D2-1","D2-1","Every open box gets a second chance and a third barcode.","18.479463","8.3955","16.075312","2112","320","156","models/vlt-return-to-sender-outlet-17.gltf"
"vlt-return-to-sender-outlet-18","return-to-sender-outlet","commerce","Return to Sender Outlet · D3-1","D3-1","Every open box gets a second chance and a third barcode.","19.927752","8.613","16.077846","2328","332","156","models/vlt-return-to-sender-outlet-18.gltf"
"vlt-return-to-sender-outlet-19","return-to-sender-outlet","commerce","Return to Sender Outlet · D4-1","D4-1","Every open box gets a second chance and a third barcode.","21.376041","8.8305","16.080371","2436","332","156","models/vlt-return-to-sender-outlet-19.gltf"
"vlt-return-to-sender-outlet-20","return-to-sender-outlet","commerce","Return to Sender Outlet · D5-1","D5-1","Every open box gets a second chance and a third barcode.","22.824329","9.048","16.446884","2436","332","156","models/vlt-return-to-sender-outlet-20.gltf"
"vlt-return-to-sender-outlet-21","return-to-sender-outlet","commerce","Return to Sender Outlet · A1-2","A1-2","Every open box gets a second chance and a third barcode.","17.031175","8.178","15.5812","2436","344","168","models/vlt-return-to-sender-outlet-21.gltf"
"vlt-return-to-sender-outlet-22","return-to-sender-outlet","commerce","Return to Sender Outlet · A2-2","A2-2","Every open box gets a second chance and a third barcode.","18.479463","8.3955","15.5812","2652","356","168","models/vlt-return-to-sender-outlet-22.gltf"
"vlt-return-to-sender-outlet-23","return-to-sender-outlet","commerce","Return to Sender Outlet · A3-2","A3-2","Every open box gets a second chance and a third barcode.","19.927752","8.613","15.7228","2868","368","168","models/vlt-return-to-sender-outlet-23.gltf"
"vlt-return-to-sender-outlet-24","return-to-sender-outlet","commerce","Return to Sender Outlet · A4-2","A4-2","Every open box gets a second chance and a third barcode.","21.376041","8.8305","16.158","2976","368","168","models/vlt-return-to-sender-outlet-24.gltf"
"vlt-return-to-sender-outlet-25","return-to-sender-outlet","commerce","Return to Sender Outlet · A5-2","A5-2","Every open box gets a second chance and a third barcode.","22.824329","9.048","16.5932","2976","368","168","models/vlt-return-to-sender-outlet-25.gltf"
"vlt-return-to-sender-outlet-26","return-to-sender-outlet","commerce","Return to Sender Outlet · B1-2","B1-2","Every open box gets a second chance and a third barcode.","17.031175","8.178","16.2724","2436","344","168","models/vlt-return-to-sender-outlet-26.gltf"
"vlt-return-to-sender-outlet-27","return-to-sender-outlet","commerce","Return to Sender Outlet · B2-2","B2-2","Every open box gets a second chance and a third barcode.","18.479463","8.3955","16.2724","2652","356","168","models/vlt-return-to-sender-outlet-27.gltf"
"vlt-return-to-sender-outlet-28","return-to-sender-outlet","commerce","Return to Sender Outlet · B3-2","B3-2","Every open box gets a second chance and a third barcode.","19.927752","8.613","16.2724","2868","368","168","models/vlt-return-to-sender-outlet-28.gltf"
"vlt-return-to-sender-outlet-29","return-to-sender-outlet","commerce","Return to Sender Outlet · B4-2","B4-2","Every open box gets a second chance and a third barcode.","21.376041","8.8305","16.6332","2976","368","168","models/vlt-return-to-sender-outlet-29.gltf"
"vlt-return-to-sender-outlet-30","return-to-sender-outlet","commerce","Return to Sender Outlet · B5-2","B5-2","Every open box gets a second chance and a third barcode.","22.824329","9.048","17.0684","2976","368","168","models/vlt-return-to-sender-outlet-30.gltf"
"vlt-return-to-sender-outlet-31","return-to-sender-outlet","commerce","Return to Sender Outlet · C1-2","C1-2","Every open box gets a second chance and a third barcode.","17.031175","8.178","16.9636","2436","344","168","models/vlt-return-to-sender-outlet-31.gltf"
"vlt-return-to-sender-outlet-32","return-to-sender-outlet","commerce","Return to Sender Outlet · C2-2","C2-2","Every open box gets a second chance and a third barcode.","18.479463","8.3955","16.9636","2652","356","168","models/vlt-return-to-sender-outlet-32.gltf"
"vlt-return-to-sender-outlet-33","return-to-sender-outlet","commerce","Return to Sender Outlet · C3-2","C3-2","Every open box gets a second chance and a third barcode.","19.927752","8.613","16.9636","2868","368","168","models/vlt-return-to-sender-outlet-33.gltf"
"vlt-return-to-sender-outlet-34","return-to-sender-outlet","commerce","Return to Sender Outlet · C4-2","C4-2","Every open box gets a second chance and a third barcode.","21.376041","8.8305","17.1084","2976","368","168","models/vlt-return-to-sender-outlet-34.gltf"
"vlt-return-to-sender-outlet-35","return-to-sender-outlet","commerce","Return to Sender Outlet · C5-2","C5-2","Every open box gets a second chance and a third barcode.","22.824329","9.048","17.5436","2976","368","168","models/vlt-return-to-sender-outlet-35.gltf"
"vlt-return-to-sender-outlet-36","return-to-sender-outlet","commerce","Return to Sender Outlet · D1-2","D1-2","Every open box gets a second chance and a third barcode.","17.031175","8.178","17.6548","2436","344","168","models/vlt-return-to-sender-outlet-36.gltf"
"vlt-return-to-sender-outlet-37","return-to-sender-outlet","commerce","Return to Sender Outlet · D2-2","D2-2","Every open box gets a second chance and a third barcode.","18.479463","8.3955","17.6548","2652","356","168","models/vlt-return-to-sender-outlet-37.gltf"
"vlt-return-to-sender-outlet-38","return-to-sender-outlet","commerce","Return to Sender Outlet · D3-2","D3-2","Every open box gets a second chance and a third barcode.","19.927752","8.613","17.6548","2868","368","168","models/vlt-return-to-sender-outlet-38.gltf"
"vlt-return-to-sender-outlet-39","return-to-sender-outlet","commerce","Return to Sender Outlet · D4-2","D4-2","Every open box gets a second chance and a third barcode.","21.376041","8.8305","17.6548","2976","368","168","models/vlt-return-to-sender-outlet-39.gltf"
"vlt-return-to-sender-outlet-40","return-to-sender-outlet","commerce","Return to Sender Outlet · D5-2","D5-2","Every open box gets a second chance and a third barcode.","22.824329","9.048","18.0188","2976","368","168","models/vlt-return-to-sender-outlet-40.gltf"
"vlt-road-construction-yard-01","road-construction-yard","infrastructure","One More Lane Yard · A1-1","A1-1","The permanent solution begins in a temporary trailer.","14.7866","7.125","10.4936","1242","218","182","models/vlt-road-construction-yard-01.gltf"
"vlt-road-construction-yard-02","road-construction-yard","infrastructure","One More Lane Yard · A2-1","A2-1","The permanent solution begins in a temporary trailer.","17.65892","7.625","11.3912","1414","254","182","models/vlt-road-construction-yard-02.gltf"
"vlt-road-construction-yard-03","road-construction-yard","infrastructure","One More Lane Yard · A3-1","A3-1","The permanent solution begins in a temporary trailer.","20.79236","8.125","12.2888","1586","290","182","models/vlt-road-construction-yard-03.gltf"
"vlt-road-construction-yard-04","road-construction-yard","infrastructure","One More Lane Yard · A4-1","A4-1","The permanent solution begins in a temporary trailer.","24.22784","8.625","13.1864","1758","326","182","models/vlt-road-construction-yard-04.gltf"
"vlt-road-construction-yard-05","road-construction-yard","infrastructure","One More Lane Yard · A5-1","A5-1","The permanent solution begins in a temporary trailer.","27.9552","9.125","14.084","1930","362","182","models/vlt-road-construction-yard-05.gltf"
"vlt-road-construction-yard-06","road-construction-yard","infrastructure","One More Lane Yard · B1-1","B1-1","The permanent solution begins in a temporary trailer.","14.8466","7.125","11.4812","1306","242","182","models/vlt-road-construction-yard-06.gltf"
"vlt-road-construction-yard-07","road-construction-yard","infrastructure","One More Lane Yard · B2-1","B2-1","The permanent solution begins in a temporary trailer.","17.71892","7.625","12.4604","1478","278","182","models/vlt-road-construction-yard-07.gltf"
"vlt-road-construction-yard-08","road-construction-yard","infrastructure","One More Lane Yard · B3-1","B3-1","The permanent solution begins in a temporary trailer.","20.85236","8.125","13.4396","1650","314","182","models/vlt-road-construction-yard-08.gltf"
"vlt-road-construction-yard-09","road-construction-yard","infrastructure","One More Lane Yard · B4-1","B4-1","The permanent solution begins in a temporary trailer.","24.24692","8.625","14.4188","1822","350","182","models/vlt-road-construction-yard-09.gltf"
"vlt-road-construction-yard-10","road-construction-yard","infrastructure","One More Lane Yard · B5-1","B5-1","The permanent solution begins in a temporary trailer.","27.9552","9.125","15.398","1994","386","182","models/vlt-road-construction-yard-10.gltf"
"vlt-road-construction-yard-11","road-construction-yard","infrastructure","One More Lane Yard · C1-1","C1-1","The permanent solution begins in a temporary trailer.","14.9066","7.125","12.4688","1370","266","182","models/vlt-road-construction-yard-11.gltf"
"vlt-road-construction-yard-12","road-construction-yard","infrastructure","One More Lane Yard · C2-1","C2-1","The permanent solution begins in a temporary trailer.","17.77892","7.625","13.5296","1542","302","182","models/vlt-road-construction-yard-12.gltf"
"vlt-road-construction-yard-13","road-construction-yard","infrastructure","One More Lane Yard · C3-1","C3-1","The permanent solution begins in a temporary trailer.","20.91236","8.125","14.5904","1714","338","182","models/vlt-road-construction-yard-13.gltf"
"vlt-road-construction-yard-14","road-construction-yard","infrastructure","One More Lane Yard · C4-1","C4-1","The permanent solution begins in a temporary trailer.","24.30692","8.625","15.6512","1886","374","182","models/vlt-road-construction-yard-14.gltf"
"vlt-road-construction-yard-15","road-construction-yard","infrastructure","One More Lane Yard · C5-1","C5-1","The permanent solution begins in a temporary trailer.","27.9626","9.125","16.712","2058","410","182","models/vlt-road-construction-yard-15.gltf"
"vlt-road-construction-yard-16","road-construction-yard","infrastructure","One More Lane Yard · D1-1","D1-1","The permanent solution begins in a temporary trailer.","14.9666","7.125","13.4564","1434","290","182","models/vlt-road-construction-yard-16.gltf"
"vlt-road-construction-yard-17","road-construction-yard","infrastructure","One More Lane Yard · D2-1","D2-1","The permanent solution begins in a temporary trailer.","17.83892","7.625","14.5988","1606","326","182","models/vlt-road-construction-yard-17.gltf"
"vlt-road-construction-yard-18","road-construction-yard","infrastructure","One More Lane Yard · D3-1","D3-1","The permanent solution begins in a temporary trailer.","20.97236","8.125","15.7412","1778","362","182","models/vlt-road-construction-yard-18.gltf"
"vlt-road-construction-yard-19","road-construction-yard","infrastructure","One More Lane Yard · D4-1","D4-1","The permanent solution begins in a temporary trailer.","24.36692","8.625","16.8836","1950","398","182","models/vlt-road-construction-yard-19.gltf"
"vlt-road-construction-yard-20","road-construction-yard","infrastructure","One More Lane Yard · D5-1","D5-1","The permanent solution begins in a temporary trailer.","28.0226","9.125","18.026","2122","434","182","models/vlt-road-construction-yard-20.gltf"
"vlt-road-construction-yard-21","road-construction-yard","infrastructure","One More Lane Yard · A1-2","A1-2","The permanent solution begins in a temporary trailer.","14.7866","7.125","10.4936","1458","242","194","models/vlt-road-construction-yard-21.gltf"
"vlt-road-construction-yard-22","road-construction-yard","infrastructure","One More Lane Yard · A2-2","A2-2","The permanent solution begins in a temporary trailer.","17.65892","7.625","11.3912","1630","278","194","models/vlt-road-construction-yard-22.gltf"
"vlt-road-construction-yard-23","road-construction-yard","infrastructure","One More Lane Yard · A3-2","A3-2","The permanent solution begins in a temporary trailer.","20.79236","8.125","12.2888","1802","314","194","models/vlt-road-construction-yard-23.gltf"
"vlt-road-construction-yard-24","road-construction-yard","infrastructure","One More Lane Yard · A4-2","A4-2","The permanent solution begins in a temporary trailer.","24.22784","8.625","13.1864","1974","350","194","models/vlt-road-construction-yard-24.gltf"
"vlt-road-construction-yard-25","road-construction-yard","infrastructure","One More Lane Yard · A5-2","A5-2","The permanent solution begins in a temporary trailer.","27.9552","9.125","14.084","2146","386","194","models/vlt-road-construction-yard-25.gltf"
"vlt-road-construction-yard-26","road-construction-yard","infrastructure","One More Lane Yard · B1-2","B1-2","The permanent solution begins in a temporary trailer.","14.8466","7.125","11.4812","1522","266","194","models/vlt-road-construction-yard-26.gltf"
"vlt-road-construction-yard-27","road-construction-yard","infrastructure","One More Lane Yard · B2-2","B2-2","The permanent solution begins in a temporary trailer.","17.71892","7.625","12.4604","1694","302","194","models/vlt-road-construction-yard-27.gltf"
"vlt-road-construction-yard-28","road-construction-yard","infrastructure","One More Lane Yard · B3-2","B3-2","The permanent solution begins in a temporary trailer.","20.85236","8.125","13.4396","1866","338","194","models/vlt-road-construction-yard-28.gltf"
"vlt-road-construction-yard-29","road-construction-yard","infrastructure","One More Lane Yard · B4-2","B4-2","The permanent solution begins in a temporary trailer.","24.24692","8.625","14.4188","2038","374","194","models/vlt-road-construction-yard-29.gltf"
"vlt-road-construction-yard-30","road-construction-yard","infrastructure","One More Lane Yard · B5-2","B5-2","The permanent solution begins in a temporary trailer.","27.9552","9.125","15.398","2210","410","194","models/vlt-road-construction-yard-30.gltf"
"vlt-road-construction-yard-31","road-construction-yard","infrastructure","One More Lane Yard · C1-2","C1-2","The permanent solution begins in a temporary trailer.","14.9066","7.125","12.4688","1586","290","194","models/vlt-road-construction-yard-31.gltf"
"vlt-road-construction-yard-32","road-construction-yard","infrastructure","One More Lane Yard · C2-2","C2-2","The permanent solution begins in a temporary trailer.","17.77892","7.625","13.5296","1758","326","194","models/vlt-road-construction-yard-32.gltf"
"vlt-road-construction-yard-33","road-construction-yard","infrastructure","One More Lane Yard · C3-2","C3-2","The permanent solution begins in a temporary trailer.","20.91236","8.125","14.5904","1930","362","194","models/vlt-road-construction-yard-33.gltf"
"vlt-road-construction-yard-34","road-construction-yard","infrastructure","One More Lane Yard · C4-2","C4-2","The permanent solution begins in a temporary trailer.","24.30692","8.625","15.6512","2102","398","194","models/vlt-road-construction-yard-34.gltf"
"vlt-road-construction-yard-35","road-construction-yard","infrastructure","One More Lane Yard · C5-2","C5-2","The permanent solution begins in a temporary trailer.","27.9626","9.125","16.712","2274","434","194","models/vlt-road-construction-yard-35.gltf"
"vlt-road-construction-yard-36","road-construction-yard","infrastructure","One More Lane Yard · D1-2","D1-2","The permanent solution begins in a temporary trailer.","14.9666","7.125","13.4564","1650","314","194","models/vlt-road-construction-yard-36.gltf"
"vlt-road-construction-yard-37","road-construction-yard","infrastructure","One More Lane Yard · D2-2","D2-2","The permanent solution begins in a temporary trailer.","17.83892","7.625","14.5988","1822","350","194","models/vlt-road-construction-yard-37.gltf"
"vlt-road-construction-yard-38","road-construction-yard","infrastructure","One More Lane Yard · D3-2","D3-2","The permanent solution begins in a temporary trailer.","20.97236","8.125","15.7412","1994","386","194","models/vlt-road-construction-yard-38.gltf"
"vlt-road-construction-yard-39","road-construction-yard","infrastructure","One More Lane Yard · D4-2","D4-2","The permanent solution begins in a temporary trailer.","24.36692","8.625","16.8836","2166","422","194","models/vlt-road-construction-yard-39.gltf"
"vlt-road-construction-yard-40","road-construction-yard","infrastructure","One More Lane Yard · D5-2","D5-2","The permanent solution begins in a temporary trailer.","28.0226","9.125","18.026","2338","458","194","models/vlt-road-construction-yard-40.gltf"
"vlt-roadside-cross-01","roadside-cross","neighborhood","Two-Hundred-Foot Roadside Cross · A1-1","A1-1","A spiritual landmark engineered for interstate sightlines.","11.44","14","9.68","2610","926","60","models/vlt-roadside-cross-01.gltf"
"vlt-roadside-cross-02","roadside-cross","neighborhood","Two-Hundred-Foot Roadside Cross · A2-1","A2-1","A spiritual landmark engineered for interstate sightlines.","12.48","15.25","10.56","2610","926","60","models/vlt-roadside-cross-02.gltf"
"vlt-roadside-cross-03","roadside-cross","neighborhood","Two-Hundred-Foot Roadside Cross · A3-1","A3-1","A spiritual landmark engineered for interstate sightlines.","13.52","16.5","11.44","2610","926","60","models/vlt-roadside-cross-03.gltf"
"vlt-roadside-cross-04","roadside-cross","neighborhood","Two-Hundred-Foot Roadside Cross · A4-1","A4-1","A spiritual landmark engineered for interstate sightlines.","14.56","17.75","12.32","2610","926","60","models/vlt-roadside-cross-04.gltf"
"vlt-roadside-cross-05","roadside-cross","neighborhood","Two-Hundred-Foot Roadside Cross · A5-1","A5-1","A spiritual landmark engineered for interstate sightlines.","15.6","19","13.2","2610","926","60","models/vlt-roadside-cross-05.gltf"
"vlt-roadside-cross-06","roadside-cross","neighborhood","Two-Hundred-Foot Roadside Cross · B1-1","B1-1","A spiritual landmark engineered for interstate sightlines.","12.32","14","9.68","3050","1094","60","models/vlt-roadside-cross-06.gltf"
"vlt-roadside-cross-07","roadside-cross","neighborhood","Two-Hundred-Foot Roadside Cross · B2-1","B2-1","A spiritual landmark engineered for interstate sightlines.","13.44","15.25","10.56","3050","1094","60","models/vlt-roadside-cross-07.gltf"
"vlt-roadside-cross-08","roadside-cross","neighborhood","Two-Hundred-Foot Roadside Cross · B3-1","B3-1","A spiritual landmark engineered for interstate sightlines.","14.56","16.5","11.44","3050","1094","60","models/vlt-roadside-cross-08.gltf"
"vlt-roadside-cross-09","roadside-cross","neighborhood","Two-Hundred-Foot Roadside Cross · B4-1","B4-1","A spiritual landmark engineered for interstate sightlines.","15.68","17.75","12.32","3050","1094","60","models/vlt-roadside-cross-09.gltf"
"vlt-roadside-cross-10","roadside-cross","neighborhood","Two-Hundred-Foot Roadside Cross · B5-1","B5-1","A spiritual landmark engineered for interstate sightlines.","16.8","19","13.2","3050","1094","60","models/vlt-roadside-cross-10.gltf"
"vlt-roadside-cross-11","roadside-cross","neighborhood","Two-Hundred-Foot Roadside Cross · C1-1","C1-1","A spiritual landmark engineered for interstate sightlines.","13.2","14","9.68","3490","1262","60","models/vlt-roadside-cross-11.gltf"
"vlt-roadside-cross-12","roadside-cross","neighborhood","Two-Hundred-Foot Roadside Cross · C2-1","C2-1","A spiritual landmark engineered for interstate sightlines.","14.4","15.25","10.56","3490","1262","60","models/vlt-roadside-cross-12.gltf"
"vlt-roadside-cross-13","roadside-cross","neighborhood","Two-Hundred-Foot Roadside Cross · C3-1","C3-1","A spiritual landmark engineered for interstate sightlines.","15.6","16.5","11.44","3490","1262","60","models/vlt-roadside-cross-13.gltf"
"vlt-roadside-cross-14","roadside-cross","neighborhood","Two-Hundred-Foot Roadside Cross · C4-1","C4-1","A spiritual landmark engineered for interstate sightlines.","16.8","17.75","12.32","3490","1262","60","models/vlt-roadside-cross-14.gltf"
"vlt-roadside-cross-15","roadside-cross","neighborhood","Two-Hundred-Foot Roadside Cross · C5-1","C5-1","A spiritual landmark engineered for interstate sightlines.","18","19","13.2","3490","1262","60","models/vlt-roadside-cross-15.gltf"
"vlt-roadside-cross-16","roadside-cross","neighborhood","Two-Hundred-Foot Roadside Cross · D1-1","D1-1","A spiritual landmark engineered for interstate sightlines.","14.08","14","9.68","3930","1430","60","models/vlt-roadside-cross-16.gltf"
"vlt-roadside-cross-17","roadside-cross","neighborhood","Two-Hundred-Foot Roadside Cross · D2-1","D2-1","A spiritual landmark engineered for interstate sightlines.","15.36","15.25","10.56","3930","1430","60","models/vlt-roadside-cross-17.gltf"
"vlt-roadside-cross-18","roadside-cross","neighborhood","Two-Hundred-Foot Roadside Cross · D3-1","D3-1","A spiritual landmark engineered for interstate sightlines.","16.64","16.5","11.44","3930","1430","60","models/vlt-roadside-cross-18.gltf"
"vlt-roadside-cross-19","roadside-cross","neighborhood","Two-Hundred-Foot Roadside Cross · D4-1","D4-1","A spiritual landmark engineered for interstate sightlines.","17.92","17.75","12.32","3930","1430","60","models/vlt-roadside-cross-19.gltf"
"vlt-roadside-cross-20","roadside-cross","neighborhood","Two-Hundred-Foot Roadside Cross · D5-1","D5-1","A spiritual landmark engineered for interstate sightlines.","19.2","19","13.2","3930","1430","60","models/vlt-roadside-cross-20.gltf"
"vlt-roadside-cross-21","roadside-cross","neighborhood","Two-Hundred-Foot Roadside Cross · A1-2","A1-2","A spiritual landmark engineered for interstate sightlines.","11.44","14","9.68","2610","926","60","models/vlt-roadside-cross-21.gltf"
"vlt-roadside-cross-22","roadside-cross","neighborhood","Two-Hundred-Foot Roadside Cross · A2-2","A2-2","A spiritual landmark engineered for interstate sightlines.","12.48","15.25","10.56","2610","926","60","models/vlt-roadside-cross-22.gltf"
"vlt-roadside-cross-23","roadside-cross","neighborhood","Two-Hundred-Foot Roadside Cross · A3-2","A3-2","A spiritual landmark engineered for interstate sightlines.","13.52","16.5","11.44","2610","926","60","models/vlt-roadside-cross-23.gltf"
"vlt-roadside-cross-24","roadside-cross","neighborhood","Two-Hundred-Foot Roadside Cross · A4-2","A4-2","A spiritual landmark engineered for interstate sightlines.","14.56","17.75","12.32","2610","926","60","models/vlt-roadside-cross-24.gltf"
"vlt-roadside-cross-25","roadside-cross","neighborhood","Two-Hundred-Foot Roadside Cross · A5-2","A5-2","A spiritual landmark engineered for interstate sightlines.","15.6","19","13.2","2610","926","60","models/vlt-roadside-cross-25.gltf"
"vlt-roadside-cross-26","roadside-cross","neighborhood","Two-Hundred-Foot Roadside Cross · B1-2","B1-2","A spiritual landmark engineered for interstate sightlines.","12.32","14","9.68","3050","1094","60","models/vlt-roadside-cross-26.gltf"
"vlt-roadside-cross-27","roadside-cross","neighborhood","Two-Hundred-Foot Roadside Cross · B2-2","B2-2","A spiritual landmark engineered for interstate sightlines.","13.44","15.25","10.56","3050","1094","60","models/vlt-roadside-cross-27.gltf"
"vlt-roadside-cross-28","roadside-cross","neighborhood","Two-Hundred-Foot Roadside Cross · B3-2","B3-2","A spiritual landmark engineered for interstate sightlines.","14.56","16.5","11.44","3050","1094","60","models/vlt-roadside-cross-28.gltf"
"vlt-roadside-cross-29","roadside-cross","neighborhood","Two-Hundred-Foot Roadside Cross · B4-2","B4-2","A spiritual landmark engineered for interstate sightlines.","15.68","17.75","12.32","3050","1094","60","models/vlt-roadside-cross-29.gltf"
"vlt-roadside-cross-30","roadside-cross","neighborhood","Two-Hundred-Foot Roadside Cross · B5-2","B5-2","A spiritual landmark engineered for interstate sightlines.","16.8","19","13.2","3050","1094","60","models/vlt-roadside-cross-30.gltf"
"vlt-roadside-cross-31","roadside-cross","neighborhood","Two-Hundred-Foot Roadside Cross · C1-2","C1-2","A spiritual landmark engineered for interstate sightlines.","13.2","14","9.68","3490","1262","60","models/vlt-roadside-cross-31.gltf"
"vlt-roadside-cross-32","roadside-cross","neighborhood","Two-Hundred-Foot Roadside Cross · C2-2","C2-2","A spiritual landmark engineered for interstate sightlines.","14.4","15.25","10.56","3490","1262","60","models/vlt-roadside-cross-32.gltf"
"vlt-roadside-cross-33","roadside-cross","neighborhood","Two-Hundred-Foot Roadside Cross · C3-2","C3-2","A spiritual landmark engineered for interstate sightlines.","15.6","16.5","11.44","3490","1262","60","models/vlt-roadside-cross-33.gltf"
"vlt-roadside-cross-34","roadside-cross","neighborhood","Two-Hundred-Foot Roadside Cross · C4-2","C4-2","A spiritual landmark engineered for interstate sightlines.","16.8","17.75","12.32","3490","1262","60","models/vlt-roadside-cross-34.gltf"
"vlt-roadside-cross-35","roadside-cross","neighborhood","Two-Hundred-Foot Roadside Cross · C5-2","C5-2","A spiritual landmark engineered for interstate sightlines.","18","19","13.2","3490","1262","60","models/vlt-roadside-cross-35.gltf"
"vlt-roadside-cross-36","roadside-cross","neighborhood","Two-Hundred-Foot Roadside Cross · D1-2","D1-2","A spiritual landmark engineered for interstate sightlines.","14.08","14","9.68","3930","1430","60","models/vlt-roadside-cross-36.gltf"
"vlt-roadside-cross-37","roadside-cross","neighborhood","Two-Hundred-Foot Roadside Cross · D2-2","D2-2","A spiritual landmark engineered for interstate sightlines.","15.36","15.25","10.56","3930","1430","60","models/vlt-roadside-cross-37.gltf"
"vlt-roadside-cross-38","roadside-cross","neighborhood","Two-Hundred-Foot Roadside Cross · D3-2","D3-2","A spiritual landmark engineered for interstate sightlines.","16.64","16.5","11.44","3930","1430","60","models/vlt-roadside-cross-38.gltf"
"vlt-roadside-cross-39","roadside-cross","neighborhood","Two-Hundred-Foot Roadside Cross · D4-2","D4-2","A spiritual landmark engineered for interstate sightlines.","17.92","17.75","12.32","3930","1430","60","models/vlt-roadside-cross-39.gltf"
"vlt-roadside-cross-40","roadside-cross","neighborhood","Two-Hundred-Foot Roadside Cross · D5-2","D5-2","A spiritual landmark engineered for interstate sightlines.","19.2","19","13.2","3930","1430","60","models/vlt-roadside-cross-40.gltf"
"vlt-self-storage-complex-01","self-storage-complex","infrastructure","Future Downtown Storage · A1-1","A1-1","Land banking with individual locks.","13.08","3.55","11.33","2130","266","182","models/vlt-self-storage-complex-01.gltf"
"vlt-self-storage-complex-02","self-storage-complex","infrastructure","Future Downtown Storage · A2-1","A2-1","Land banking with individual locks.","15.375","3.55","11.33","2518","326","182","models/vlt-self-storage-complex-02.gltf"
"vlt-self-storage-complex-03","self-storage-complex","infrastructure","Future Downtown Storage · A3-1","A3-1","Land banking with individual locks.","17.67","3.55","11.33","2906","386","182","models/vlt-self-storage-complex-03.gltf"
"vlt-self-storage-complex-04","self-storage-complex","infrastructure","Future Downtown Storage · A4-1","A4-1","Land banking with individual locks.","19.965","3.55","11.33","3294","446","182","models/vlt-self-storage-complex-04.gltf"
"vlt-self-storage-complex-05","self-storage-complex","infrastructure","Future Downtown Storage · A5-1","A5-1","Land banking with individual locks.","22.26","3.55","11.33","3682","506","182","models/vlt-self-storage-complex-05.gltf"
"vlt-self-storage-complex-06","self-storage-complex","infrastructure","Future Downtown Storage · B1-1","B1-1","Land banking with individual locks.","13.08","3.55","14.99","2670","326","182","models/vlt-self-storage-complex-06.gltf"
"vlt-self-storage-complex-07","self-storage-complex","infrastructure","Future Downtown Storage · B2-1","B2-1","Land banking with individual locks.","15.375","3.55","14.99","3166","398","182","models/vlt-self-storage-complex-07.gltf"
"vlt-self-storage-complex-08","self-storage-complex","infrastructure","Future Downtown Storage · B3-1","B3-1","Land banking with individual locks.","17.67","3.55","14.99","3662","470","182","models/vlt-self-storage-complex-08.gltf"
"vlt-self-storage-complex-09","self-storage-complex","infrastructure","Future Downtown Storage · B4-1","B4-1","Land banking with individual locks.","19.965","3.55","14.99","4158","542","182","models/vlt-self-storage-complex-09.gltf"
"vlt-self-storage-complex-10","self-storage-complex","infrastructure","Future Downtown Storage · B5-1","B5-1","Land banking with individual locks.","22.26","3.55","14.99","4654","614","182","models/vlt-self-storage-complex-10.gltf"
"vlt-self-storage-complex-11","self-storage-complex","infrastructure","Future Downtown Storage · C1-1","C1-1","Land banking with individual locks.","13.08","3.55","18.65","3210","386","182","models/vlt-self-storage-complex-11.gltf"
"vlt-self-storage-complex-12","self-storage-complex","infrastructure","Future Downtown Storage · C2-1","C2-1","Land banking with individual locks.","15.375","3.55","18.65","3814","470","182","models/vlt-self-storage-complex-12.gltf"
"vlt-self-storage-complex-13","self-storage-complex","infrastructure","Future Downtown Storage · C3-1","C3-1","Land banking with individual locks.","17.67","3.55","18.65","4418","554","182","models/vlt-self-storage-complex-13.gltf"
"vlt-self-storage-complex-14","self-storage-complex","infrastructure","Future Downtown Storage · C4-1","C4-1","Land banking with individual locks.","19.965","3.55","18.65","5022","638","182","models/vlt-self-storage-complex-14.gltf"
"vlt-self-storage-complex-15","self-storage-complex","infrastructure","Future Downtown Storage · C5-1","C5-1","Land banking with individual locks.","22.26","3.55","18.65","5626","722","182","models/vlt-self-storage-complex-15.gltf"
"vlt-self-storage-complex-16","self-storage-complex","infrastructure","Future Downtown Storage · D1-1","D1-1","Land banking with individual locks.","13.08","3.55","22.31","3750","446","182","models/vlt-self-storage-complex-16.gltf"
"vlt-self-storage-complex-17","self-storage-complex","infrastructure","Future Downtown Storage · D2-1","D2-1","Land banking with individual locks.","15.375","3.55","22.31","4462","542","182","models/vlt-self-storage-complex-17.gltf"
"vlt-self-storage-complex-18","self-storage-complex","infrastructure","Future Downtown Storage · D3-1","D3-1","Land banking with individual locks.","17.67","3.55","22.31","5174","638","182","models/vlt-self-storage-complex-18.gltf"
"vlt-self-storage-complex-19","self-storage-complex","infrastructure","Future Downtown Storage · D4-1","D4-1","Land banking with individual locks.","19.965","3.55","22.31","5886","734","182","models/vlt-self-storage-complex-19.gltf"
"vlt-self-storage-complex-20","self-storage-complex","infrastructure","Future Downtown Storage · D5-1","D5-1","Land banking with individual locks.","22.26","3.55","22.31","6598","830","182","models/vlt-self-storage-complex-20.gltf"
"vlt-self-storage-complex-21","self-storage-complex","infrastructure","Future Downtown Storage · A1-2","A1-2","Land banking with individual locks.","13.08","3.55","11.33","2346","290","194","models/vlt-self-storage-complex-21.gltf"
"vlt-self-storage-complex-22","self-storage-complex","infrastructure","Future Downtown Storage · A2-2","A2-2","Land banking with individual locks.","15.375","3.55","11.33","2734","350","194","models/vlt-self-storage-complex-22.gltf"
"vlt-self-storage-complex-23","self-storage-complex","infrastructure","Future Downtown Storage · A3-2","A3-2","Land banking with individual locks.","17.67","3.55","11.33","3122","410","194","models/vlt-self-storage-complex-23.gltf"
"vlt-self-storage-complex-24","self-storage-complex","infrastructure","Future Downtown Storage · A4-2","A4-2","Land banking with individual locks.","19.965","3.55","11.33","3510","470","194","models/vlt-self-storage-complex-24.gltf"
"vlt-self-storage-complex-25","self-storage-complex","infrastructure","Future Downtown Storage · A5-2","A5-2","Land banking with individual locks.","22.26","3.55","11.33","3898","530","194","models/vlt-self-storage-complex-25.gltf"
"vlt-self-storage-complex-26","self-storage-complex","infrastructure","Future Downtown Storage · B1-2","B1-2","Land banking with individual locks.","13.08","3.55","14.99","2886","350","194","models/vlt-self-storage-complex-26.gltf"
"vlt-self-storage-complex-27","self-storage-complex","infrastructure","Future Downtown Storage · B2-2","B2-2","Land banking with individual locks.","15.375","3.55","14.99","3382","422","194","models/vlt-self-storage-complex-27.gltf"
"vlt-self-storage-complex-28","self-storage-complex","infrastructure","Future Downtown Storage · B3-2","B3-2","Land banking with individual locks.","17.67","3.55","14.99","3878","494","194","models/vlt-self-storage-complex-28.gltf"
"vlt-self-storage-complex-29","self-storage-complex","infrastructure","Future Downtown Storage · B4-2","B4-2","Land banking with individual locks.","19.965","3.55","14.99","4374","566","194","models/vlt-self-storage-complex-29.gltf"
"vlt-self-storage-complex-30","self-storage-complex","infrastructure","Future Downtown Storage · B5-2","B5-2","Land banking with individual locks.","22.26","3.55","14.99","4870","638","194","models/vlt-self-storage-complex-30.gltf"
"vlt-self-storage-complex-31","self-storage-complex","infrastructure","Future Downtown Storage · C1-2","C1-2","Land banking with individual locks.","13.08","3.55","18.65","3426","410","194","models/vlt-self-storage-complex-31.gltf"
"vlt-self-storage-complex-32","self-storage-complex","infrastructure","Future Downtown Storage · C2-2","C2-2","Land banking with individual locks.","15.375","3.55","18.65","4030","494","194","models/vlt-self-storage-complex-32.gltf"
"vlt-self-storage-complex-33","self-storage-complex","infrastructure","Future Downtown Storage · C3-2","C3-2","Land banking with individual locks.","17.67","3.55","18.65","4634","578","194","models/vlt-self-storage-complex-33.gltf"
"vlt-self-storage-complex-34","self-storage-complex","infrastructure","Future Downtown Storage · C4-2","C4-2","Land banking with individual locks.","19.965","3.55","18.65","5238","662","194","models/vlt-self-storage-complex-34.gltf"
"vlt-self-storage-complex-35","self-storage-complex","infrastructure","Future Downtown Storage · C5-2","C5-2","Land banking with individual locks.","22.26","3.55","18.65","5842","746","194","models/vlt-self-storage-complex-35.gltf"
"vlt-self-storage-complex-36","self-storage-complex","infrastructure","Future Downtown Storage · D1-2","D1-2","Land banking with individual locks.","13.08","3.55","22.31","3966","470","194","models/vlt-self-storage-complex-36.gltf"
"vlt-self-storage-complex-37","self-storage-complex","infrastructure","Future Downtown Storage · D2-2","D2-2","Land banking with individual locks.","15.375","3.55","22.31","4678","566","194","models/vlt-self-storage-complex-37.gltf"
"vlt-self-storage-complex-38","self-storage-complex","infrastructure","Future Downtown Storage · D3-2","D3-2","Land banking with individual locks.","17.67","3.55","22.31","5390","662","194","models/vlt-self-storage-complex-38.gltf"
"vlt-self-storage-complex-39","self-storage-complex","infrastructure","Future Downtown Storage · D4-2","D4-2","Land banking with individual locks.","19.965","3.55","22.31","6102","758","194","models/vlt-self-storage-complex-39.gltf"
"vlt-self-storage-complex-40","self-storage-complex","infrastructure","Future Downtown Storage · D5-2","D5-2","Land banking with individual locks.","22.26","3.55","22.31","6814","854","194","models/vlt-self-storage-complex-40.gltf"
"vlt-seven-gables-mcmansion-01","seven-gables-mcmansion","neighborhood","Seven Gables McMansion · A1-1","A1-1","Stone veneer ends exactly where the camera does.","14.96","9.6","14.8","2596","260","156","models/vlt-seven-gables-mcmansion-01.gltf"
"vlt-seven-gables-mcmansion-02","seven-gables-mcmansion","neighborhood","Seven Gables McMansion · A2-1","A2-1","Stone veneer ends exactly where the camera does.","16.32","9.6","15.44","2596","260","156","models/vlt-seven-gables-mcmansion-02.gltf"
"vlt-seven-gables-mcmansion-03","seven-gables-mcmansion","neighborhood","Seven Gables McMansion · A3-1","A3-1","Stone veneer ends exactly where the camera does.","17.68","9.6","16.64","2596","260","156","models/vlt-seven-gables-mcmansion-03.gltf"
"vlt-seven-gables-mcmansion-04","seven-gables-mcmansion","neighborhood","Seven Gables McMansion · A4-1","A4-1","Stone veneer ends exactly where the camera does.","19.04","9.6","17.92","2596","260","156","models/vlt-seven-gables-mcmansion-04.gltf"
"vlt-seven-gables-mcmansion-05","seven-gables-mcmansion","neighborhood","Seven Gables McMansion · A5-1","A5-1","Stone veneer ends exactly where the camera does.","20.4","9.6","19.2","2596","260","156","models/vlt-seven-gables-mcmansion-05.gltf"
"vlt-seven-gables-mcmansion-06","seven-gables-mcmansion","neighborhood","Seven Gables McMansion · B1-1","B1-1","Stone veneer ends exactly where the camera does.","14.96","9.6","15.3","2704","272","156","models/vlt-seven-gables-mcmansion-06.gltf"
"vlt-seven-gables-mcmansion-07","seven-gables-mcmansion","neighborhood","Seven Gables McMansion · B2-1","B2-1","Stone veneer ends exactly where the camera does.","16.32","9.6","15.94","2704","272","156","models/vlt-seven-gables-mcmansion-07.gltf"
"vlt-seven-gables-mcmansion-08","seven-gables-mcmansion","neighborhood","Seven Gables McMansion · B3-1","B3-1","Stone veneer ends exactly where the camera does.","17.68","9.6","16.64","2704","272","156","models/vlt-seven-gables-mcmansion-08.gltf"
"vlt-seven-gables-mcmansion-09","seven-gables-mcmansion","neighborhood","Seven Gables McMansion · B4-1","B4-1","Stone veneer ends exactly where the camera does.","19.04","9.6","17.92","2704","272","156","models/vlt-seven-gables-mcmansion-09.gltf"
"vlt-seven-gables-mcmansion-10","seven-gables-mcmansion","neighborhood","Seven Gables McMansion · B5-1","B5-1","Stone veneer ends exactly where the camera does.","20.4","9.6","19.2","2704","272","156","models/vlt-seven-gables-mcmansion-10.gltf"
"vlt-seven-gables-mcmansion-11","seven-gables-mcmansion","neighborhood","Seven Gables McMansion · C1-1","C1-1","Stone veneer ends exactly where the camera does.","14.96","9.6","15.8","2812","284","156","models/vlt-seven-gables-mcmansion-11.gltf"
"vlt-seven-gables-mcmansion-12","seven-gables-mcmansion","neighborhood","Seven Gables McMansion · C2-1","C2-1","Stone veneer ends exactly where the camera does.","16.32","9.6","16.44","2812","284","156","models/vlt-seven-gables-mcmansion-12.gltf"
"vlt-seven-gables-mcmansion-13","seven-gables-mcmansion","neighborhood","Seven Gables McMansion · C3-1","C3-1","Stone veneer ends exactly where the camera does.","17.68","9.6","17.08","2812","284","156","models/vlt-seven-gables-mcmansion-13.gltf"
"vlt-seven-gables-mcmansion-14","seven-gables-mcmansion","neighborhood","Seven Gables McMansion · C4-1","C4-1","Stone veneer ends exactly where the camera does.","19.04","9.6","17.92","2812","284","156","models/vlt-seven-gables-mcmansion-14.gltf"
"vlt-seven-gables-mcmansion-15","seven-gables-mcmansion","neighborhood","Seven Gables McMansion · C5-1","C5-1","Stone veneer ends exactly where the camera does.","20.4","9.6","19.2","2812","284","156","models/vlt-seven-gables-mcmansion-15.gltf"
"vlt-seven-gables-mcmansion-16","seven-gables-mcmansion","neighborhood","Seven Gables McMansion · D1-1","D1-1","Stone veneer ends exactly where the camera does.","14.96","9.6","16.3","2920","296","156","models/vlt-seven-gables-mcmansion-16.gltf"
"vlt-seven-gables-mcmansion-17","seven-gables-mcmansion","neighborhood","Seven Gables McMansion · D2-1","D2-1","Stone veneer ends exactly where the camera does.","16.32","9.6","16.94","2920","296","156","models/vlt-seven-gables-mcmansion-17.gltf"
"vlt-seven-gables-mcmansion-18","seven-gables-mcmansion","neighborhood","Seven Gables McMansion · D3-1","D3-1","Stone veneer ends exactly where the camera does.","17.68","9.6","17.58","2920","296","156","models/vlt-seven-gables-mcmansion-18.gltf"
"vlt-seven-gables-mcmansion-19","seven-gables-mcmansion","neighborhood","Seven Gables McMansion · D4-1","D4-1","Stone veneer ends exactly where the camera does.","19.04","9.6","18.22","2920","296","156","models/vlt-seven-gables-mcmansion-19.gltf"
"vlt-seven-gables-mcmansion-20","seven-gables-mcmansion","neighborhood","Seven Gables McMansion · D5-1","D5-1","Stone veneer ends exactly where the camera does.","20.4","9.6","19.2","2920","296","156","models/vlt-seven-gables-mcmansion-20.gltf"
"vlt-seven-gables-mcmansion-21","seven-gables-mcmansion","neighborhood","Seven Gables McMansion · A1-2","A1-2","Stone veneer ends exactly where the camera does.","14.96","9.6","14.8","2704","272","168","models/vlt-seven-gables-mcmansion-21.gltf"
"vlt-seven-gables-mcmansion-22","seven-gables-mcmansion","neighborhood","Seven Gables McMansion · A2-2","A2-2","Stone veneer ends exactly where the camera does.","16.32","9.6","15.44","2704","272","168","models/vlt-seven-gables-mcmansion-22.gltf"
"vlt-seven-gables-mcmansion-23","seven-gables-mcmansion","neighborhood","Seven Gables McMansion · A3-2","A3-2","Stone veneer ends exactly where the camera does.","17.68","9.6","16.64","2704","272","168","models/vlt-seven-gables-mcmansion-23.gltf"
"vlt-seven-gables-mcmansion-24","seven-gables-mcmansion","neighborhood","Seven Gables McMansion · A4-2","A4-2","Stone veneer ends exactly where the camera does.","19.04","9.6","17.92","2704","272","168","models/vlt-seven-gables-mcmansion-24.gltf"
"vlt-seven-gables-mcmansion-25","seven-gables-mcmansion","neighborhood","Seven Gables McMansion · A5-2","A5-2","Stone veneer ends exactly where the camera does.","20.4","9.6","19.2","2704","272","168","models/vlt-seven-gables-mcmansion-25.gltf"
"vlt-seven-gables-mcmansion-26","seven-gables-mcmansion","neighborhood","Seven Gables McMansion · B1-2","B1-2","Stone veneer ends exactly where the camera does.","14.96","9.6","15.3","2812","284","168","models/vlt-seven-gables-mcmansion-26.gltf"
"vlt-seven-gables-mcmansion-27","seven-gables-mcmansion","neighborhood","Seven Gables McMansion · B2-2","B2-2","Stone veneer ends exactly where the camera does.","16.32","9.6","15.94","2812","284","168","models/vlt-seven-gables-mcmansion-27.gltf"
"vlt-seven-gables-mcmansion-28","seven-gables-mcmansion","neighborhood","Seven Gables McMansion · B3-2","B3-2","Stone veneer ends exactly where the camera does.","17.68","9.6","16.64","2812","284","168","models/vlt-seven-gables-mcmansion-28.gltf"
"vlt-seven-gables-mcmansion-29","seven-gables-mcmansion","neighborhood","Seven Gables McMansion · B4-2","B4-2","Stone veneer ends exactly where the camera does.","19.04","9.6","17.92","2812","284","168","models/vlt-seven-gables-mcmansion-29.gltf"
"vlt-seven-gables-mcmansion-30","seven-gables-mcmansion","neighborhood","Seven Gables McMansion · B5-2","B5-2","Stone veneer ends exactly where the camera does.","20.4","9.6","19.2","2812","284","168","models/vlt-seven-gables-mcmansion-30.gltf"
"vlt-seven-gables-mcmansion-31","seven-gables-mcmansion","neighborhood","Seven Gables McMansion · C1-2","C1-2","Stone veneer ends exactly where the camera does.","14.96","9.6","15.8","2920","296","168","models/vlt-seven-gables-mcmansion-31.gltf"
"vlt-seven-gables-mcmansion-32","seven-gables-mcmansion","neighborhood","Seven Gables McMansion · C2-2","C2-2","Stone veneer ends exactly where the camera does.","16.32","9.6","16.44","2920","296","168","models/vlt-seven-gables-mcmansion-32.gltf"
"vlt-seven-gables-mcmansion-33","seven-gables-mcmansion","neighborhood","Seven Gables McMansion · C3-2","C3-2","Stone veneer ends exactly where the camera does.","17.68","9.6","17.08","2920","296","168","models/vlt-seven-gables-mcmansion-33.gltf"
"vlt-seven-gables-mcmansion-34","seven-gables-mcmansion","neighborhood","Seven Gables McMansion · C4-2","C4-2","Stone veneer ends exactly where the camera does.","19.04","9.6","17.92","2920","296","168","models/vlt-seven-gables-mcmansion-34.gltf"
"vlt-seven-gables-mcmansion-35","seven-gables-mcmansion","neighborhood","Seven Gables McMansion · C5-2","C5-2","Stone veneer ends exactly where the camera does.","20.4","9.6","19.2","2920","296","168","models/vlt-seven-gables-mcmansion-35.gltf"
"vlt-seven-gables-mcmansion-36","seven-gables-mcmansion","neighborhood","Seven Gables McMansion · D1-2","D1-2","Stone veneer ends exactly where the camera does.","14.96","9.6","16.3","3028","308","168","models/vlt-seven-gables-mcmansion-36.gltf"
"vlt-seven-gables-mcmansion-37","seven-gables-mcmansion","neighborhood","Seven Gables McMansion · D2-2","D2-2","Stone veneer ends exactly where the camera does.","16.32","9.6","16.94","3028","308","168","models/vlt-seven-gables-mcmansion-37.gltf"
"vlt-seven-gables-mcmansion-38","seven-gables-mcmansion","neighborhood","Seven Gables McMansion · D3-2","D3-2","Stone veneer ends exactly where the camera does.","17.68","9.6","17.58","3028","308","168","models/vlt-seven-gables-mcmansion-38.gltf"
"vlt-seven-gables-mcmansion-39","seven-gables-mcmansion","neighborhood","Seven Gables McMansion · D4-2","D4-2","Stone veneer ends exactly where the camera does.","19.04","9.6","18.22","3028","308","168","models/vlt-seven-gables-mcmansion-39.gltf"
"vlt-seven-gables-mcmansion-40","seven-gables-mcmansion","neighborhood","Seven Gables McMansion · D5-2","D5-2","Stone veneer ends exactly where the camera does.","20.4","9.6","19.2","3028","308","168","models/vlt-seven-gables-mcmansion-40.gltf"
"vlt-sewage-outfall-01","sewage-outfall","infrastructure","Outfall Opportunity · A1-1","A1-1","What leaves the county becomes regional cooperation.","6.7082","3.7","9.1","1130","314","202","models/vlt-sewage-outfall-01.gltf"
"vlt-sewage-outfall-02","sewage-outfall","infrastructure","Outfall Opportunity · A2-1","A2-1","What leaves the county becomes regional cooperation.","8.2586","3.7","9.1","1194","338","202","models/vlt-sewage-outfall-02.gltf"
"vlt-sewage-outfall-03","sewage-outfall","infrastructure","Outfall Opportunity · A3-1","A3-1","What leaves the county becomes regional cooperation.","9.9722","3.7","9.1","1770","578","202","models/vlt-sewage-outfall-03.gltf"
"vlt-sewage-outfall-04","sewage-outfall","infrastructure","Outfall Opportunity · A4-1","A4-1","What leaves the county becomes regional cooperation.","11.849","3.7","9.1","1834","602","202","models/vlt-sewage-outfall-04.gltf"
"vlt-sewage-outfall-05","sewage-outfall","infrastructure","Outfall Opportunity · A5-1","A5-1","What leaves the county becomes regional cooperation.","13.889","3.7","9.1","2410","842","202","models/vlt-sewage-outfall-05.gltf"
"vlt-sewage-outfall-06","sewage-outfall","infrastructure","Outfall Opportunity · B1-1","B1-1","What leaves the county becomes regional cooperation.","6.7682","3.7","10.4","1130","314","202","models/vlt-sewage-outfall-06.gltf"
"vlt-sewage-outfall-07","sewage-outfall","infrastructure","Outfall Opportunity · B2-1","B2-1","What leaves the county becomes regional cooperation.","8.3186","3.7","10.4","1194","338","202","models/vlt-sewage-outfall-07.gltf"
"vlt-sewage-outfall-08","sewage-outfall","infrastructure","Outfall Opportunity · B3-1","B3-1","What leaves the county becomes regional cooperation.","10.0322","3.7","10.4","1770","578","202","models/vlt-sewage-outfall-08.gltf"
"vlt-sewage-outfall-09","sewage-outfall","infrastructure","Outfall Opportunity · B4-1","B4-1","What leaves the county becomes regional cooperation.","11.909","3.7","10.4","1834","602","202","models/vlt-sewage-outfall-09.gltf"
"vlt-sewage-outfall-10","sewage-outfall","infrastructure","Outfall Opportunity · B5-1","B5-1","What leaves the county becomes regional cooperation.","13.949","3.7","10.4","2410","842","202","models/vlt-sewage-outfall-10.gltf"
"vlt-sewage-outfall-11","sewage-outfall","infrastructure","Outfall Opportunity · C1-1","C1-1","What leaves the county becomes regional cooperation.","6.8282","3.7","11.7","1642","530","202","models/vlt-sewage-outfall-11.gltf"
"vlt-sewage-outfall-12","sewage-outfall","infrastructure","Outfall Opportunity · C2-1","C2-1","What leaves the county becomes regional cooperation.","8.3786","3.7","11.7","1706","554","202","models/vlt-sewage-outfall-12.gltf"
"vlt-sewage-outfall-13","sewage-outfall","infrastructure","Outfall Opportunity · C3-1","C3-1","What leaves the county becomes regional cooperation.","10.0922","3.7","11.7","2282","794","202","models/vlt-sewage-outfall-13.gltf"
"vlt-sewage-outfall-14","sewage-outfall","infrastructure","Outfall Opportunity · C4-1","C4-1","What leaves the county becomes regional cooperation.","11.969","3.7","11.7","2346","818","202","models/vlt-sewage-outfall-14.gltf"
"vlt-sewage-outfall-15","sewage-outfall","infrastructure","Outfall Opportunity · C5-1","C5-1","What leaves the county becomes regional cooperation.","14.009","3.7","11.7","2922","1058","202","models/vlt-sewage-outfall-15.gltf"
"vlt-sewage-outfall-16","sewage-outfall","infrastructure","Outfall Opportunity · D1-1","D1-1","What leaves the county becomes regional cooperation.","6.8882","3.7","13","1642","530","202","models/vlt-sewage-outfall-16.gltf"
"vlt-sewage-outfall-17","sewage-outfall","infrastructure","Outfall Opportunity · D2-1","D2-1","What leaves the county becomes regional cooperation.","8.4386","3.7","13","1706","554","202","models/vlt-sewage-outfall-17.gltf"
"vlt-sewage-outfall-18","sewage-outfall","infrastructure","Outfall Opportunity · D3-1","D3-1","What leaves the county becomes regional cooperation.","10.1522","3.7","13","2282","794","202","models/vlt-sewage-outfall-18.gltf"
"vlt-sewage-outfall-19","sewage-outfall","infrastructure","Outfall Opportunity · D4-1","D4-1","What leaves the county becomes regional cooperation.","12.029","3.7","13","2346","818","202","models/vlt-sewage-outfall-19.gltf"
"vlt-sewage-outfall-20","sewage-outfall","infrastructure","Outfall Opportunity · D5-1","D5-1","What leaves the county becomes regional cooperation.","14.069","3.7","13","2922","1058","202","models/vlt-sewage-outfall-20.gltf"
"vlt-sewage-outfall-21","sewage-outfall","infrastructure","Outfall Opportunity · A1-2","A1-2","What leaves the county becomes regional cooperation.","6.7082","3.7","9.1","1346","338","214","models/vlt-sewage-outfall-21.gltf"
"vlt-sewage-outfall-22","sewage-outfall","infrastructure","Outfall Opportunity · A2-2","A2-2","What leaves the county becomes regional cooperation.","8.2586","3.7","9.1","1410","362","214","models/vlt-sewage-outfall-22.gltf"
"vlt-sewage-outfall-23","sewage-outfall","infrastructure","Outfall Opportunity · A3-2","A3-2","What leaves the county becomes regional cooperation.","9.9722","3.7","9.1","1986","602","214","models/vlt-sewage-outfall-23.gltf"
"vlt-sewage-outfall-24","sewage-outfall","infrastructure","Outfall Opportunity · A4-2","A4-2","What leaves the county becomes regional cooperation.","11.849","3.7","9.1","2050","626","214","models/vlt-sewage-outfall-24.gltf"
"vlt-sewage-outfall-25","sewage-outfall","infrastructure","Outfall Opportunity · A5-2","A5-2","What leaves the county becomes regional cooperation.","13.889","3.7","9.1","2626","866","214","models/vlt-sewage-outfall-25.gltf"
"vlt-sewage-outfall-26","sewage-outfall","infrastructure","Outfall Opportunity · B1-2","B1-2","What leaves the county becomes regional cooperation.","6.7682","3.7","10.4","1346","338","214","models/vlt-sewage-outfall-26.gltf"
"vlt-sewage-outfall-27","sewage-outfall","infrastructure","Outfall Opportunity · B2-2","B2-2","What leaves the county becomes regional cooperation.","8.3186","3.7","10.4","1410","362","214","models/vlt-sewage-outfall-27.gltf"
"vlt-sewage-outfall-28","sewage-outfall","infrastructure","Outfall Opportunity · B3-2","B3-2","What leaves the county becomes regional cooperation.","10.0322","3.7","10.4","1986","602","214","models/vlt-sewage-outfall-28.gltf"
"vlt-sewage-outfall-29","sewage-outfall","infrastructure","Outfall Opportunity · B4-2","B4-2","What leaves the county becomes regional cooperation.","11.909","3.7","10.4","2050","626","214","models/vlt-sewage-outfall-29.gltf"
"vlt-sewage-outfall-30","sewage-outfall","infrastructure","Outfall Opportunity · B5-2","B5-2","What leaves the county becomes regional cooperation.","13.949","3.7","10.4","2626","866","214","models/vlt-sewage-outfall-30.gltf"
"vlt-sewage-outfall-31","sewage-outfall","infrastructure","Outfall Opportunity · C1-2","C1-2","What leaves the county becomes regional cooperation.","6.8282","3.7","11.7","1858","554","214","models/vlt-sewage-outfall-31.gltf"
"vlt-sewage-outfall-32","sewage-outfall","infrastructure","Outfall Opportunity · C2-2","C2-2","What leaves the county becomes regional cooperation.","8.3786","3.7","11.7","1922","578","214","models/vlt-sewage-outfall-32.gltf"
"vlt-sewage-outfall-33","sewage-outfall","infrastructure","Outfall Opportunity · C3-2","C3-2","What leaves the county becomes regional cooperation.","10.0922","3.7","11.7","2498","818","214","models/vlt-sewage-outfall-33.gltf"
"vlt-sewage-outfall-34","sewage-outfall","infrastructure","Outfall Opportunity · C4-2","C4-2","What leaves the county becomes regional cooperation.","11.969","3.7","11.7","2562","842","214","models/vlt-sewage-outfall-34.gltf"
"vlt-sewage-outfall-35","sewage-outfall","infrastructure","Outfall Opportunity · C5-2","C5-2","What leaves the county becomes regional cooperation.","14.009","3.7","11.7","3138","1082","214","models/vlt-sewage-outfall-35.gltf"
"vlt-sewage-outfall-36","sewage-outfall","infrastructure","Outfall Opportunity · D1-2","D1-2","What leaves the county becomes regional cooperation.","6.8882","3.7","13","1858","554","214","models/vlt-sewage-outfall-36.gltf"
"vlt-sewage-outfall-37","sewage-outfall","infrastructure","Outfall Opportunity · D2-2","D2-2","What leaves the county becomes regional cooperation.","8.4386","3.7","13","1922","578","214","models/vlt-sewage-outfall-37.gltf"
"vlt-sewage-outfall-38","sewage-outfall","infrastructure","Outfall Opportunity · D3-2","D3-2","What leaves the county becomes regional cooperation.","10.1522","3.7","13","2498","818","214","models/vlt-sewage-outfall-38.gltf"
"vlt-sewage-outfall-39","sewage-outfall","infrastructure","Outfall Opportunity · D4-2","D4-2","What leaves the county becomes regional cooperation.","12.029","3.7","13","2562","842","214","models/vlt-sewage-outfall-39.gltf"
"vlt-sewage-outfall-40","sewage-outfall","infrastructure","Outfall Opportunity · D5-2","D5-2","What leaves the county becomes regional cooperation.","14.069","3.7","13","3138","1082","214","models/vlt-sewage-outfall-40.gltf"
"vlt-sheriff-substation-01","sheriff-substation","infrastructure","Sheriff Substation · A1-1","A1-1","Local control arrives through a locked gate.","12.476","8.336","6.93","1778","386","170","models/vlt-sheriff-substation-01.gltf"
"vlt-sheriff-substation-02","sheriff-substation","infrastructure","Sheriff Substation · A2-1","A2-1","Local control arrives through a locked gate.","13.392","8.49","7.49","1950","422","170","models/vlt-sheriff-substation-02.gltf"
"vlt-sheriff-substation-03","sheriff-substation","infrastructure","Sheriff Substation · A3-1","A3-1","Local control arrives through a locked gate.","14.308","8.644","8.05","2122","458","170","models/vlt-sheriff-substation-03.gltf"
"vlt-sheriff-substation-04","sheriff-substation","infrastructure","Sheriff Substation · A4-1","A4-1","Local control arrives through a locked gate.","15.224","8.798","8.6168","2186","482","170","models/vlt-sheriff-substation-04.gltf"
"vlt-sheriff-substation-05","sheriff-substation","infrastructure","Sheriff Substation · A5-1","A5-1","Local control arrives through a locked gate.","16.14","8.952","9.188","2358","518","170","models/vlt-sheriff-substation-05.gltf"
"vlt-sheriff-substation-06","sheriff-substation","infrastructure","Sheriff Substation · B1-1","B1-1","Local control arrives through a locked gate.","12.476","8.986","7.02","1778","386","170","models/vlt-sheriff-substation-06.gltf"
"vlt-sheriff-substation-07","sheriff-substation","infrastructure","Sheriff Substation · B2-1","B2-1","Local control arrives through a locked gate.","13.392","9.14","7.58","1842","410","170","models/vlt-sheriff-substation-07.gltf"
"vlt-sheriff-substation-08","sheriff-substation","infrastructure","Sheriff Substation · B3-1","B3-1","Local control arrives through a locked gate.","14.308","9.294","8.14","2014","446","170","models/vlt-sheriff-substation-08.gltf"
"vlt-sheriff-substation-09","sheriff-substation","infrastructure","Sheriff Substation · B4-1","B4-1","Local control arrives through a locked gate.","15.224","9.448","8.7068","2186","482","170","models/vlt-sheriff-substation-09.gltf"
"vlt-sheriff-substation-10","sheriff-substation","infrastructure","Sheriff Substation · B5-1","B5-1","Local control arrives through a locked gate.","16.14","9.602","9.278","2358","518","170","models/vlt-sheriff-substation-10.gltf"
"vlt-sheriff-substation-11","sheriff-substation","infrastructure","Sheriff Substation · C1-1","C1-1","Local control arrives through a locked gate.","12.476","9.986","7.11","1778","386","170","models/vlt-sheriff-substation-11.gltf"
"vlt-sheriff-substation-12","sheriff-substation","infrastructure","Sheriff Substation · C2-1","C2-1","Local control arrives through a locked gate.","13.392","10.14","7.67","1842","410","170","models/vlt-sheriff-substation-12.gltf"
"vlt-sheriff-substation-13","sheriff-substation","infrastructure","Sheriff Substation · C3-1","C3-1","Local control arrives through a locked gate.","14.308","10.294","8.23","2014","446","170","models/vlt-sheriff-substation-13.gltf"
"vlt-sheriff-substation-14","sheriff-substation","infrastructure","Sheriff Substation · C4-1","C4-1","Local control arrives through a locked gate.","15.224","10.448","8.7968","2186","482","170","models/vlt-sheriff-substation-14.gltf"
"vlt-sheriff-substation-15","sheriff-substation","infrastructure","Sheriff Substation · C5-1","C5-1","Local control arrives through a locked gate.","16.14","10.602","9.368","2358","518","170","models/vlt-sheriff-substation-15.gltf"
"vlt-sheriff-substation-16","sheriff-substation","infrastructure","Sheriff Substation · D1-1","D1-1","Local control arrives through a locked gate.","12.476","10.986","7.2","1778","386","170","models/vlt-sheriff-substation-16.gltf"
"vlt-sheriff-substation-17","sheriff-substation","infrastructure","Sheriff Substation · D2-1","D2-1","Local control arrives through a locked gate.","13.392","11.14","7.76","1950","422","170","models/vlt-sheriff-substation-17.gltf"
"vlt-sheriff-substation-18","sheriff-substation","infrastructure","Sheriff Substation · D3-1","D3-1","Local control arrives through a locked gate.","14.308","11.294","8.32","2122","458","170","models/vlt-sheriff-substation-18.gltf"
"vlt-sheriff-substation-19","sheriff-substation","infrastructure","Sheriff Substation · D4-1","D4-1","Local control arrives through a locked gate.","15.224","11.448","8.8868","2186","482","170","models/vlt-sheriff-substation-19.gltf"
"vlt-sheriff-substation-20","sheriff-substation","infrastructure","Sheriff Substation · D5-1","D5-1","Local control arrives through a locked gate.","16.14","11.602","9.458","2358","518","170","models/vlt-sheriff-substation-20.gltf"
"vlt-sheriff-substation-21","sheriff-substation","infrastructure","Sheriff Substation · A1-2","A1-2","Local control arrives through a locked gate.","12.476","8.336","6.93","1994","410","182","models/vlt-sheriff-substation-21.gltf"
"vlt-sheriff-substation-22","sheriff-substation","infrastructure","Sheriff Substation · A2-2","A2-2","Local control arrives through a locked gate.","13.392","8.49","7.49","2166","446","182","models/vlt-sheriff-substation-22.gltf"
"vlt-sheriff-substation-23","sheriff-substation","infrastructure","Sheriff Substation · A3-2","A3-2","Local control arrives through a locked gate.","14.308","8.644","8.05","2338","482","182","models/vlt-sheriff-substation-23.gltf"
"vlt-sheriff-substation-24","sheriff-substation","infrastructure","Sheriff Substation · A4-2","A4-2","Local control arrives through a locked gate.","15.224","8.798","8.6168","2402","506","182","models/vlt-sheriff-substation-24.gltf"
"vlt-sheriff-substation-25","sheriff-substation","infrastructure","Sheriff Substation · A5-2","A5-2","Local control arrives through a locked gate.","16.14","8.952","9.188","2574","542","182","models/vlt-sheriff-substation-25.gltf"
"vlt-sheriff-substation-26","sheriff-substation","infrastructure","Sheriff Substation · B1-2","B1-2","Local control arrives through a locked gate.","12.476","8.986","7.02","1994","410","182","models/vlt-sheriff-substation-26.gltf"
"vlt-sheriff-substation-27","sheriff-substation","infrastructure","Sheriff Substation · B2-2","B2-2","Local control arrives through a locked gate.","13.392","9.14","7.58","2058","434","182","models/vlt-sheriff-substation-27.gltf"
"vlt-sheriff-substation-28","sheriff-substation","infrastructure","Sheriff Substation · B3-2","B3-2","Local control arrives through a locked gate.","14.308","9.294","8.14","2230","470","182","models/vlt-sheriff-substation-28.gltf"
"vlt-sheriff-substation-29","sheriff-substation","infrastructure","Sheriff Substation · B4-2","B4-2","Local control arrives through a locked gate.","15.224","9.448","8.7068","2402","506","182","models/vlt-sheriff-substation-29.gltf"
"vlt-sheriff-substation-30","sheriff-substation","infrastructure","Sheriff Substation · B5-2","B5-2","Local control arrives through a locked gate.","16.14","9.602","9.278","2574","542","182","models/vlt-sheriff-substation-30.gltf"
"vlt-sheriff-substation-31","sheriff-substation","infrastructure","Sheriff Substation · C1-2","C1-2","Local control arrives through a locked gate.","12.476","9.986","7.11","1994","410","182","models/vlt-sheriff-substation-31.gltf"
"vlt-sheriff-substation-32","sheriff-substation","infrastructure","Sheriff Substation · C2-2","C2-2","Local control arrives through a locked gate.","13.392","10.14","7.67","2058","434","182","models/vlt-sheriff-substation-32.gltf"
"vlt-sheriff-substation-33","sheriff-substation","infrastructure","Sheriff Substation · C3-2","C3-2","Local control arrives through a locked gate.","14.308","10.294","8.23","2230","470","182","models/vlt-sheriff-substation-33.gltf"
"vlt-sheriff-substation-34","sheriff-substation","infrastructure","Sheriff Substation · C4-2","C4-2","Local control arrives through a locked gate.","15.224","10.448","8.7968","2402","506","182","models/vlt-sheriff-substation-34.gltf"
"vlt-sheriff-substation-35","sheriff-substation","infrastructure","Sheriff Substation · C5-2","C5-2","Local control arrives through a locked gate.","16.14","10.602","9.368","2574","542","182","models/vlt-sheriff-substation-35.gltf"
"vlt-sheriff-substation-36","sheriff-substation","infrastructure","Sheriff Substation · D1-2","D1-2","Local control arrives through a locked gate.","12.476","10.986","7.2","1994","410","182","models/vlt-sheriff-substation-36.gltf"
"vlt-sheriff-substation-37","sheriff-substation","infrastructure","Sheriff Substation · D2-2","D2-2","Local control arrives through a locked gate.","13.392","11.14","7.76","2166","446","182","models/vlt-sheriff-substation-37.gltf"
"vlt-sheriff-substation-38","sheriff-substation","infrastructure","Sheriff Substation · D3-2","D3-2","Local control arrives through a locked gate.","14.308","11.294","8.32","2338","482","182","models/vlt-sheriff-substation-38.gltf"
"vlt-sheriff-substation-39","sheriff-substation","infrastructure","Sheriff Substation · D4-2","D4-2","Local control arrives through a locked gate.","15.224","11.448","8.8868","2402","506","182","models/vlt-sheriff-substation-39.gltf"
"vlt-sheriff-substation-40","sheriff-substation","infrastructure","Sheriff Substation · D5-2","D5-2","Local control arrives through a locked gate.","16.14","11.602","9.458","2574","542","182","models/vlt-sheriff-substation-40.gltf"
"vlt-sidewalk-to-nowhere-01","sidewalk-to-nowhere","neighborhood","Sidewalk to Nowhere · A1-1","A1-1","Pedestrian infrastructure successfully completes half a thought.","15.84","1.7","11.3","1960","456","96","models/vlt-sidewalk-to-nowhere-01.gltf"
"vlt-sidewalk-to-nowhere-02","sidewalk-to-nowhere","neighborhood","Sidewalk to Nowhere · A2-1","A2-1","Pedestrian infrastructure successfully completes half a thought.","17.28","1.7","12.5","2068","468","96","models/vlt-sidewalk-to-nowhere-02.gltf"
"vlt-sidewalk-to-nowhere-03","sidewalk-to-nowhere","neighborhood","Sidewalk to Nowhere · A3-1","A3-1","Pedestrian infrastructure successfully completes half a thought.","18.72","1.7","14.1","2176","480","96","models/vlt-sidewalk-to-nowhere-03.gltf"
"vlt-sidewalk-to-nowhere-04","sidewalk-to-nowhere","neighborhood","Sidewalk to Nowhere · A4-1","A4-1","Pedestrian infrastructure successfully completes half a thought.","20.16","1.7","15.7","2284","492","96","models/vlt-sidewalk-to-nowhere-04.gltf"
"vlt-sidewalk-to-nowhere-05","sidewalk-to-nowhere","neighborhood","Sidewalk to Nowhere · A5-1","A5-1","Pedestrian infrastructure successfully completes half a thought.","21.6","1.7","17.3","2392","504","96","models/vlt-sidewalk-to-nowhere-05.gltf"
"vlt-sidewalk-to-nowhere-06","sidewalk-to-nowhere","neighborhood","Sidewalk to Nowhere · B1-1","B1-1","Pedestrian infrastructure successfully completes half a thought.","15.84","1.7","11.74","2400","624","96","models/vlt-sidewalk-to-nowhere-06.gltf"
"vlt-sidewalk-to-nowhere-07","sidewalk-to-nowhere","neighborhood","Sidewalk to Nowhere · B2-1","B2-1","Pedestrian infrastructure successfully completes half a thought.","17.28","1.7","12.98","2508","636","96","models/vlt-sidewalk-to-nowhere-07.gltf"
"vlt-sidewalk-to-nowhere-08","sidewalk-to-nowhere","neighborhood","Sidewalk to Nowhere · B3-1","B3-1","Pedestrian infrastructure successfully completes half a thought.","18.72","1.7","14.22","2616","648","96","models/vlt-sidewalk-to-nowhere-08.gltf"
"vlt-sidewalk-to-nowhere-09","sidewalk-to-nowhere","neighborhood","Sidewalk to Nowhere · B4-1","B4-1","Pedestrian infrastructure successfully completes half a thought.","20.16","1.7","15.7","2724","660","96","models/vlt-sidewalk-to-nowhere-09.gltf"
"vlt-sidewalk-to-nowhere-10","sidewalk-to-nowhere","neighborhood","Sidewalk to Nowhere · B5-1","B5-1","Pedestrian infrastructure successfully completes half a thought.","21.6","1.7","17.3","2832","672","96","models/vlt-sidewalk-to-nowhere-10.gltf"
"vlt-sidewalk-to-nowhere-11","sidewalk-to-nowhere","neighborhood","Sidewalk to Nowhere · C1-1","C1-1","Pedestrian infrastructure successfully completes half a thought.","15.84","1.7","12.18","2840","792","96","models/vlt-sidewalk-to-nowhere-11.gltf"
"vlt-sidewalk-to-nowhere-12","sidewalk-to-nowhere","neighborhood","Sidewalk to Nowhere · C2-1","C2-1","Pedestrian infrastructure successfully completes half a thought.","17.28","1.7","13.46","2948","804","96","models/vlt-sidewalk-to-nowhere-12.gltf"
"vlt-sidewalk-to-nowhere-13","sidewalk-to-nowhere","neighborhood","Sidewalk to Nowhere · C3-1","C3-1","Pedestrian infrastructure successfully completes half a thought.","18.72","1.7","14.74","3056","816","96","models/vlt-sidewalk-to-nowhere-13.gltf"
"vlt-sidewalk-to-nowhere-14","sidewalk-to-nowhere","neighborhood","Sidewalk to Nowhere · C4-1","C4-1","Pedestrian infrastructure successfully completes half a thought.","20.16","1.7","16.02","3164","828","96","models/vlt-sidewalk-to-nowhere-14.gltf"
"vlt-sidewalk-to-nowhere-15","sidewalk-to-nowhere","neighborhood","Sidewalk to Nowhere · C5-1","C5-1","Pedestrian infrastructure successfully completes half a thought.","21.6","1.7","17.3","3272","840","96","models/vlt-sidewalk-to-nowhere-15.gltf"
"vlt-sidewalk-to-nowhere-16","sidewalk-to-nowhere","neighborhood","Sidewalk to Nowhere · D1-1","D1-1","Pedestrian infrastructure successfully completes half a thought.","15.84","1.7","12.62","3280","960","96","models/vlt-sidewalk-to-nowhere-16.gltf"
"vlt-sidewalk-to-nowhere-17","sidewalk-to-nowhere","neighborhood","Sidewalk to Nowhere · D2-1","D2-1","Pedestrian infrastructure successfully completes half a thought.","17.28","1.7","13.94","3388","972","96","models/vlt-sidewalk-to-nowhere-17.gltf"
"vlt-sidewalk-to-nowhere-18","sidewalk-to-nowhere","neighborhood","Sidewalk to Nowhere · D3-1","D3-1","Pedestrian infrastructure successfully completes half a thought.","18.72","1.7","15.26","3496","984","96","models/vlt-sidewalk-to-nowhere-18.gltf"
"vlt-sidewalk-to-nowhere-19","sidewalk-to-nowhere","neighborhood","Sidewalk to Nowhere · D4-1","D4-1","Pedestrian infrastructure successfully completes half a thought.","20.16","1.7","16.58","3604","996","96","models/vlt-sidewalk-to-nowhere-19.gltf"
"vlt-sidewalk-to-nowhere-20","sidewalk-to-nowhere","neighborhood","Sidewalk to Nowhere · D5-1","D5-1","Pedestrian infrastructure successfully completes half a thought.","21.6","1.7","17.9","3712","1008","96","models/vlt-sidewalk-to-nowhere-20.gltf"
"vlt-sidewalk-to-nowhere-21","sidewalk-to-nowhere","neighborhood","Sidewalk to Nowhere · A1-2","A1-2","Pedestrian infrastructure successfully completes half a thought.","15.84","2.6","11.3","2068","468","96","models/vlt-sidewalk-to-nowhere-21.gltf"
"vlt-sidewalk-to-nowhere-22","sidewalk-to-nowhere","neighborhood","Sidewalk to Nowhere · A2-2","A2-2","Pedestrian infrastructure successfully completes half a thought.","17.28","2.6","12.5","2176","480","96","models/vlt-sidewalk-to-nowhere-22.gltf"
"vlt-sidewalk-to-nowhere-23","sidewalk-to-nowhere","neighborhood","Sidewalk to Nowhere · A3-2","A3-2","Pedestrian infrastructure successfully completes half a thought.","18.72","2.6","14.1","2284","492","96","models/vlt-sidewalk-to-nowhere-23.gltf"
"vlt-sidewalk-to-nowhere-24","sidewalk-to-nowhere","neighborhood","Sidewalk to Nowhere · A4-2","A4-2","Pedestrian infrastructure successfully completes half a thought.","20.16","2.6","15.7","2392","504","96","models/vlt-sidewalk-to-nowhere-24.gltf"
"vlt-sidewalk-to-nowhere-25","sidewalk-to-nowhere","neighborhood","Sidewalk to Nowhere · A5-2","A5-2","Pedestrian infrastructure successfully completes half a thought.","21.6","2.6","17.3","2500","516","96","models/vlt-sidewalk-to-nowhere-25.gltf"
"vlt-sidewalk-to-nowhere-26","sidewalk-to-nowhere","neighborhood","Sidewalk to Nowhere · B1-2","B1-2","Pedestrian infrastructure successfully completes half a thought.","15.84","2.6","11.74","2508","636","96","models/vlt-sidewalk-to-nowhere-26.gltf"
"vlt-sidewalk-to-nowhere-27","sidewalk-to-nowhere","neighborhood","Sidewalk to Nowhere · B2-2","B2-2","Pedestrian infrastructure successfully completes half a thought.","17.28","2.6","12.98","2616","648","96","models/vlt-sidewalk-to-nowhere-27.gltf"
"vlt-sidewalk-to-nowhere-28","sidewalk-to-nowhere","neighborhood","Sidewalk to Nowhere · B3-2","B3-2","Pedestrian infrastructure successfully completes half a thought.","18.72","2.6","14.22","2724","660","96","models/vlt-sidewalk-to-nowhere-28.gltf"
"vlt-sidewalk-to-nowhere-29","sidewalk-to-nowhere","neighborhood","Sidewalk to Nowhere · B4-2","B4-2","Pedestrian infrastructure successfully completes half a thought.","20.16","2.6","15.7","2832","672","96","models/vlt-sidewalk-to-nowhere-29.gltf"
"vlt-sidewalk-to-nowhere-30","sidewalk-to-nowhere","neighborhood","Sidewalk to Nowhere · B5-2","B5-2","Pedestrian infrastructure successfully completes half a thought.","21.6","2.6","17.3","2940","684","96","models/vlt-sidewalk-to-nowhere-30.gltf"
"vlt-sidewalk-to-nowhere-31","sidewalk-to-nowhere","neighborhood","Sidewalk to Nowhere · C1-2","C1-2","Pedestrian infrastructure successfully completes half a thought.","15.84","2.6","12.18","2948","804","96","models/vlt-sidewalk-to-nowhere-31.gltf"
"vlt-sidewalk-to-nowhere-32","sidewalk-to-nowhere","neighborhood","Sidewalk to Nowhere · C2-2","C2-2","Pedestrian infrastructure successfully completes half a thought.","17.28","2.6","13.46","3056","816","96","models/vlt-sidewalk-to-nowhere-32.gltf"
"vlt-sidewalk-to-nowhere-33","sidewalk-to-nowhere","neighborhood","Sidewalk to Nowhere · C3-2","C3-2","Pedestrian infrastructure successfully completes half a thought.","18.72","2.6","14.74","3164","828","96","models/vlt-sidewalk-to-nowhere-33.gltf"
"vlt-sidewalk-to-nowhere-34","sidewalk-to-nowhere","neighborhood","Sidewalk to Nowhere · C4-2","C4-2","Pedestrian infrastructure successfully completes half a thought.","20.16","2.6","16.02","3272","840","96","models/vlt-sidewalk-to-nowhere-34.gltf"
"vlt-sidewalk-to-nowhere-35","sidewalk-to-nowhere","neighborhood","Sidewalk to Nowhere · C5-2","C5-2","Pedestrian infrastructure successfully completes half a thought.","21.6","2.6","17.3","3380","852","96","models/vlt-sidewalk-to-nowhere-35.gltf"
"vlt-sidewalk-to-nowhere-36","sidewalk-to-nowhere","neighborhood","Sidewalk to Nowhere · D1-2","D1-2","Pedestrian infrastructure successfully completes half a thought.","15.84","2.6","12.62","3388","972","96","models/vlt-sidewalk-to-nowhere-36.gltf"
"vlt-sidewalk-to-nowhere-37","sidewalk-to-nowhere","neighborhood","Sidewalk to Nowhere · D2-2","D2-2","Pedestrian infrastructure successfully completes half a thought.","17.28","2.6","13.94","3496","984","96","models/vlt-sidewalk-to-nowhere-37.gltf"
"vlt-sidewalk-to-nowhere-38","sidewalk-to-nowhere","neighborhood","Sidewalk to Nowhere · D3-2","D3-2","Pedestrian infrastructure successfully completes half a thought.","18.72","2.6","15.26","3604","996","96","models/vlt-sidewalk-to-nowhere-38.gltf"
"vlt-sidewalk-to-nowhere-39","sidewalk-to-nowhere","neighborhood","Sidewalk to Nowhere · D4-2","D4-2","Pedestrian infrastructure successfully completes half a thought.","20.16","2.6","16.58","3712","1008","96","models/vlt-sidewalk-to-nowhere-39.gltf"
"vlt-sidewalk-to-nowhere-40","sidewalk-to-nowhere","neighborhood","Sidewalk to Nowhere · D5-2","D5-2","Pedestrian infrastructure successfully completes half a thought.","21.6","2.6","17.9","3820","1020","96","models/vlt-sidewalk-to-nowhere-40.gltf"
"vlt-single-wide-01","single-wide","neighborhood","Single-Wide Freedom Home · A1-1","A1-1","Affordable housing, accessorized one emergency repair at a time.","4.57248","4.026936","11.784","1128","144","72","models/vlt-single-wide-01.gltf"
"vlt-single-wide-02","single-wide","neighborhood","Single-Wide Freedom Home · A2-1","A2-1","Affordable housing, accessorized one emergency repair at a time.","5.31072","4.026936","13.14244","1236","156","84","models/vlt-single-wide-02.gltf"
"vlt-single-wide-03","single-wide","neighborhood","Single-Wide Freedom Home · A3-1","A3-1","Affordable housing, accessorized one emergency repair at a time.","6.10272","4.026936","14.62644","1344","168","96","models/vlt-single-wide-03.gltf"
"vlt-single-wide-04","single-wide","neighborhood","Single-Wide Freedom Home · A4-1","A4-1","Affordable housing, accessorized one emergency repair at a time.","6.94848","4.026936","16.70592","1452","180","108","models/vlt-single-wide-04.gltf"
"vlt-single-wide-05","single-wide","neighborhood","Single-Wide Freedom Home · A5-1","A5-1","Affordable housing, accessorized one emergency repair at a time.","7.848","4.026936","19.032","1452","180","108","models/vlt-single-wide-05.gltf"
"vlt-single-wide-06","single-wide","neighborhood","Single-Wide Freedom Home · B1-1","B1-1","Affordable housing, accessorized one emergency repair at a time.","4.57248","4.026936","11.784","1236","156","72","models/vlt-single-wide-06.gltf"
"vlt-single-wide-07","single-wide","neighborhood","Single-Wide Freedom Home · B2-1","B2-1","Affordable housing, accessorized one emergency repair at a time.","5.31072","4.026936","13.14244","1344","168","84","models/vlt-single-wide-07.gltf"
"vlt-single-wide-08","single-wide","neighborhood","Single-Wide Freedom Home · B3-1","B3-1","Affordable housing, accessorized one emergency repair at a time.","6.10272","4.026936","14.62644","1452","180","96","models/vlt-single-wide-08.gltf"
"vlt-single-wide-09","single-wide","neighborhood","Single-Wide Freedom Home · B4-1","B4-1","Affordable housing, accessorized one emergency repair at a time.","6.94848","4.026936","16.70592","1560","192","108","models/vlt-single-wide-09.gltf"
"vlt-single-wide-10","single-wide","neighborhood","Single-Wide Freedom Home · B5-1","B5-1","Affordable housing, accessorized one emergency repair at a time.","7.848","4.026936","19.032","1560","192","108","models/vlt-single-wide-10.gltf"
"vlt-single-wide-11","single-wide","neighborhood","Single-Wide Freedom Home · C1-1","C1-1","Affordable housing, accessorized one emergency repair at a time.","6.586717","4.026936","11.784","1452","180","72","models/vlt-single-wide-11.gltf"
"vlt-single-wide-12","single-wide","neighborhood","Single-Wide Freedom Home · C2-1","C2-1","Affordable housing, accessorized one emergency repair at a time.","6.955837","4.026936","13.14244","1560","192","84","models/vlt-single-wide-12.gltf"
"vlt-single-wide-13","single-wide","neighborhood","Single-Wide Freedom Home · C3-1","C3-1","Affordable housing, accessorized one emergency repair at a time.","7.351837","4.026936","14.62644","1668","204","96","models/vlt-single-wide-13.gltf"
"vlt-single-wide-14","single-wide","neighborhood","Single-Wide Freedom Home · C4-1","C4-1","Affordable housing, accessorized one emergency repair at a time.","7.774717","4.026936","16.70592","1776","216","108","models/vlt-single-wide-14.gltf"
"vlt-single-wide-15","single-wide","neighborhood","Single-Wide Freedom Home · C5-1","C5-1","Affordable housing, accessorized one emergency repair at a time.","8.224477","4.026936","19.032","1776","216","108","models/vlt-single-wide-15.gltf"
"vlt-single-wide-16","single-wide","neighborhood","Single-Wide Freedom Home · D1-1","D1-1","Affordable housing, accessorized one emergency repair at a time.","6.586717","4.026936","11.784","1560","192","72","models/vlt-single-wide-16.gltf"
"vlt-single-wide-17","single-wide","neighborhood","Single-Wide Freedom Home · D2-1","D2-1","Affordable housing, accessorized one emergency repair at a time.","6.955837","4.026936","13.14244","1668","204","84","models/vlt-single-wide-17.gltf"
"vlt-single-wide-18","single-wide","neighborhood","Single-Wide Freedom Home · D3-1","D3-1","Affordable housing, accessorized one emergency repair at a time.","7.351837","4.026936","14.62644","1776","216","96","models/vlt-single-wide-18.gltf"
"vlt-single-wide-19","single-wide","neighborhood","Single-Wide Freedom Home · D4-1","D4-1","Affordable housing, accessorized one emergency repair at a time.","7.774717","4.026936","16.70592","1884","228","108","models/vlt-single-wide-19.gltf"
"vlt-single-wide-20","single-wide","neighborhood","Single-Wide Freedom Home · D5-1","D5-1","Affordable housing, accessorized one emergency repair at a time.","8.224477","4.026936","19.032","1884","228","108","models/vlt-single-wide-20.gltf"
"vlt-single-wide-21","single-wide","neighborhood","Single-Wide Freedom Home · A1-2","A1-2","Affordable housing, accessorized one emergency repair at a time.","4.57248","4.026936","11.784","1236","156","72","models/vlt-single-wide-21.gltf"
"vlt-single-wide-22","single-wide","neighborhood","Single-Wide Freedom Home · A2-2","A2-2","Affordable housing, accessorized one emergency repair at a time.","5.31072","4.026936","13.14244","1344","168","84","models/vlt-single-wide-22.gltf"
"vlt-single-wide-23","single-wide","neighborhood","Single-Wide Freedom Home · A3-2","A3-2","Affordable housing, accessorized one emergency repair at a time.","6.10272","4.026936","14.62644","1452","180","96","models/vlt-single-wide-23.gltf"
"vlt-single-wide-24","single-wide","neighborhood","Single-Wide Freedom Home · A4-2","A4-2","Affordable housing, accessorized one emergency repair at a time.","6.94848","4.026936","16.70592","1560","192","108","models/vlt-single-wide-24.gltf"
"vlt-single-wide-25","single-wide","neighborhood","Single-Wide Freedom Home · A5-2","A5-2","Affordable housing, accessorized one emergency repair at a time.","7.848","4.026936","19.032","1560","192","108","models/vlt-single-wide-25.gltf"
"vlt-single-wide-26","single-wide","neighborhood","Single-Wide Freedom Home · B1-2","B1-2","Affordable housing, accessorized one emergency repair at a time.","4.57248","4.026936","11.784","1344","168","72","models/vlt-single-wide-26.gltf"
"vlt-single-wide-27","single-wide","neighborhood","Single-Wide Freedom Home · B2-2","B2-2","Affordable housing, accessorized one emergency repair at a time.","5.31072","4.026936","13.14244","1452","180","84","models/vlt-single-wide-27.gltf"
"vlt-single-wide-28","single-wide","neighborhood","Single-Wide Freedom Home · B3-2","B3-2","Affordable housing, accessorized one emergency repair at a time.","6.10272","4.026936","14.62644","1560","192","96","models/vlt-single-wide-28.gltf"
"vlt-single-wide-29","single-wide","neighborhood","Single-Wide Freedom Home · B4-2","B4-2","Affordable housing, accessorized one emergency repair at a time.","6.94848","4.026936","16.70592","1668","204","108","models/vlt-single-wide-29.gltf"
"vlt-single-wide-30","single-wide","neighborhood","Single-Wide Freedom Home · B5-2","B5-2","Affordable housing, accessorized one emergency repair at a time.","7.848","4.026936","19.032","1668","204","108","models/vlt-single-wide-30.gltf"
"vlt-single-wide-31","single-wide","neighborhood","Single-Wide Freedom Home · C1-2","C1-2","Affordable housing, accessorized one emergency repair at a time.","6.586717","4.026936","11.784","1560","192","72","models/vlt-single-wide-31.gltf"
"vlt-single-wide-32","single-wide","neighborhood","Single-Wide Freedom Home · C2-2","C2-2","Affordable housing, accessorized one emergency repair at a time.","6.955837","4.026936","13.14244","1668","204","84","models/vlt-single-wide-32.gltf"
"vlt-single-wide-33","single-wide","neighborhood","Single-Wide Freedom Home · C3-2","C3-2","Affordable housing, accessorized one emergency repair at a time.","7.351837","4.026936","14.62644","1776","216","96","models/vlt-single-wide-33.gltf"
"vlt-single-wide-34","single-wide","neighborhood","Single-Wide Freedom Home · C4-2","C4-2","Affordable housing, accessorized one emergency repair at a time.","7.774717","4.026936","16.70592","1884","228","108","models/vlt-single-wide-34.gltf"
"vlt-single-wide-35","single-wide","neighborhood","Single-Wide Freedom Home · C5-2","C5-2","Affordable housing, accessorized one emergency repair at a time.","8.224477","4.026936","19.032","1884","228","108","models/vlt-single-wide-35.gltf"
"vlt-single-wide-36","single-wide","neighborhood","Single-Wide Freedom Home · D1-2","D1-2","Affordable housing, accessorized one emergency repair at a time.","6.586717","4.026936","11.784","1668","204","72","models/vlt-single-wide-36.gltf"
"vlt-single-wide-37","single-wide","neighborhood","Single-Wide Freedom Home · D2-2","D2-2","Affordable housing, accessorized one emergency repair at a time.","6.955837","4.026936","13.14244","1776","216","84","models/vlt-single-wide-37.gltf"
"vlt-single-wide-38","single-wide","neighborhood","Single-Wide Freedom Home · D3-2","D3-2","Affordable housing, accessorized one emergency repair at a time.","7.351837","4.026936","14.62644","1884","228","96","models/vlt-single-wide-38.gltf"
"vlt-single-wide-39","single-wide","neighborhood","Single-Wide Freedom Home · D4-2","D4-2","Affordable housing, accessorized one emergency repair at a time.","7.774717","4.026936","16.70592","1992","240","108","models/vlt-single-wide-39.gltf"
"vlt-single-wide-40","single-wide","neighborhood","Single-Wide Freedom Home · D5-2","D5-2","Affordable housing, accessorized one emergency repair at a time.","8.224477","4.026936","19.032","1992","240","108","models/vlt-single-wide-40.gltf"
"vlt-smile-finance-01","smile-finance","commerce","Smile Finance · A1-1","A1-1","Zero pain today, zero percent for six months, several surprises later.","13.64","7.7668","11.4","2218","578","278","models/vlt-smile-finance-01.gltf"
"vlt-smile-finance-02","smile-finance","commerce","Smile Finance · A2-1","A2-1","Zero pain today, zero percent for six months, several surprises later.","14.68","7.9348","11.4","2434","590","278","models/vlt-smile-finance-02.gltf"
"vlt-smile-finance-03","smile-finance","commerce","Smile Finance · A3-1","A3-1","Zero pain today, zero percent for six months, several surprises later.","15.72","8.1028","11.4","2650","602","278","models/vlt-smile-finance-03.gltf"
"vlt-smile-finance-04","smile-finance","commerce","Smile Finance · A4-1","A4-1","Zero pain today, zero percent for six months, several surprises later.","16.76","8.2708","11.4","2758","602","278","models/vlt-smile-finance-04.gltf"
"vlt-smile-finance-05","smile-finance","commerce","Smile Finance · A5-1","A5-1","Zero pain today, zero percent for six months, several surprises later.","17.8","8.4388","11.4","2758","602","278","models/vlt-smile-finance-05.gltf"
"vlt-smile-finance-06","smile-finance","commerce","Smile Finance · B1-1","B1-1","Zero pain today, zero percent for six months, several surprises later.","13.64","7.7668","11.85","2218","578","278","models/vlt-smile-finance-06.gltf"
"vlt-smile-finance-07","smile-finance","commerce","Smile Finance · B2-1","B2-1","Zero pain today, zero percent for six months, several surprises later.","14.68","7.9348","11.85","2434","590","278","models/vlt-smile-finance-07.gltf"
"vlt-smile-finance-08","smile-finance","commerce","Smile Finance · B3-1","B3-1","Zero pain today, zero percent for six months, several surprises later.","15.72","8.1028","11.85","2650","602","278","models/vlt-smile-finance-08.gltf"
"vlt-smile-finance-09","smile-finance","commerce","Smile Finance · B4-1","B4-1","Zero pain today, zero percent for six months, several surprises later.","16.76","8.2708","11.85","2758","602","278","models/vlt-smile-finance-09.gltf"
"vlt-smile-finance-10","smile-finance","commerce","Smile Finance · B5-1","B5-1","Zero pain today, zero percent for six months, several surprises later.","17.8","8.4388","11.85","2758","602","278","models/vlt-smile-finance-10.gltf"
"vlt-smile-finance-11","smile-finance","commerce","Smile Finance · C1-1","C1-1","Zero pain today, zero percent for six months, several surprises later.","13.64","7.7668","12.3","2218","578","278","models/vlt-smile-finance-11.gltf"
"vlt-smile-finance-12","smile-finance","commerce","Smile Finance · C2-1","C2-1","Zero pain today, zero percent for six months, several surprises later.","14.68","7.9348","12.3","2434","590","278","models/vlt-smile-finance-12.gltf"
"vlt-smile-finance-13","smile-finance","commerce","Smile Finance · C3-1","C3-1","Zero pain today, zero percent for six months, several surprises later.","15.72","8.1028","12.3","2650","602","278","models/vlt-smile-finance-13.gltf"
"vlt-smile-finance-14","smile-finance","commerce","Smile Finance · C4-1","C4-1","Zero pain today, zero percent for six months, several surprises later.","16.76","8.2708","12.3","2758","602","278","models/vlt-smile-finance-14.gltf"
"vlt-smile-finance-15","smile-finance","commerce","Smile Finance · C5-1","C5-1","Zero pain today, zero percent for six months, several surprises later.","17.8","8.4388","12.3","2758","602","278","models/vlt-smile-finance-15.gltf"
"vlt-smile-finance-16","smile-finance","commerce","Smile Finance · D1-1","D1-1","Zero pain today, zero percent for six months, several surprises later.","13.64","7.7668","12.75","2218","578","278","models/vlt-smile-finance-16.gltf"
"vlt-smile-finance-17","smile-finance","commerce","Smile Finance · D2-1","D2-1","Zero pain today, zero percent for six months, several surprises later.","14.68","7.9348","12.75","2434","590","278","models/vlt-smile-finance-17.gltf"
"vlt-smile-finance-18","smile-finance","commerce","Smile Finance · D3-1","D3-1","Zero pain today, zero percent for six months, several surprises later.","15.72","8.1028","12.75","2650","602","278","models/vlt-smile-finance-18.gltf"
"vlt-smile-finance-19","smile-finance","commerce","Smile Finance · D4-1","D4-1","Zero pain today, zero percent for six months, several surprises later.","16.76","8.2708","12.75","2758","602","278","models/vlt-smile-finance-19.gltf"
"vlt-smile-finance-20","smile-finance","commerce","Smile Finance · D5-1","D5-1","Zero pain today, zero percent for six months, several surprises later.","17.8","8.4388","12.75","2758","602","278","models/vlt-smile-finance-20.gltf"
"vlt-smile-finance-21","smile-finance","commerce","Smile Finance · A1-2","A1-2","Zero pain today, zero percent for six months, several surprises later.","13.64","7.7668","13.226","2758","614","290","models/vlt-smile-finance-21.gltf"
"vlt-smile-finance-22","smile-finance","commerce","Smile Finance · A2-2","A2-2","Zero pain today, zero percent for six months, several surprises later.","14.68","7.9348","13.226","2974","626","290","models/vlt-smile-finance-22.gltf"
"vlt-smile-finance-23","smile-finance","commerce","Smile Finance · A3-2","A3-2","Zero pain today, zero percent for six months, several surprises later.","15.72","8.1028","13.226","3190","638","290","models/vlt-smile-finance-23.gltf"
"vlt-smile-finance-24","smile-finance","commerce","Smile Finance · A4-2","A4-2","Zero pain today, zero percent for six months, several surprises later.","16.76","8.2708","13.226","3298","638","290","models/vlt-smile-finance-24.gltf"
"vlt-smile-finance-25","smile-finance","commerce","Smile Finance · A5-2","A5-2","Zero pain today, zero percent for six months, several surprises later.","17.8","8.4388","13.226","3298","638","290","models/vlt-smile-finance-25.gltf"
"vlt-smile-finance-26","smile-finance","commerce","Smile Finance · B1-2","B1-2","Zero pain today, zero percent for six months, several surprises later.","13.64","7.7668","13.802","2758","614","290","models/vlt-smile-finance-26.gltf"
"vlt-smile-finance-27","smile-finance","commerce","Smile Finance · B2-2","B2-2","Zero pain today, zero percent for six months, several surprises later.","14.68","7.9348","13.802","2974","626","290","models/vlt-smile-finance-27.gltf"
"vlt-smile-finance-28","smile-finance","commerce","Smile Finance · B3-2","B3-2","Zero pain today, zero percent for six months, several surprises later.","15.72","8.1028","13.802","3190","638","290","models/vlt-smile-finance-28.gltf"
"vlt-smile-finance-29","smile-finance","commerce","Smile Finance · B4-2","B4-2","Zero pain today, zero percent for six months, several surprises later.","16.76","8.2708","13.802","3298","638","290","models/vlt-smile-finance-29.gltf"
"vlt-smile-finance-30","smile-finance","commerce","Smile Finance · B5-2","B5-2","Zero pain today, zero percent for six months, several surprises later.","17.8","8.4388","13.802","3298","638","290","models/vlt-smile-finance-30.gltf"
"vlt-smile-finance-31","smile-finance","commerce","Smile Finance · C1-2","C1-2","Zero pain today, zero percent for six months, several surprises later.","13.64","7.7668","14.378","2758","614","290","models/vlt-smile-finance-31.gltf"
"vlt-smile-finance-32","smile-finance","commerce","Smile Finance · C2-2","C2-2","Zero pain today, zero percent for six months, several surprises later.","14.68","7.9348","14.378","2974","626","290","models/vlt-smile-finance-32.gltf"
"vlt-smile-finance-33","smile-finance","commerce","Smile Finance · C3-2","C3-2","Zero pain today, zero percent for six months, several surprises later.","15.72","8.1028","14.378","3190","638","290","models/vlt-smile-finance-33.gltf"
"vlt-smile-finance-34","smile-finance","commerce","Smile Finance · C4-2","C4-2","Zero pain today, zero percent for six months, several surprises later.","16.76","8.2708","14.378","3298","638","290","models/vlt-smile-finance-34.gltf"
"vlt-smile-finance-35","smile-finance","commerce","Smile Finance · C5-2","C5-2","Zero pain today, zero percent for six months, several surprises later.","17.8","8.4388","14.378","3298","638","290","models/vlt-smile-finance-35.gltf"
"vlt-smile-finance-36","smile-finance","commerce","Smile Finance · D1-2","D1-2","Zero pain today, zero percent for six months, several surprises later.","13.64","7.7668","14.954","2758","614","290","models/vlt-smile-finance-36.gltf"
"vlt-smile-finance-37","smile-finance","commerce","Smile Finance · D2-2","D2-2","Zero pain today, zero percent for six months, several surprises later.","14.68","7.9348","14.954","2974","626","290","models/vlt-smile-finance-37.gltf"
"vlt-smile-finance-38","smile-finance","commerce","Smile Finance · D3-2","D3-2","Zero pain today, zero percent for six months, several surprises later.","15.72","8.1028","14.954","3190","638","290","models/vlt-smile-finance-38.gltf"
"vlt-smile-finance-39","smile-finance","commerce","Smile Finance · D4-2","D4-2","Zero pain today, zero percent for six months, several surprises later.","16.76","8.2708","14.954","3298","638","290","models/vlt-smile-finance-39.gltf"
"vlt-smile-finance-40","smile-finance","commerce","Smile Finance · D5-2","D5-2","Zero pain today, zero percent for six months, several surprises later.","17.8","8.4388","14.954","3298","638","290","models/vlt-smile-finance-40.gltf"
"vlt-solar-farm-01","solar-farm","infrastructure","Freedom Solar Farm · A1-1","A1-1","Energy independence, subject to the sun’s operating hours.","11.033","2.25","6.74","2238","278","230","models/vlt-solar-farm-01.gltf"
"vlt-solar-farm-02","solar-farm","infrastructure","Freedom Solar Farm · A2-1","A2-1","Energy independence, subject to the sun’s operating hours.","13.685","2.25","6.74","2734","350","230","models/vlt-solar-farm-02.gltf"
"vlt-solar-farm-03","solar-farm","infrastructure","Freedom Solar Farm · A3-1","A3-1","Energy independence, subject to the sun’s operating hours.","16.337","2.25","6.74","3230","422","230","models/vlt-solar-farm-03.gltf"
"vlt-solar-farm-04","solar-farm","infrastructure","Freedom Solar Farm · A4-1","A4-1","Energy independence, subject to the sun’s operating hours.","18.989","2.25","6.74","3726","494","230","models/vlt-solar-farm-04.gltf"
"vlt-solar-farm-05","solar-farm","infrastructure","Freedom Solar Farm · A5-1","A5-1","Energy independence, subject to the sun’s operating hours.","21.641","2.25","6.74","4222","566","230","models/vlt-solar-farm-05.gltf"
"vlt-solar-farm-06","solar-farm","infrastructure","Freedom Solar Farm · B1-1","B1-1","Energy independence, subject to the sun’s operating hours.","11.093","2.25","9.89","3102","374","230","models/vlt-solar-farm-06.gltf"
"vlt-solar-farm-07","solar-farm","infrastructure","Freedom Solar Farm · B2-1","B2-1","Energy independence, subject to the sun’s operating hours.","13.745","2.25","9.89","3814","470","230","models/vlt-solar-farm-07.gltf"
"vlt-solar-farm-08","solar-farm","infrastructure","Freedom Solar Farm · B3-1","B3-1","Energy independence, subject to the sun’s operating hours.","16.397","2.25","9.89","4526","566","230","models/vlt-solar-farm-08.gltf"
"vlt-solar-farm-09","solar-farm","infrastructure","Freedom Solar Farm · B4-1","B4-1","Energy independence, subject to the sun’s operating hours.","19.049","2.25","9.89","5238","662","230","models/vlt-solar-farm-09.gltf"
"vlt-solar-farm-10","solar-farm","infrastructure","Freedom Solar Farm · B5-1","B5-1","Energy independence, subject to the sun’s operating hours.","21.701","2.25","9.89","5950","758","230","models/vlt-solar-farm-10.gltf"
"vlt-solar-farm-11","solar-farm","infrastructure","Freedom Solar Farm · C1-1","C1-1","Energy independence, subject to the sun’s operating hours.","11.153","2.25","13.04","3966","470","230","models/vlt-solar-farm-11.gltf"
"vlt-solar-farm-12","solar-farm","infrastructure","Freedom Solar Farm · C2-1","C2-1","Energy independence, subject to the sun’s operating hours.","13.805","2.25","13.04","4894","590","230","models/vlt-solar-farm-12.gltf"
"vlt-solar-farm-13","solar-farm","infrastructure","Freedom Solar Farm · C3-1","C3-1","Energy independence, subject to the sun’s operating hours.","16.457","2.25","13.04","5822","710","230","models/vlt-solar-farm-13.gltf"
"vlt-solar-farm-14","solar-farm","infrastructure","Freedom Solar Farm · C4-1","C4-1","Energy independence, subject to the sun’s operating hours.","19.109","2.25","13.04","6750","830","230","models/vlt-solar-farm-14.gltf"
"vlt-solar-farm-15","solar-farm","infrastructure","Freedom Solar Farm · C5-1","C5-1","Energy independence, subject to the sun’s operating hours.","21.761","2.25","13.04","7678","950","230","models/vlt-solar-farm-15.gltf"
"vlt-solar-farm-16","solar-farm","infrastructure","Freedom Solar Farm · D1-1","D1-1","Energy independence, subject to the sun’s operating hours.","11.213","2.25","16.19","4830","566","230","models/vlt-solar-farm-16.gltf"
"vlt-solar-farm-17","solar-farm","infrastructure","Freedom Solar Farm · D2-1","D2-1","Energy independence, subject to the sun’s operating hours.","13.865","2.25","16.19","5974","710","230","models/vlt-solar-farm-17.gltf"
"vlt-solar-farm-18","solar-farm","infrastructure","Freedom Solar Farm · D3-1","D3-1","Energy independence, subject to the sun’s operating hours.","16.517","2.25","16.19","7118","854","230","models/vlt-solar-farm-18.gltf"
"vlt-solar-farm-19","solar-farm","infrastructure","Freedom Solar Farm · D4-1","D4-1","Energy independence, subject to the sun’s operating hours.","19.169","2.25","16.19","8262","998","230","models/vlt-solar-farm-19.gltf"
"vlt-solar-farm-20","solar-farm","infrastructure","Freedom Solar Farm · D5-1","D5-1","Energy independence, subject to the sun’s operating hours.","21.821","2.25","16.19","9406","1142","230","models/vlt-solar-farm-20.gltf"
"vlt-solar-farm-21","solar-farm","infrastructure","Freedom Solar Farm · A1-2","A1-2","Energy independence, subject to the sun’s operating hours.","11.033","2.25","6.74","2454","302","242","models/vlt-solar-farm-21.gltf"
"vlt-solar-farm-22","solar-farm","infrastructure","Freedom Solar Farm · A2-2","A2-2","Energy independence, subject to the sun’s operating hours.","13.685","2.25","6.74","2950","374","242","models/vlt-solar-farm-22.gltf"
"vlt-solar-farm-23","solar-farm","infrastructure","Freedom Solar Farm · A3-2","A3-2","Energy independence, subject to the sun’s operating hours.","16.337","2.25","6.74","3446","446","242","models/vlt-solar-farm-23.gltf"
"vlt-solar-farm-24","solar-farm","infrastructure","Freedom Solar Farm · A4-2","A4-2","Energy independence, subject to the sun’s operating hours.","18.989","2.25","6.74","3942","518","242","models/vlt-solar-farm-24.gltf"
"vlt-solar-farm-25","solar-farm","infrastructure","Freedom Solar Farm · A5-2","A5-2","Energy independence, subject to the sun’s operating hours.","21.641","2.25","6.74","4438","590","242","models/vlt-solar-farm-25.gltf"
"vlt-solar-farm-26","solar-farm","infrastructure","Freedom Solar Farm · B1-2","B1-2","Energy independence, subject to the sun’s operating hours.","11.093","2.25","9.89","3318","398","242","models/vlt-solar-farm-26.gltf"
"vlt-solar-farm-27","solar-farm","infrastructure","Freedom Solar Farm · B2-2","B2-2","Energy independence, subject to the sun’s operating hours.","13.745","2.25","9.89","4030","494","242","models/vlt-solar-farm-27.gltf"
"vlt-solar-farm-28","solar-farm","infrastructure","Freedom Solar Farm · B3-2","B3-2","Energy independence, subject to the sun’s operating hours.","16.397","2.25","9.89","4742","590","242","models/vlt-solar-farm-28.gltf"
"vlt-solar-farm-29","solar-farm","infrastructure","Freedom Solar Farm · B4-2","B4-2","Energy independence, subject to the sun’s operating hours.","19.049","2.25","9.89","5454","686","242","models/vlt-solar-farm-29.gltf"
"vlt-solar-farm-30","solar-farm","infrastructure","Freedom Solar Farm · B5-2","B5-2","Energy independence, subject to the sun’s operating hours.","21.701","2.25","9.89","6166","782","242","models/vlt-solar-farm-30.gltf"
"vlt-solar-farm-31","solar-farm","infrastructure","Freedom Solar Farm · C1-2","C1-2","Energy independence, subject to the sun’s operating hours.","11.153","2.25","13.04","4182","494","242","models/vlt-solar-farm-31.gltf"
"vlt-solar-farm-32","solar-farm","infrastructure","Freedom Solar Farm · C2-2","C2-2","Energy independence, subject to the sun’s operating hours.","13.805","2.25","13.04","5110","614","242","models/vlt-solar-farm-32.gltf"
"vlt-solar-farm-33","solar-farm","infrastructure","Freedom Solar Farm · C3-2","C3-2","Energy independence, subject to the sun’s operating hours.","16.457","2.25","13.04","6038","734","242","models/vlt-solar-farm-33.gltf"
"vlt-solar-farm-34","solar-farm","infrastructure","Freedom Solar Farm · C4-2","C4-2","Energy independence, subject to the sun’s operating hours.","19.109","2.25","13.04","6966","854","242","models/vlt-solar-farm-34.gltf"
"vlt-solar-farm-35","solar-farm","infrastructure","Freedom Solar Farm · C5-2","C5-2","Energy independence, subject to the sun’s operating hours.","21.761","2.25","13.04","7894","974","242","models/vlt-solar-farm-35.gltf"
"vlt-solar-farm-36","solar-farm","infrastructure","Freedom Solar Farm · D1-2","D1-2","Energy independence, subject to the sun’s operating hours.","11.213","2.25","16.19","5046","590","242","models/vlt-solar-farm-36.gltf"
"vlt-solar-farm-37","solar-farm","infrastructure","Freedom Solar Farm · D2-2","D2-2","Energy independence, subject to the sun’s operating hours.","13.865","2.25","16.19","6190","734","242","models/vlt-solar-farm-37.gltf"
"vlt-solar-farm-38","solar-farm","infrastructure","Freedom Solar Farm · D3-2","D3-2","Energy independence, subject to the sun’s operating hours.","16.517","2.25","16.19","7334","878","242","models/vlt-solar-farm-38.gltf"
"vlt-solar-farm-39","solar-farm","infrastructure","Freedom Solar Farm · D4-2","D4-2","Energy independence, subject to the sun’s operating hours.","19.169","2.25","16.19","8478","1022","242","models/vlt-solar-farm-39.gltf"
"vlt-solar-farm-40","solar-farm","infrastructure","Freedom Solar Farm · D5-2","D5-2","Energy independence, subject to the sun’s operating hours.","21.821","2.25","16.19","9622","1166","242","models/vlt-solar-farm-40.gltf"
"vlt-strip-mall-of-duty-01","strip-mall-of-duty","commerce","Strip Mall of Duty · A1-1","A1-1","Deploy nail salons until the tax base is secure.","21.56","5.245","11.4","1188","132","108","models/vlt-strip-mall-of-duty-01.gltf"
"vlt-strip-mall-of-duty-02","strip-mall-of-duty","commerce","Strip Mall of Duty · A2-1","A2-1","Deploy nail salons until the tax base is secure.","23.32","5.37","11.4","1404","132","108","models/vlt-strip-mall-of-duty-02.gltf"
"vlt-strip-mall-of-duty-03","strip-mall-of-duty","commerce","Strip Mall of Duty · A3-1","A3-1","Deploy nail salons until the tax base is secure.","25.08","5.495","11.4","1620","132","108","models/vlt-strip-mall-of-duty-03.gltf"
"vlt-strip-mall-of-duty-04","strip-mall-of-duty","commerce","Strip Mall of Duty · A4-1","A4-1","Deploy nail salons until the tax base is secure.","26.84","5.62","11.4","1836","132","108","models/vlt-strip-mall-of-duty-04.gltf"
"vlt-strip-mall-of-duty-05","strip-mall-of-duty","commerce","Strip Mall of Duty · A5-1","A5-1","Deploy nail salons until the tax base is secure.","28.2","5.745","11.4","2052","132","108","models/vlt-strip-mall-of-duty-05.gltf"
"vlt-strip-mall-of-duty-06","strip-mall-of-duty","commerce","Strip Mall of Duty · B1-1","B1-1","Deploy nail salons until the tax base is secure.","21.5662","5.245","11.85","1188","132","108","models/vlt-strip-mall-of-duty-06.gltf"
"vlt-strip-mall-of-duty-07","strip-mall-of-duty","commerce","Strip Mall of Duty · B2-1","B2-1","Deploy nail salons until the tax base is secure.","23.32","5.37","11.85","1404","132","108","models/vlt-strip-mall-of-duty-07.gltf"
"vlt-strip-mall-of-duty-08","strip-mall-of-duty","commerce","Strip Mall of Duty · B3-1","B3-1","Deploy nail salons until the tax base is secure.","25.08","5.495","11.85","1620","132","108","models/vlt-strip-mall-of-duty-08.gltf"
"vlt-strip-mall-of-duty-09","strip-mall-of-duty","commerce","Strip Mall of Duty · B4-1","B4-1","Deploy nail salons until the tax base is secure.","26.84","5.62","11.85","1836","132","108","models/vlt-strip-mall-of-duty-09.gltf"
"vlt-strip-mall-of-duty-10","strip-mall-of-duty","commerce","Strip Mall of Duty · B5-1","B5-1","Deploy nail salons until the tax base is secure.","28.2","5.745","11.85","2052","132","108","models/vlt-strip-mall-of-duty-10.gltf"
"vlt-strip-mall-of-duty-11","strip-mall-of-duty","commerce","Strip Mall of Duty · C1-1","C1-1","Deploy nail salons until the tax base is secure.","21.9212","5.245","12.3","1188","132","108","models/vlt-strip-mall-of-duty-11.gltf"
"vlt-strip-mall-of-duty-12","strip-mall-of-duty","commerce","Strip Mall of Duty · C2-1","C2-1","Deploy nail salons until the tax base is secure.","23.5404","5.37","12.3","1404","132","108","models/vlt-strip-mall-of-duty-12.gltf"
"vlt-strip-mall-of-duty-13","strip-mall-of-duty","commerce","Strip Mall of Duty · C3-1","C3-1","Deploy nail salons until the tax base is secure.","25.1596","5.495","12.3","1620","132","108","models/vlt-strip-mall-of-duty-13.gltf"
"vlt-strip-mall-of-duty-14","strip-mall-of-duty","commerce","Strip Mall of Duty · C4-1","C4-1","Deploy nail salons until the tax base is secure.","26.84","5.62","12.3","1836","132","108","models/vlt-strip-mall-of-duty-14.gltf"
"vlt-strip-mall-of-duty-15","strip-mall-of-duty","commerce","Strip Mall of Duty · C5-1","C5-1","Deploy nail salons until the tax base is secure.","28.2","5.745","12.3","2052","132","108","models/vlt-strip-mall-of-duty-15.gltf"
"vlt-strip-mall-of-duty-16","strip-mall-of-duty","commerce","Strip Mall of Duty · D1-1","D1-1","Deploy nail salons until the tax base is secure.","22.2762","5.245","12.75","1188","132","108","models/vlt-strip-mall-of-duty-16.gltf"
"vlt-strip-mall-of-duty-17","strip-mall-of-duty","commerce","Strip Mall of Duty · D2-1","D2-1","Deploy nail salons until the tax base is secure.","23.8954","5.37","12.75","1404","132","108","models/vlt-strip-mall-of-duty-17.gltf"
"vlt-strip-mall-of-duty-18","strip-mall-of-duty","commerce","Strip Mall of Duty · D3-1","D3-1","Deploy nail salons until the tax base is secure.","25.5146","5.495","12.75","1620","132","108","models/vlt-strip-mall-of-duty-18.gltf"
"vlt-strip-mall-of-duty-19","strip-mall-of-duty","commerce","Strip Mall of Duty · D4-1","D4-1","Deploy nail salons until the tax base is secure.","27.1338","5.62","12.75","1836","132","108","models/vlt-strip-mall-of-duty-19.gltf"
"vlt-strip-mall-of-duty-20","strip-mall-of-duty","commerce","Strip Mall of Duty · D5-1","D5-1","Deploy nail salons until the tax base is secure.","28.385","5.745","12.75","2052","132","108","models/vlt-strip-mall-of-duty-20.gltf"
"vlt-strip-mall-of-duty-21","strip-mall-of-duty","commerce","Strip Mall of Duty · A1-2","A1-2","Deploy nail salons until the tax base is secure.","21.56","5.245","13.226","1728","168","120","models/vlt-strip-mall-of-duty-21.gltf"
"vlt-strip-mall-of-duty-22","strip-mall-of-duty","commerce","Strip Mall of Duty · A2-2","A2-2","Deploy nail salons until the tax base is secure.","23.32","5.37","13.226","1944","168","120","models/vlt-strip-mall-of-duty-22.gltf"
"vlt-strip-mall-of-duty-23","strip-mall-of-duty","commerce","Strip Mall of Duty · A3-2","A3-2","Deploy nail salons until the tax base is secure.","25.08","5.495","13.226","2160","168","120","models/vlt-strip-mall-of-duty-23.gltf"
"vlt-strip-mall-of-duty-24","strip-mall-of-duty","commerce","Strip Mall of Duty · A4-2","A4-2","Deploy nail salons until the tax base is secure.","26.84","5.62","13.226","2376","168","120","models/vlt-strip-mall-of-duty-24.gltf"
"vlt-strip-mall-of-duty-25","strip-mall-of-duty","commerce","Strip Mall of Duty · A5-2","A5-2","Deploy nail salons until the tax base is secure.","28.2","5.745","13.226","2592","168","120","models/vlt-strip-mall-of-duty-25.gltf"
"vlt-strip-mall-of-duty-26","strip-mall-of-duty","commerce","Strip Mall of Duty · B1-2","B1-2","Deploy nail salons until the tax base is secure.","21.5662","5.245","13.802","1728","168","120","models/vlt-strip-mall-of-duty-26.gltf"
"vlt-strip-mall-of-duty-27","strip-mall-of-duty","commerce","Strip Mall of Duty · B2-2","B2-2","Deploy nail salons until the tax base is secure.","23.32","5.37","13.802","1944","168","120","models/vlt-strip-mall-of-duty-27.gltf"
"vlt-strip-mall-of-duty-28","strip-mall-of-duty","commerce","Strip Mall of Duty · B3-2","B3-2","Deploy nail salons until the tax base is secure.","25.08","5.495","13.802","2160","168","120","models/vlt-strip-mall-of-duty-28.gltf"
"vlt-strip-mall-of-duty-29","strip-mall-of-duty","commerce","Strip Mall of Duty · B4-2","B4-2","Deploy nail salons until the tax base is secure.","26.84","5.62","13.802","2376","168","120","models/vlt-strip-mall-of-duty-29.gltf"
"vlt-strip-mall-of-duty-30","strip-mall-of-duty","commerce","Strip Mall of Duty · B5-2","B5-2","Deploy nail salons until the tax base is secure.","28.2","5.745","13.802","2592","168","120","models/vlt-strip-mall-of-duty-30.gltf"
"vlt-strip-mall-of-duty-31","strip-mall-of-duty","commerce","Strip Mall of Duty · C1-2","C1-2","Deploy nail salons until the tax base is secure.","21.9212","5.245","14.378","1728","168","120","models/vlt-strip-mall-of-duty-31.gltf"
"vlt-strip-mall-of-duty-32","strip-mall-of-duty","commerce","Strip Mall of Duty · C2-2","C2-2","Deploy nail salons until the tax base is secure.","23.5404","5.37","14.378","1944","168","120","models/vlt-strip-mall-of-duty-32.gltf"
"vlt-strip-mall-of-duty-33","strip-mall-of-duty","commerce","Strip Mall of Duty · C3-2","C3-2","Deploy nail salons until the tax base is secure.","25.1596","5.495","14.378","2160","168","120","models/vlt-strip-mall-of-duty-33.gltf"
"vlt-strip-mall-of-duty-34","strip-mall-of-duty","commerce","Strip Mall of Duty · C4-2","C4-2","Deploy nail salons until the tax base is secure.","26.84","5.62","14.378","2376","168","120","models/vlt-strip-mall-of-duty-34.gltf"
"vlt-strip-mall-of-duty-35","strip-mall-of-duty","commerce","Strip Mall of Duty · C5-2","C5-2","Deploy nail salons until the tax base is secure.","28.2","5.745","14.378","2592","168","120","models/vlt-strip-mall-of-duty-35.gltf"
"vlt-strip-mall-of-duty-36","strip-mall-of-duty","commerce","Strip Mall of Duty · D1-2","D1-2","Deploy nail salons until the tax base is secure.","22.2762","5.245","14.954","1728","168","120","models/vlt-strip-mall-of-duty-36.gltf"
"vlt-strip-mall-of-duty-37","strip-mall-of-duty","commerce","Strip Mall of Duty · D2-2","D2-2","Deploy nail salons until the tax base is secure.","23.8954","5.37","14.954","1944","168","120","models/vlt-strip-mall-of-duty-37.gltf"
"vlt-strip-mall-of-duty-38","strip-mall-of-duty","commerce","Strip Mall of Duty · D3-2","D3-2","Deploy nail salons until the tax base is secure.","25.5146","5.495","14.954","2160","168","120","models/vlt-strip-mall-of-duty-38.gltf"
"vlt-strip-mall-of-duty-39","strip-mall-of-duty","commerce","Strip Mall of Duty · D4-2","D4-2","Deploy nail salons until the tax base is secure.","27.1338","5.62","14.954","2376","168","120","models/vlt-strip-mall-of-duty-39.gltf"
"vlt-strip-mall-of-duty-40","strip-mall-of-duty","commerce","Strip Mall of Duty · D5-2","D5-2","Deploy nail salons until the tax base is secure.","28.385","5.745","14.954","2592","168","120","models/vlt-strip-mall-of-duty-40.gltf"
"vlt-subscription-station-01","subscription-station","commerce","Subscription Station · A1-1","A1-1","Cancel anytime after locating the unmarked basement fax machine.","15.4","5.64","14.16","1390","310","178","models/vlt-subscription-station-01.gltf"
"vlt-subscription-station-02","subscription-station","commerce","Subscription Station · A2-1","A2-1","Cancel anytime after locating the unmarked basement fax machine.","16.6","5.79","14.16","1390","310","178","models/vlt-subscription-station-02.gltf"
"vlt-subscription-station-03","subscription-station","commerce","Subscription Station · A3-1","A3-1","Cancel anytime after locating the unmarked basement fax machine.","17.8","5.94","14.16","1390","310","178","models/vlt-subscription-station-03.gltf"
"vlt-subscription-station-04","subscription-station","commerce","Subscription Station · A4-1","A4-1","Cancel anytime after locating the unmarked basement fax machine.","19","6.09","14.16","1390","310","178","models/vlt-subscription-station-04.gltf"
"vlt-subscription-station-05","subscription-station","commerce","Subscription Station · A5-1","A5-1","Cancel anytime after locating the unmarked basement fax machine.","20.2","6.24","14.16","1390","310","178","models/vlt-subscription-station-05.gltf"
"vlt-subscription-station-06","subscription-station","commerce","Subscription Station · B1-1","B1-1","Cancel anytime after locating the unmarked basement fax machine.","15.4","5.64","14.745","1390","310","178","models/vlt-subscription-station-06.gltf"
"vlt-subscription-station-07","subscription-station","commerce","Subscription Station · B2-1","B2-1","Cancel anytime after locating the unmarked basement fax machine.","16.6","5.79","14.745","1390","310","178","models/vlt-subscription-station-07.gltf"
"vlt-subscription-station-08","subscription-station","commerce","Subscription Station · B3-1","B3-1","Cancel anytime after locating the unmarked basement fax machine.","17.8","5.94","14.745","1390","310","178","models/vlt-subscription-station-08.gltf"
"vlt-subscription-station-09","subscription-station","commerce","Subscription Station · B4-1","B4-1","Cancel anytime after locating the unmarked basement fax machine.","19","6.09","14.745","1390","310","178","models/vlt-subscription-station-09.gltf"
"vlt-subscription-station-10","subscription-station","commerce","Subscription Station · B5-1","B5-1","Cancel anytime after locating the unmarked basement fax machine.","20.2","6.24","14.745","1390","310","178","models/vlt-subscription-station-10.gltf"
"vlt-subscription-station-11","subscription-station","commerce","Subscription Station · C1-1","C1-1","Cancel anytime after locating the unmarked basement fax machine.","15.4","5.64","15.33","1390","310","178","models/vlt-subscription-station-11.gltf"
"vlt-subscription-station-12","subscription-station","commerce","Subscription Station · C2-1","C2-1","Cancel anytime after locating the unmarked basement fax machine.","16.6","5.79","15.33","1390","310","178","models/vlt-subscription-station-12.gltf"
"vlt-subscription-station-13","subscription-station","commerce","Subscription Station · C3-1","C3-1","Cancel anytime after locating the unmarked basement fax machine.","17.8","5.94","15.33","1390","310","178","models/vlt-subscription-station-13.gltf"
"vlt-subscription-station-14","subscription-station","commerce","Subscription Station · C4-1","C4-1","Cancel anytime after locating the unmarked basement fax machine.","19","6.09","15.33","1390","310","178","models/vlt-subscription-station-14.gltf"
"vlt-subscription-station-15","subscription-station","commerce","Subscription Station · C5-1","C5-1","Cancel anytime after locating the unmarked basement fax machine.","20.2","6.24","15.33","1390","310","178","models/vlt-subscription-station-15.gltf"
"vlt-subscription-station-16","subscription-station","commerce","Subscription Station · D1-1","D1-1","Cancel anytime after locating the unmarked basement fax machine.","15.4","5.64","15.915","1390","310","178","models/vlt-subscription-station-16.gltf"
"vlt-subscription-station-17","subscription-station","commerce","Subscription Station · D2-1","D2-1","Cancel anytime after locating the unmarked basement fax machine.","16.6","5.79","15.915","1390","310","178","models/vlt-subscription-station-17.gltf"
"vlt-subscription-station-18","subscription-station","commerce","Subscription Station · D3-1","D3-1","Cancel anytime after locating the unmarked basement fax machine.","17.8","5.94","15.915","1390","310","178","models/vlt-subscription-station-18.gltf"
"vlt-subscription-station-19","subscription-station","commerce","Subscription Station · D4-1","D4-1","Cancel anytime after locating the unmarked basement fax machine.","19","6.09","15.915","1390","310","178","models/vlt-subscription-station-19.gltf"
"vlt-subscription-station-20","subscription-station","commerce","Subscription Station · D5-1","D5-1","Cancel anytime after locating the unmarked basement fax machine.","20.2","6.24","15.915","1390","310","178","models/vlt-subscription-station-20.gltf"
"vlt-subscription-station-21","subscription-station","commerce","Subscription Station · A1-2","A1-2","Cancel anytime after locating the unmarked basement fax machine.","15.4","5.64","16.7588","1930","346","190","models/vlt-subscription-station-21.gltf"
"vlt-subscription-station-22","subscription-station","commerce","Subscription Station · A2-2","A2-2","Cancel anytime after locating the unmarked basement fax machine.","16.6","5.79","16.7588","1930","346","190","models/vlt-subscription-station-22.gltf"
"vlt-subscription-station-23","subscription-station","commerce","Subscription Station · A3-2","A3-2","Cancel anytime after locating the unmarked basement fax machine.","17.8","5.94","16.7588","1930","346","190","models/vlt-subscription-station-23.gltf"
"vlt-subscription-station-24","subscription-station","commerce","Subscription Station · A4-2","A4-2","Cancel anytime after locating the unmarked basement fax machine.","19","6.09","16.7588","1930","346","190","models/vlt-subscription-station-24.gltf"
"vlt-subscription-station-25","subscription-station","commerce","Subscription Station · A5-2","A5-2","Cancel anytime after locating the unmarked basement fax machine.","20.2","6.24","16.7588","1930","346","190","models/vlt-subscription-station-25.gltf"
"vlt-subscription-station-26","subscription-station","commerce","Subscription Station · B1-2","B1-2","Cancel anytime after locating the unmarked basement fax machine.","15.4","5.64","17.5076","1930","346","190","models/vlt-subscription-station-26.gltf"
"vlt-subscription-station-27","subscription-station","commerce","Subscription Station · B2-2","B2-2","Cancel anytime after locating the unmarked basement fax machine.","16.6","5.79","17.5076","1930","346","190","models/vlt-subscription-station-27.gltf"
"vlt-subscription-station-28","subscription-station","commerce","Subscription Station · B3-2","B3-2","Cancel anytime after locating the unmarked basement fax machine.","17.8","5.94","17.5076","1930","346","190","models/vlt-subscription-station-28.gltf"
"vlt-subscription-station-29","subscription-station","commerce","Subscription Station · B4-2","B4-2","Cancel anytime after locating the unmarked basement fax machine.","19","6.09","17.5076","1930","346","190","models/vlt-subscription-station-29.gltf"
"vlt-subscription-station-30","subscription-station","commerce","Subscription Station · B5-2","B5-2","Cancel anytime after locating the unmarked basement fax machine.","20.2","6.24","17.5076","1930","346","190","models/vlt-subscription-station-30.gltf"
"vlt-subscription-station-31","subscription-station","commerce","Subscription Station · C1-2","C1-2","Cancel anytime after locating the unmarked basement fax machine.","15.4","5.64","18.2564","1930","346","190","models/vlt-subscription-station-31.gltf"
"vlt-subscription-station-32","subscription-station","commerce","Subscription Station · C2-2","C2-2","Cancel anytime after locating the unmarked basement fax machine.","16.6","5.79","18.2564","1930","346","190","models/vlt-subscription-station-32.gltf"
"vlt-subscription-station-33","subscription-station","commerce","Subscription Station · C3-2","C3-2","Cancel anytime after locating the unmarked basement fax machine.","17.8","5.94","18.2564","1930","346","190","models/vlt-subscription-station-33.gltf"
"vlt-subscription-station-34","subscription-station","commerce","Subscription Station · C4-2","C4-2","Cancel anytime after locating the unmarked basement fax machine.","19","6.09","18.2564","1930","346","190","models/vlt-subscription-station-34.gltf"
"vlt-subscription-station-35","subscription-station","commerce","Subscription Station · C5-2","C5-2","Cancel anytime after locating the unmarked basement fax machine.","20.2","6.24","18.2564","1930","346","190","models/vlt-subscription-station-35.gltf"
"vlt-subscription-station-36","subscription-station","commerce","Subscription Station · D1-2","D1-2","Cancel anytime after locating the unmarked basement fax machine.","15.4","5.64","19.0052","1930","346","190","models/vlt-subscription-station-36.gltf"
"vlt-subscription-station-37","subscription-station","commerce","Subscription Station · D2-2","D2-2","Cancel anytime after locating the unmarked basement fax machine.","16.6","5.79","19.0052","1930","346","190","models/vlt-subscription-station-37.gltf"
"vlt-subscription-station-38","subscription-station","commerce","Subscription Station · D3-2","D3-2","Cancel anytime after locating the unmarked basement fax machine.","17.8","5.94","19.0052","1930","346","190","models/vlt-subscription-station-38.gltf"
"vlt-subscription-station-39","subscription-station","commerce","Subscription Station · D4-2","D4-2","Cancel anytime after locating the unmarked basement fax machine.","19","6.09","19.0052","1930","346","190","models/vlt-subscription-station-39.gltf"
"vlt-subscription-station-40","subscription-station","commerce","Subscription Station · D5-2","D5-2","Cancel anytime after locating the unmarked basement fax machine.","20.2","6.24","19.0052","1930","346","190","models/vlt-subscription-station-40.gltf"
"vlt-suburban-history-museum-01","suburban-history-museum","neighborhood","Suburban History Museum · A1-1","A1-1","Local history preserved beside the parking lot that replaced it.","16","8.225","18.29","850","146","110","models/vlt-suburban-history-museum-01.gltf"
"vlt-suburban-history-museum-02","suburban-history-museum","neighborhood","Suburban History Museum · A2-1","A2-1","Local history preserved beside the parking lot that replaced it.","18.24","8.225","19.08","850","146","110","models/vlt-suburban-history-museum-02.gltf"
"vlt-suburban-history-museum-03","suburban-history-museum","neighborhood","Suburban History Museum · A3-1","A3-1","Local history preserved beside the parking lot that replaced it.","20.8","8.225","19.87","850","146","110","models/vlt-suburban-history-museum-03.gltf"
"vlt-suburban-history-museum-04","suburban-history-museum","neighborhood","Suburban History Museum · A4-1","A4-1","Local history preserved beside the parking lot that replaced it.","23.52","8.225","20.66","850","146","110","models/vlt-suburban-history-museum-04.gltf"
"vlt-suburban-history-museum-05","suburban-history-museum","neighborhood","Suburban History Museum · A5-1","A5-1","Local history preserved beside the parking lot that replaced it.","26.4","8.225","21.45","850","146","110","models/vlt-suburban-history-museum-05.gltf"
"vlt-suburban-history-museum-06","suburban-history-museum","neighborhood","Suburban History Museum · B1-1","B1-1","Local history preserved beside the parking lot that replaced it.","16","8.225","18.948","958","158","110","models/vlt-suburban-history-museum-06.gltf"
"vlt-suburban-history-museum-07","suburban-history-museum","neighborhood","Suburban History Museum · B2-1","B2-1","Local history preserved beside the parking lot that replaced it.","18.24","8.225","19.766","958","158","110","models/vlt-suburban-history-museum-07.gltf"
"vlt-suburban-history-museum-08","suburban-history-museum","neighborhood","Suburban History Museum · B3-1","B3-1","Local history preserved beside the parking lot that replaced it.","20.8","8.225","20.584","958","158","110","models/vlt-suburban-history-museum-08.gltf"
"vlt-suburban-history-museum-09","suburban-history-museum","neighborhood","Suburban History Museum · B4-1","B4-1","Local history preserved beside the parking lot that replaced it.","23.52","8.225","21.402","958","158","110","models/vlt-suburban-history-museum-09.gltf"
"vlt-suburban-history-museum-10","suburban-history-museum","neighborhood","Suburban History Museum · B5-1","B5-1","Local history preserved beside the parking lot that replaced it.","26.4","8.225","22.22","958","158","110","models/vlt-suburban-history-museum-10.gltf"
"vlt-suburban-history-museum-11","suburban-history-museum","neighborhood","Suburban History Museum · C1-1","C1-1","Local history preserved beside the parking lot that replaced it.","16","8.225","19.606","1066","170","110","models/vlt-suburban-history-museum-11.gltf"
"vlt-suburban-history-museum-12","suburban-history-museum","neighborhood","Suburban History Museum · C2-1","C2-1","Local history preserved beside the parking lot that replaced it.","18.24","8.225","20.452","1066","170","110","models/vlt-suburban-history-museum-12.gltf"
"vlt-suburban-history-museum-13","suburban-history-museum","neighborhood","Suburban History Museum · C3-1","C3-1","Local history preserved beside the parking lot that replaced it.","20.8","8.225","21.298","1066","170","110","models/vlt-suburban-history-museum-13.gltf"
"vlt-suburban-history-museum-14","suburban-history-museum","neighborhood","Suburban History Museum · C4-1","C4-1","Local history preserved beside the parking lot that replaced it.","23.52","8.225","22.144","1066","170","110","models/vlt-suburban-history-museum-14.gltf"
"vlt-suburban-history-museum-15","suburban-history-museum","neighborhood","Suburban History Museum · C5-1","C5-1","Local history preserved beside the parking lot that replaced it.","26.4","8.225","22.99","1066","170","110","models/vlt-suburban-history-museum-15.gltf"
"vlt-suburban-history-museum-16","suburban-history-museum","neighborhood","Suburban History Museum · D1-1","D1-1","Local history preserved beside the parking lot that replaced it.","16","8.225","20.264","1174","182","110","models/vlt-suburban-history-museum-16.gltf"
"vlt-suburban-history-museum-17","suburban-history-museum","neighborhood","Suburban History Museum · D2-1","D2-1","Local history preserved beside the parking lot that replaced it.","18.24","8.225","21.138","1174","182","110","models/vlt-suburban-history-museum-17.gltf"
"vlt-suburban-history-museum-18","suburban-history-museum","neighborhood","Suburban History Museum · D3-1","D3-1","Local history preserved beside the parking lot that replaced it.","20.8","8.225","22.012","1174","182","110","models/vlt-suburban-history-museum-18.gltf"
"vlt-suburban-history-museum-19","suburban-history-museum","neighborhood","Suburban History Museum · D4-1","D4-1","Local history preserved beside the parking lot that replaced it.","23.52","8.225","22.886","1174","182","110","models/vlt-suburban-history-museum-19.gltf"
"vlt-suburban-history-museum-20","suburban-history-museum","neighborhood","Suburban History Museum · D5-1","D5-1","Local history preserved beside the parking lot that replaced it.","26.4","8.225","23.76","1174","182","110","models/vlt-suburban-history-museum-20.gltf"
"vlt-suburban-history-museum-21","suburban-history-museum","neighborhood","Suburban History Museum · A1-2","A1-2","Local history preserved beside the parking lot that replaced it.","16","8.225","18.29","958","158","110","models/vlt-suburban-history-museum-21.gltf"
"vlt-suburban-history-museum-22","suburban-history-museum","neighborhood","Suburban History Museum · A2-2","A2-2","Local history preserved beside the parking lot that replaced it.","18.24","8.225","19.08","958","158","110","models/vlt-suburban-history-museum-22.gltf"
"vlt-suburban-history-museum-23","suburban-history-museum","neighborhood","Suburban History Museum · A3-2","A3-2","Local history preserved beside the parking lot that replaced it.","20.8","8.225","19.87","958","158","110","models/vlt-suburban-history-museum-23.gltf"
"vlt-suburban-history-museum-24","suburban-history-museum","neighborhood","Suburban History Museum · A4-2","A4-2","Local history preserved beside the parking lot that replaced it.","23.52","8.225","20.66","958","158","110","models/vlt-suburban-history-museum-24.gltf"
"vlt-suburban-history-museum-25","suburban-history-museum","neighborhood","Suburban History Museum · A5-2","A5-2","Local history preserved beside the parking lot that replaced it.","26.4","8.225","21.45","958","158","110","models/vlt-suburban-history-museum-25.gltf"
"vlt-suburban-history-museum-26","suburban-history-museum","neighborhood","Suburban History Museum · B1-2","B1-2","Local history preserved beside the parking lot that replaced it.","16","8.225","18.948","1066","170","110","models/vlt-suburban-history-museum-26.gltf"
"vlt-suburban-history-museum-27","suburban-history-museum","neighborhood","Suburban History Museum · B2-2","B2-2","Local history preserved beside the parking lot that replaced it.","18.24","8.225","19.766","1066","170","110","models/vlt-suburban-history-museum-27.gltf"
"vlt-suburban-history-museum-28","suburban-history-museum","neighborhood","Suburban History Museum · B3-2","B3-2","Local history preserved beside the parking lot that replaced it.","20.8","8.225","20.584","1066","170","110","models/vlt-suburban-history-museum-28.gltf"
"vlt-suburban-history-museum-29","suburban-history-museum","neighborhood","Suburban History Museum · B4-2","B4-2","Local history preserved beside the parking lot that replaced it.","23.52","8.225","21.402","1066","170","110","models/vlt-suburban-history-museum-29.gltf"
"vlt-suburban-history-museum-30","suburban-history-museum","neighborhood","Suburban History Museum · B5-2","B5-2","Local history preserved beside the parking lot that replaced it.","26.4","8.225","22.22","1066","170","110","models/vlt-suburban-history-museum-30.gltf"
"vlt-suburban-history-museum-31","suburban-history-museum","neighborhood","Suburban History Museum · C1-2","C1-2","Local history preserved beside the parking lot that replaced it.","16","8.225","19.606","1174","182","110","models/vlt-suburban-history-museum-31.gltf"
"vlt-suburban-history-museum-32","suburban-history-museum","neighborhood","Suburban History Museum · C2-2","C2-2","Local history preserved beside the parking lot that replaced it.","18.24","8.225","20.452","1174","182","110","models/vlt-suburban-history-museum-32.gltf"
"vlt-suburban-history-museum-33","suburban-history-museum","neighborhood","Suburban History Museum · C3-2","C3-2","Local history preserved beside the parking lot that replaced it.","20.8","8.225","21.298","1174","182","110","models/vlt-suburban-history-museum-33.gltf"
"vlt-suburban-history-museum-34","suburban-history-museum","neighborhood","Suburban History Museum · C4-2","C4-2","Local history preserved beside the parking lot that replaced it.","23.52","8.225","22.144","1174","182","110","models/vlt-suburban-history-museum-34.gltf"
"vlt-suburban-history-museum-35","suburban-history-museum","neighborhood","Suburban History Museum · C5-2","C5-2","Local history preserved beside the parking lot that replaced it.","26.4","8.225","22.99","1174","182","110","models/vlt-suburban-history-museum-35.gltf"
"vlt-suburban-history-museum-36","suburban-history-museum","neighborhood","Suburban History Museum · D1-2","D1-2","Local history preserved beside the parking lot that replaced it.","16","8.225","20.264","1282","194","110","models/vlt-suburban-history-museum-36.gltf"
"vlt-suburban-history-museum-37","suburban-history-museum","neighborhood","Suburban History Museum · D2-2","D2-2","Local history preserved beside the parking lot that replaced it.","18.24","8.225","21.138","1282","194","110","models/vlt-suburban-history-museum-37.gltf"
"vlt-suburban-history-museum-38","suburban-history-museum","neighborhood","Suburban History Museum · D3-2","D3-2","Local history preserved beside the parking lot that replaced it.","20.8","8.225","22.012","1282","194","110","models/vlt-suburban-history-museum-38.gltf"
"vlt-suburban-history-museum-39","suburban-history-museum","neighborhood","Suburban History Museum · D4-2","D4-2","Local history preserved beside the parking lot that replaced it.","23.52","8.225","22.886","1282","194","110","models/vlt-suburban-history-museum-39.gltf"
"vlt-suburban-history-museum-40","suburban-history-museum","neighborhood","Suburban History Museum · D5-2","D5-2","Local history preserved beside the parking lot that replaced it.","26.4","8.225","23.76","1282","194","110","models/vlt-suburban-history-museum-40.gltf"
"vlt-surface-parking-empire-01","surface-parking-empire","infrastructure","Surface Parking Empire · A1-1","A1-1","The highest and best use has been clearly striped.","15.6842","5.44","11.3912","2302","230","194","models/vlt-surface-parking-empire-01.gltf"
"vlt-surface-parking-empire-02","surface-parking-empire","infrastructure","Surface Parking Empire · A2-1","A2-1","The highest and best use has been clearly striped.","20.009","5.44","12.3704","2862","290","194","models/vlt-surface-parking-empire-02.gltf"
"vlt-surface-parking-empire-03","surface-parking-empire","infrastructure","Surface Parking Empire · A3-1","A3-1","The highest and best use has been clearly striped.","24.8768","5.44","13.3496","3422","350","194","models/vlt-surface-parking-empire-03.gltf"
"vlt-surface-parking-empire-04","surface-parking-empire","infrastructure","Surface Parking Empire · A4-1","A4-1","The highest and best use has been clearly striped.","30.2848","5.44","14.3288","3982","410","194","models/vlt-surface-parking-empire-04.gltf"
"vlt-surface-parking-empire-05","surface-parking-empire","infrastructure","Surface Parking Empire · A5-1","A5-1","The highest and best use has been clearly striped.","36.192","5.44","15.308","4542","470","194","models/vlt-surface-parking-empire-05.gltf"
"vlt-surface-parking-empire-06","surface-parking-empire","infrastructure","Surface Parking Empire · B1-1","B1-1","The highest and best use has been clearly striped.","15.7442","5.74","13.2764","2842","266","194","models/vlt-surface-parking-empire-06.gltf"
"vlt-surface-parking-empire-07","surface-parking-empire","infrastructure","Surface Parking Empire · B2-1","B2-1","The highest and best use has been clearly striped.","20.069","5.74","14.4188","3510","326","194","models/vlt-surface-parking-empire-07.gltf"
"vlt-surface-parking-empire-08","surface-parking-empire","infrastructure","Surface Parking Empire · B3-1","B3-1","The highest and best use has been clearly striped.","24.8834","5.74","15.5612","4178","386","194","models/vlt-surface-parking-empire-08.gltf"
"vlt-surface-parking-empire-09","surface-parking-empire","infrastructure","Surface Parking Empire · B4-1","B4-1","The highest and best use has been clearly striped.","30.2848","5.74","16.7036","4846","446","194","models/vlt-surface-parking-empire-09.gltf"
"vlt-surface-parking-empire-10","surface-parking-empire","infrastructure","Surface Parking Empire · B5-1","B5-1","The highest and best use has been clearly striped.","36.192","5.74","17.846","5514","506","194","models/vlt-surface-parking-empire-10.gltf"
"vlt-surface-parking-empire-11","surface-parking-empire","infrastructure","Surface Parking Empire · C1-1","C1-1","The highest and best use has been clearly striped.","15.8042","6.04","15.1616","3382","302","194","models/vlt-surface-parking-empire-11.gltf"
"vlt-surface-parking-empire-12","surface-parking-empire","infrastructure","Surface Parking Empire · C2-1","C2-1","The highest and best use has been clearly striped.","20.129","6.04","16.4672","4158","362","194","models/vlt-surface-parking-empire-12.gltf"
"vlt-surface-parking-empire-13","surface-parking-empire","infrastructure","Surface Parking Empire · C3-1","C3-1","The highest and best use has been clearly striped.","24.9434","6.04","17.7728","4934","422","194","models/vlt-surface-parking-empire-13.gltf"
"vlt-surface-parking-empire-14","surface-parking-empire","infrastructure","Surface Parking Empire · C4-1","C4-1","The highest and best use has been clearly striped.","30.2848","6.04","19.0784","5710","482","194","models/vlt-surface-parking-empire-14.gltf"
"vlt-surface-parking-empire-15","surface-parking-empire","infrastructure","Surface Parking Empire · C5-1","C5-1","The highest and best use has been clearly striped.","36.192","6.04","20.384","6486","542","194","models/vlt-surface-parking-empire-15.gltf"
"vlt-surface-parking-empire-16","surface-parking-empire","infrastructure","Surface Parking Empire · D1-1","D1-1","The highest and best use has been clearly striped.","15.8642","6.34","17.0468","3922","338","194","models/vlt-surface-parking-empire-16.gltf"
"vlt-surface-parking-empire-17","surface-parking-empire","infrastructure","Surface Parking Empire · D2-1","D2-1","The highest and best use has been clearly striped.","20.189","6.34","18.5156","4806","398","194","models/vlt-surface-parking-empire-17.gltf"
"vlt-surface-parking-empire-18","surface-parking-empire","infrastructure","Surface Parking Empire · D3-1","D3-1","The highest and best use has been clearly striped.","25.0034","6.34","19.9844","5690","458","194","models/vlt-surface-parking-empire-18.gltf"
"vlt-surface-parking-empire-19","surface-parking-empire","infrastructure","Surface Parking Empire · D4-1","D4-1","The highest and best use has been clearly striped.","30.3074","6.34","21.4532","6574","518","194","models/vlt-surface-parking-empire-19.gltf"
"vlt-surface-parking-empire-20","surface-parking-empire","infrastructure","Surface Parking Empire · D5-1","D5-1","The highest and best use has been clearly striped.","36.192","6.34","22.922","7458","578","194","models/vlt-surface-parking-empire-20.gltf"
"vlt-surface-parking-empire-21","surface-parking-empire","infrastructure","Surface Parking Empire · A1-2","A1-2","The highest and best use has been clearly striped.","15.6842","5.44","11.3912","2518","254","206","models/vlt-surface-parking-empire-21.gltf"
"vlt-surface-parking-empire-22","surface-parking-empire","infrastructure","Surface Parking Empire · A2-2","A2-2","The highest and best use has been clearly striped.","20.009","5.44","12.3704","3078","314","206","models/vlt-surface-parking-empire-22.gltf"
"vlt-surface-parking-empire-23","surface-parking-empire","infrastructure","Surface Parking Empire · A3-2","A3-2","The highest and best use has been clearly striped.","24.8768","5.44","13.3496","3638","374","206","models/vlt-surface-parking-empire-23.gltf"
"vlt-surface-parking-empire-24","surface-parking-empire","infrastructure","Surface Parking Empire · A4-2","A4-2","The highest and best use has been clearly striped.","30.2848","5.44","14.3288","4198","434","206","models/vlt-surface-parking-empire-24.gltf"
"vlt-surface-parking-empire-25","surface-parking-empire","infrastructure","Surface Parking Empire · A5-2","A5-2","The highest and best use has been clearly striped.","36.192","5.44","15.308","4758","494","206","models/vlt-surface-parking-empire-25.gltf"
"vlt-surface-parking-empire-26","surface-parking-empire","infrastructure","Surface Parking Empire · B1-2","B1-2","The highest and best use has been clearly striped.","15.7442","5.74","13.2764","3058","290","206","models/vlt-surface-parking-empire-26.gltf"
"vlt-surface-parking-empire-27","surface-parking-empire","infrastructure","Surface Parking Empire · B2-2","B2-2","The highest and best use has been clearly striped.","20.069","5.74","14.4188","3726","350","206","models/vlt-surface-parking-empire-27.gltf"
"vlt-surface-parking-empire-28","surface-parking-empire","infrastructure","Surface Parking Empire · B3-2","B3-2","The highest and best use has been clearly striped.","24.8834","5.74","15.5612","4394","410","206","models/vlt-surface-parking-empire-28.gltf"
"vlt-surface-parking-empire-29","surface-parking-empire","infrastructure","Surface Parking Empire · B4-2","B4-2","The highest and best use has been clearly striped.","30.2848","5.74","16.7036","5062","470","206","models/vlt-surface-parking-empire-29.gltf"
"vlt-surface-parking-empire-30","surface-parking-empire","infrastructure","Surface Parking Empire · B5-2","B5-2","The highest and best use has been clearly striped.","36.192","5.74","17.846","5730","530","206","models/vlt-surface-parking-empire-30.gltf"
"vlt-surface-parking-empire-31","surface-parking-empire","infrastructure","Surface Parking Empire · C1-2","C1-2","The highest and best use has been clearly striped.","15.8042","6.04","15.1616","3598","326","206","models/vlt-surface-parking-empire-31.gltf"
"vlt-surface-parking-empire-32","surface-parking-empire","infrastructure","Surface Parking Empire · C2-2","C2-2","The highest and best use has been clearly striped.","20.129","6.04","16.4672","4374","386","206","models/vlt-surface-parking-empire-32.gltf"
"vlt-surface-parking-empire-33","surface-parking-empire","infrastructure","Surface Parking Empire · C3-2","C3-2","The highest and best use has been clearly striped.","24.9434","6.04","17.7728","5150","446","206","models/vlt-surface-parking-empire-33.gltf"
"vlt-surface-parking-empire-34","surface-parking-empire","infrastructure","Surface Parking Empire · C4-2","C4-2","The highest and best use has been clearly striped.","30.2848","6.04","19.0784","5926","506","206","models/vlt-surface-parking-empire-34.gltf"
"vlt-surface-parking-empire-35","surface-parking-empire","infrastructure","Surface Parking Empire · C5-2","C5-2","The highest and best use has been clearly striped.","36.192","6.04","20.384","6702","566","206","models/vlt-surface-parking-empire-35.gltf"
"vlt-surface-parking-empire-36","surface-parking-empire","infrastructure","Surface Parking Empire · D1-2","D1-2","The highest and best use has been clearly striped.","15.8642","6.34","17.0468","4138","362","206","models/vlt-surface-parking-empire-36.gltf"
"vlt-surface-parking-empire-37","surface-parking-empire","infrastructure","Surface Parking Empire · D2-2","D2-2","The highest and best use has been clearly striped.","20.189","6.34","18.5156","5022","422","206","models/vlt-surface-parking-empire-37.gltf"
"vlt-surface-parking-empire-38","surface-parking-empire","infrastructure","Surface Parking Empire · D3-2","D3-2","The highest and best use has been clearly striped.","25.0034","6.34","19.9844","5906","482","206","models/vlt-surface-parking-empire-38.gltf"
"vlt-surface-parking-empire-39","surface-parking-empire","infrastructure","Surface Parking Empire · D4-2","D4-2","The highest and best use has been clearly striped.","30.3074","6.34","21.4532","6790","542","206","models/vlt-surface-parking-empire-39.gltf"
"vlt-surface-parking-empire-40","surface-parking-empire","infrastructure","Surface Parking Empire · D5-2","D5-2","The highest and best use has been clearly striped.","36.192","6.34","22.922","7674","602","206","models/vlt-surface-parking-empire-40.gltf"
"vlt-tax-assessor-bunker-01","tax-assessor-bunker","infrastructure","Tax Assessor Bunker · A1-1","A1-1","The valuation is final; the architecture is defensive.","8.5034","3.759","7.81","1266","170","146","models/vlt-tax-assessor-bunker-01.gltf"
"vlt-tax-assessor-bunker-02","tax-assessor-bunker","infrastructure","Tax Assessor Bunker · A2-1","A2-1","The valuation is final; the architecture is defensive.","9.2378","3.885","8.4536","1546","218","146","models/vlt-tax-assessor-bunker-02.gltf"
"vlt-tax-assessor-bunker-03","tax-assessor-bunker","infrastructure","Tax Assessor Bunker · A3-1","A3-1","The valuation is final; the architecture is defensive.","9.9722","4.011","9.1064","1610","242","146","models/vlt-tax-assessor-bunker-03.gltf"
"vlt-tax-assessor-bunker-04","tax-assessor-bunker","infrastructure","Tax Assessor Bunker · A4-1","A4-1","The valuation is final; the architecture is defensive.","10.7066","4.137","9.7592","1782","278","146","models/vlt-tax-assessor-bunker-04.gltf"
"vlt-tax-assessor-bunker-05","tax-assessor-bunker","infrastructure","Tax Assessor Bunker · A5-1","A5-1","The valuation is final; the architecture is defensive.","11.441","4.263","10.412","1954","314","146","models/vlt-tax-assessor-bunker-05.gltf"
"vlt-tax-assessor-bunker-06","tax-assessor-bunker","infrastructure","Tax Assessor Bunker · B1-1","B1-1","The valuation is final; the architecture is defensive.","8.5634","3.759","7.9","1482","194","146","models/vlt-tax-assessor-bunker-06.gltf"
"vlt-tax-assessor-bunker-07","tax-assessor-bunker","infrastructure","Tax Assessor Bunker · B2-1","B2-1","The valuation is final; the architecture is defensive.","9.2978","3.885","8.5436","1546","218","146","models/vlt-tax-assessor-bunker-07.gltf"
"vlt-tax-assessor-bunker-08","tax-assessor-bunker","infrastructure","Tax Assessor Bunker · B3-1","B3-1","The valuation is final; the architecture is defensive.","10.0322","4.011","9.1964","1718","254","146","models/vlt-tax-assessor-bunker-08.gltf"
"vlt-tax-assessor-bunker-09","tax-assessor-bunker","infrastructure","Tax Assessor Bunker · B4-1","B4-1","The valuation is final; the architecture is defensive.","10.7666","4.137","9.8492","1782","278","146","models/vlt-tax-assessor-bunker-09.gltf"
"vlt-tax-assessor-bunker-10","tax-assessor-bunker","infrastructure","Tax Assessor Bunker · B5-1","B5-1","The valuation is final; the architecture is defensive.","11.501","4.263","10.502","2062","326","146","models/vlt-tax-assessor-bunker-10.gltf"
"vlt-tax-assessor-bunker-11","tax-assessor-bunker","infrastructure","Tax Assessor Bunker · C1-1","C1-1","The valuation is final; the architecture is defensive.","8.6234","3.759","7.99","1590","206","146","models/vlt-tax-assessor-bunker-11.gltf"
"vlt-tax-assessor-bunker-12","tax-assessor-bunker","infrastructure","Tax Assessor Bunker · C2-1","C2-1","The valuation is final; the architecture is defensive.","9.3578","3.885","8.6336","1654","230","146","models/vlt-tax-assessor-bunker-12.gltf"
"vlt-tax-assessor-bunker-13","tax-assessor-bunker","infrastructure","Tax Assessor Bunker · C3-1","C3-1","The valuation is final; the architecture is defensive.","10.0922","4.011","9.2864","1826","266","146","models/vlt-tax-assessor-bunker-13.gltf"
"vlt-tax-assessor-bunker-14","tax-assessor-bunker","infrastructure","Tax Assessor Bunker · C4-1","C4-1","The valuation is final; the architecture is defensive.","10.8266","4.137","9.9392","1890","290","146","models/vlt-tax-assessor-bunker-14.gltf"
"vlt-tax-assessor-bunker-15","tax-assessor-bunker","infrastructure","Tax Assessor Bunker · C5-1","C5-1","The valuation is final; the architecture is defensive.","11.561","4.263","10.592","2170","338","146","models/vlt-tax-assessor-bunker-15.gltf"
"vlt-tax-assessor-bunker-16","tax-assessor-bunker","infrastructure","Tax Assessor Bunker · D1-1","D1-1","The valuation is final; the architecture is defensive.","8.6834","3.759","8.08","1590","206","146","models/vlt-tax-assessor-bunker-16.gltf"
"vlt-tax-assessor-bunker-17","tax-assessor-bunker","infrastructure","Tax Assessor Bunker · D2-1","D2-1","The valuation is final; the architecture is defensive.","9.4178","3.885","8.7236","1870","254","146","models/vlt-tax-assessor-bunker-17.gltf"
"vlt-tax-assessor-bunker-18","tax-assessor-bunker","infrastructure","Tax Assessor Bunker · D3-1","D3-1","The valuation is final; the architecture is defensive.","10.1522","4.011","9.3764","1934","278","146","models/vlt-tax-assessor-bunker-18.gltf"
"vlt-tax-assessor-bunker-19","tax-assessor-bunker","infrastructure","Tax Assessor Bunker · D4-1","D4-1","The valuation is final; the architecture is defensive.","10.8866","4.137","10.0292","2106","314","146","models/vlt-tax-assessor-bunker-19.gltf"
"vlt-tax-assessor-bunker-20","tax-assessor-bunker","infrastructure","Tax Assessor Bunker · D5-1","D5-1","The valuation is final; the architecture is defensive.","11.621","4.263","10.682","2278","350","146","models/vlt-tax-assessor-bunker-20.gltf"
"vlt-tax-assessor-bunker-21","tax-assessor-bunker","infrastructure","Tax Assessor Bunker · A1-2","A1-2","The valuation is final; the architecture is defensive.","8.5034","3.759","7.81","1482","194","158","models/vlt-tax-assessor-bunker-21.gltf"
"vlt-tax-assessor-bunker-22","tax-assessor-bunker","infrastructure","Tax Assessor Bunker · A2-2","A2-2","The valuation is final; the architecture is defensive.","9.2378","3.885","8.4536","1762","242","158","models/vlt-tax-assessor-bunker-22.gltf"
"vlt-tax-assessor-bunker-23","tax-assessor-bunker","infrastructure","Tax Assessor Bunker · A3-2","A3-2","The valuation is final; the architecture is defensive.","9.9722","4.011","9.1064","1826","266","158","models/vlt-tax-assessor-bunker-23.gltf"
"vlt-tax-assessor-bunker-24","tax-assessor-bunker","infrastructure","Tax Assessor Bunker · A4-2","A4-2","The valuation is final; the architecture is defensive.","10.7066","4.137","9.7592","1998","302","158","models/vlt-tax-assessor-bunker-24.gltf"
"vlt-tax-assessor-bunker-25","tax-assessor-bunker","infrastructure","Tax Assessor Bunker · A5-2","A5-2","The valuation is final; the architecture is defensive.","11.441","4.263","10.412","2170","338","158","models/vlt-tax-assessor-bunker-25.gltf"
"vlt-tax-assessor-bunker-26","tax-assessor-bunker","infrastructure","Tax Assessor Bunker · B1-2","B1-2","The valuation is final; the architecture is defensive.","8.5634","3.759","7.9","1698","218","158","models/vlt-tax-assessor-bunker-26.gltf"
"vlt-tax-assessor-bunker-27","tax-assessor-bunker","infrastructure","Tax Assessor Bunker · B2-2","B2-2","The valuation is final; the architecture is defensive.","9.2978","3.885","8.5436","1762","242","158","models/vlt-tax-assessor-bunker-27.gltf"
"vlt-tax-assessor-bunker-28","tax-assessor-bunker","infrastructure","Tax Assessor Bunker · B3-2","B3-2","The valuation is final; the architecture is defensive.","10.0322","4.011","9.1964","1934","278","158","models/vlt-tax-assessor-bunker-28.gltf"
"vlt-tax-assessor-bunker-29","tax-assessor-bunker","infrastructure","Tax Assessor Bunker · B4-2","B4-2","The valuation is final; the architecture is defensive.","10.7666","4.137","9.8492","1998","302","158","models/vlt-tax-assessor-bunker-29.gltf"
"vlt-tax-assessor-bunker-30","tax-assessor-bunker","infrastructure","Tax Assessor Bunker · B5-2","B5-2","The valuation is final; the architecture is defensive.","11.501","4.263","10.502","2278","350","158","models/vlt-tax-assessor-bunker-30.gltf"
"vlt-tax-assessor-bunker-31","tax-assessor-bunker","infrastructure","Tax Assessor Bunker · C1-2","C1-2","The valuation is final; the architecture is defensive.","8.6234","3.759","7.99","1806","230","158","models/vlt-tax-assessor-bunker-31.gltf"
"vlt-tax-assessor-bunker-32","tax-assessor-bunker","infrastructure","Tax Assessor Bunker · C2-2","C2-2","The valuation is final; the architecture is defensive.","9.3578","3.885","8.6336","1870","254","158","models/vlt-tax-assessor-bunker-32.gltf"
"vlt-tax-assessor-bunker-33","tax-assessor-bunker","infrastructure","Tax Assessor Bunker · C3-2","C3-2","The valuation is final; the architecture is defensive.","10.0922","4.011","9.2864","2042","290","158","models/vlt-tax-assessor-bunker-33.gltf"
"vlt-tax-assessor-bunker-34","tax-assessor-bunker","infrastructure","Tax Assessor Bunker · C4-2","C4-2","The valuation is final; the architecture is defensive.","10.8266","4.137","9.9392","2106","314","158","models/vlt-tax-assessor-bunker-34.gltf"
"vlt-tax-assessor-bunker-35","tax-assessor-bunker","infrastructure","Tax Assessor Bunker · C5-2","C5-2","The valuation is final; the architecture is defensive.","11.561","4.263","10.592","2386","362","158","models/vlt-tax-assessor-bunker-35.gltf"
"vlt-tax-assessor-bunker-36","tax-assessor-bunker","infrastructure","Tax Assessor Bunker · D1-2","D1-2","The valuation is final; the architecture is defensive.","8.6834","3.759","8.08","1806","230","158","models/vlt-tax-assessor-bunker-36.gltf"
"vlt-tax-assessor-bunker-37","tax-assessor-bunker","infrastructure","Tax Assessor Bunker · D2-2","D2-2","The valuation is final; the architecture is defensive.","9.4178","3.885","8.7236","2086","278","158","models/vlt-tax-assessor-bunker-37.gltf"
"vlt-tax-assessor-bunker-38","tax-assessor-bunker","infrastructure","Tax Assessor Bunker · D3-2","D3-2","The valuation is final; the architecture is defensive.","10.1522","4.011","9.3764","2150","302","158","models/vlt-tax-assessor-bunker-38.gltf"
"vlt-tax-assessor-bunker-39","tax-assessor-bunker","infrastructure","Tax Assessor Bunker · D4-2","D4-2","The valuation is final; the architecture is defensive.","10.8866","4.137","10.0292","2322","338","158","models/vlt-tax-assessor-bunker-39.gltf"
"vlt-tax-assessor-bunker-40","tax-assessor-bunker","infrastructure","Tax Assessor Bunker · D5-2","D5-2","The valuation is final; the architecture is defensive.","11.621","4.263","10.682","2494","374","158","models/vlt-tax-assessor-bunker-40.gltf"
"vlt-tollbooth-plaza-01","tollbooth-plaza","infrastructure","Tollbooth Plaza · A1-1","A1-1","A free road becomes self-supporting one quarter at a time.","10.492323","4.865","7.76","1482","194","134","models/vlt-tollbooth-plaza-01.gltf"
"vlt-tollbooth-plaza-02","tollbooth-plaza","infrastructure","Tollbooth Plaza · A2-1","A2-1","A free road becomes self-supporting one quarter at a time.","13.592323","4.865","7.76","1870","254","134","models/vlt-tollbooth-plaza-02.gltf"
"vlt-tollbooth-plaza-03","tollbooth-plaza","infrastructure","Tollbooth Plaza · A3-1","A3-1","A free road becomes self-supporting one quarter at a time.","16.692323","4.865","7.76","2258","314","134","models/vlt-tollbooth-plaza-03.gltf"
"vlt-tollbooth-plaza-04","tollbooth-plaza","infrastructure","Tollbooth Plaza · A4-1","A4-1","A free road becomes self-supporting one quarter at a time.","19.792323","4.865","7.76","2646","374","134","models/vlt-tollbooth-plaza-04.gltf"
"vlt-tollbooth-plaza-05","tollbooth-plaza","infrastructure","Tollbooth Plaza · A5-1","A5-1","A free road becomes self-supporting one quarter at a time.","22.892323","4.865","7.76","3034","434","134","models/vlt-tollbooth-plaza-05.gltf"
"vlt-tollbooth-plaza-06","tollbooth-plaza","infrastructure","Tollbooth Plaza · B1-1","B1-1","A free road becomes self-supporting one quarter at a time.","10.492323","4.865","8.87","1482","194","134","models/vlt-tollbooth-plaza-06.gltf"
"vlt-tollbooth-plaza-07","tollbooth-plaza","infrastructure","Tollbooth Plaza · B2-1","B2-1","A free road becomes self-supporting one quarter at a time.","13.592323","4.865","8.87","1870","254","134","models/vlt-tollbooth-plaza-07.gltf"
"vlt-tollbooth-plaza-08","tollbooth-plaza","infrastructure","Tollbooth Plaza · B3-1","B3-1","A free road becomes self-supporting one quarter at a time.","16.692323","4.865","8.87","2258","314","134","models/vlt-tollbooth-plaza-08.gltf"
"vlt-tollbooth-plaza-09","tollbooth-plaza","infrastructure","Tollbooth Plaza · B4-1","B4-1","A free road becomes self-supporting one quarter at a time.","19.792323","4.865","8.87","2646","374","134","models/vlt-tollbooth-plaza-09.gltf"
"vlt-tollbooth-plaza-10","tollbooth-plaza","infrastructure","Tollbooth Plaza · B5-1","B5-1","A free road becomes self-supporting one quarter at a time.","22.892323","4.865","8.87","3034","434","134","models/vlt-tollbooth-plaza-10.gltf"
"vlt-tollbooth-plaza-11","tollbooth-plaza","infrastructure","Tollbooth Plaza · C1-1","C1-1","A free road becomes self-supporting one quarter at a time.","10.537323","4.865","9.98","1482","194","134","models/vlt-tollbooth-plaza-11.gltf"
"vlt-tollbooth-plaza-12","tollbooth-plaza","infrastructure","Tollbooth Plaza · C2-1","C2-1","A free road becomes self-supporting one quarter at a time.","13.637323","4.865","9.98","1870","254","134","models/vlt-tollbooth-plaza-12.gltf"
"vlt-tollbooth-plaza-13","tollbooth-plaza","infrastructure","Tollbooth Plaza · C3-1","C3-1","A free road becomes self-supporting one quarter at a time.","16.737323","4.865","9.98","2258","314","134","models/vlt-tollbooth-plaza-13.gltf"
"vlt-tollbooth-plaza-14","tollbooth-plaza","infrastructure","Tollbooth Plaza · C4-1","C4-1","A free road becomes self-supporting one quarter at a time.","19.837323","4.865","9.98","2646","374","134","models/vlt-tollbooth-plaza-14.gltf"
"vlt-tollbooth-plaza-15","tollbooth-plaza","infrastructure","Tollbooth Plaza · C5-1","C5-1","A free road becomes self-supporting one quarter at a time.","22.937323","4.865","9.98","3034","434","134","models/vlt-tollbooth-plaza-15.gltf"
"vlt-tollbooth-plaza-16","tollbooth-plaza","infrastructure","Tollbooth Plaza · D1-1","D1-1","A free road becomes self-supporting one quarter at a time.","10.492323","4.865","11.09","1482","194","134","models/vlt-tollbooth-plaza-16.gltf"
"vlt-tollbooth-plaza-17","tollbooth-plaza","infrastructure","Tollbooth Plaza · D2-1","D2-1","A free road becomes self-supporting one quarter at a time.","13.592323","4.865","11.09","1870","254","134","models/vlt-tollbooth-plaza-17.gltf"
"vlt-tollbooth-plaza-18","tollbooth-plaza","infrastructure","Tollbooth Plaza · D3-1","D3-1","A free road becomes self-supporting one quarter at a time.","16.692323","4.865","11.09","2258","314","134","models/vlt-tollbooth-plaza-18.gltf"
"vlt-tollbooth-plaza-19","tollbooth-plaza","infrastructure","Tollbooth Plaza · D4-1","D4-1","A free road becomes self-supporting one quarter at a time.","19.792323","4.865","11.09","2646","374","134","models/vlt-tollbooth-plaza-19.gltf"
"vlt-tollbooth-plaza-20","tollbooth-plaza","infrastructure","Tollbooth Plaza · D5-1","D5-1","A free road becomes self-supporting one quarter at a time.","22.892323","4.865","11.09","3034","434","134","models/vlt-tollbooth-plaza-20.gltf"
"vlt-tollbooth-plaza-21","tollbooth-plaza","infrastructure","Tollbooth Plaza · A1-2","A1-2","A free road becomes self-supporting one quarter at a time.","10.492323","4.865","7.76","1698","218","146","models/vlt-tollbooth-plaza-21.gltf"
"vlt-tollbooth-plaza-22","tollbooth-plaza","infrastructure","Tollbooth Plaza · A2-2","A2-2","A free road becomes self-supporting one quarter at a time.","13.592323","4.865","7.76","2086","278","146","models/vlt-tollbooth-plaza-22.gltf"
"vlt-tollbooth-plaza-23","tollbooth-plaza","infrastructure","Tollbooth Plaza · A3-2","A3-2","A free road becomes self-supporting one quarter at a time.","16.692323","4.865","7.76","2474","338","146","models/vlt-tollbooth-plaza-23.gltf"
"vlt-tollbooth-plaza-24","tollbooth-plaza","infrastructure","Tollbooth Plaza · A4-2","A4-2","A free road becomes self-supporting one quarter at a time.","19.792323","4.865","7.76","2862","398","146","models/vlt-tollbooth-plaza-24.gltf"
"vlt-tollbooth-plaza-25","tollbooth-plaza","infrastructure","Tollbooth Plaza · A5-2","A5-2","A free road becomes self-supporting one quarter at a time.","22.892323","4.865","7.76","3250","458","146","models/vlt-tollbooth-plaza-25.gltf"
"vlt-tollbooth-plaza-26","tollbooth-plaza","infrastructure","Tollbooth Plaza · B1-2","B1-2","A free road becomes self-supporting one quarter at a time.","10.492323","4.865","8.87","1698","218","146","models/vlt-tollbooth-plaza-26.gltf"
"vlt-tollbooth-plaza-27","tollbooth-plaza","infrastructure","Tollbooth Plaza · B2-2","B2-2","A free road becomes self-supporting one quarter at a time.","13.592323","4.865","8.87","2086","278","146","models/vlt-tollbooth-plaza-27.gltf"
"vlt-tollbooth-plaza-28","tollbooth-plaza","infrastructure","Tollbooth Plaza · B3-2","B3-2","A free road becomes self-supporting one quarter at a time.","16.692323","4.865","8.87","2474","338","146","models/vlt-tollbooth-plaza-28.gltf"
"vlt-tollbooth-plaza-29","tollbooth-plaza","infrastructure","Tollbooth Plaza · B4-2","B4-2","A free road becomes self-supporting one quarter at a time.","19.792323","4.865","8.87","2862","398","146","models/vlt-tollbooth-plaza-29.gltf"
"vlt-tollbooth-plaza-30","tollbooth-plaza","infrastructure","Tollbooth Plaza · B5-2","B5-2","A free road becomes self-supporting one quarter at a time.","22.892323","4.865","8.87","3250","458","146","models/vlt-tollbooth-plaza-30.gltf"
"vlt-tollbooth-plaza-31","tollbooth-plaza","infrastructure","Tollbooth Plaza · C1-2","C1-2","A free road becomes self-supporting one quarter at a time.","10.537323","4.865","9.98","1698","218","146","models/vlt-tollbooth-plaza-31.gltf"
"vlt-tollbooth-plaza-32","tollbooth-plaza","infrastructure","Tollbooth Plaza · C2-2","C2-2","A free road becomes self-supporting one quarter at a time.","13.637323","4.865","9.98","2086","278","146","models/vlt-tollbooth-plaza-32.gltf"
"vlt-tollbooth-plaza-33","tollbooth-plaza","infrastructure","Tollbooth Plaza · C3-2","C3-2","A free road becomes self-supporting one quarter at a time.","16.737323","4.865","9.98","2474","338","146","models/vlt-tollbooth-plaza-33.gltf"
"vlt-tollbooth-plaza-34","tollbooth-plaza","infrastructure","Tollbooth Plaza · C4-2","C4-2","A free road becomes self-supporting one quarter at a time.","19.837323","4.865","9.98","2862","398","146","models/vlt-tollbooth-plaza-34.gltf"
"vlt-tollbooth-plaza-35","tollbooth-plaza","infrastructure","Tollbooth Plaza · C5-2","C5-2","A free road becomes self-supporting one quarter at a time.","22.937323","4.865","9.98","3250","458","146","models/vlt-tollbooth-plaza-35.gltf"
"vlt-tollbooth-plaza-36","tollbooth-plaza","infrastructure","Tollbooth Plaza · D1-2","D1-2","A free road becomes self-supporting one quarter at a time.","10.492323","4.865","11.09","1698","218","146","models/vlt-tollbooth-plaza-36.gltf"
"vlt-tollbooth-plaza-37","tollbooth-plaza","infrastructure","Tollbooth Plaza · D2-2","D2-2","A free road becomes self-supporting one quarter at a time.","13.592323","4.865","11.09","2086","278","146","models/vlt-tollbooth-plaza-37.gltf"
"vlt-tollbooth-plaza-38","tollbooth-plaza","infrastructure","Tollbooth Plaza · D3-2","D3-2","A free road becomes self-supporting one quarter at a time.","16.692323","4.865","11.09","2474","338","146","models/vlt-tollbooth-plaza-38.gltf"
"vlt-tollbooth-plaza-39","tollbooth-plaza","infrastructure","Tollbooth Plaza · D4-2","D4-2","A free road becomes self-supporting one quarter at a time.","19.792323","4.865","11.09","2862","398","146","models/vlt-tollbooth-plaza-39.gltf"
"vlt-tollbooth-plaza-40","tollbooth-plaza","infrastructure","Tollbooth Plaza · D5-2","D5-2","A free road becomes self-supporting one quarter at a time.","22.892323","4.865","11.09","3250","458","146","models/vlt-tollbooth-plaza-40.gltf"
"vlt-tract-ashford-01","tract-ashford","neighborhood","The Ashford · A1-1","A1-1","An artisanal floor plan repeated 640 times.","11.10208","5.007898","12.15584","866","98","74","models/vlt-tract-ashford-01.gltf"
"vlt-tract-ashford-02","tract-ashford","neighborhood","The Ashford · A2-1","A2-1","An artisanal floor plan repeated 640 times.","12.74112","5.170405","13.23376","974","110","74","models/vlt-tract-ashford-02.gltf"
"vlt-tract-ashford-03","tract-ashford","neighborhood","The Ashford · A3-1","A3-1","An artisanal floor plan repeated 640 times.","14.48512","5.332912","14.54752","1082","122","74","models/vlt-tract-ashford-03.gltf"
"vlt-tract-ashford-04","tract-ashford","neighborhood","The Ashford · A4-1","A4-1","An artisanal floor plan repeated 640 times.","16.33408","5.49542","16.31168","866","98","74","models/vlt-tract-ashford-04.gltf"
"vlt-tract-ashford-05","tract-ashford","neighborhood","The Ashford · A5-1","A5-1","An artisanal floor plan repeated 640 times.","18.288","5.657927","18.168","974","110","74","models/vlt-tract-ashford-05.gltf"
"vlt-tract-ashford-06","tract-ashford","neighborhood","The Ashford · B1-1","B1-1","An artisanal floor plan repeated 640 times.","11.10208","5.007898","12.56584","866","98","74","models/vlt-tract-ashford-06.gltf"
"vlt-tract-ashford-07","tract-ashford","neighborhood","The Ashford · B2-1","B2-1","An artisanal floor plan repeated 640 times.","12.74112","5.170405","13.64376","974","110","74","models/vlt-tract-ashford-07.gltf"
"vlt-tract-ashford-08","tract-ashford","neighborhood","The Ashford · B3-1","B3-1","An artisanal floor plan repeated 640 times.","14.48512","5.332912","14.76776","1082","122","74","models/vlt-tract-ashford-08.gltf"
"vlt-tract-ashford-09","tract-ashford","neighborhood","The Ashford · B4-1","B4-1","An artisanal floor plan repeated 640 times.","16.33408","5.49542","16.31168","866","98","74","models/vlt-tract-ashford-09.gltf"
"vlt-tract-ashford-10","tract-ashford","neighborhood","The Ashford · B5-1","B5-1","An artisanal floor plan repeated 640 times.","18.288","5.657927","18.168","974","110","74","models/vlt-tract-ashford-10.gltf"
"vlt-tract-ashford-11","tract-ashford","neighborhood","The Ashford · C1-1","C1-1","An artisanal floor plan repeated 640 times.","11.10208","5.007898","13.06584","866","98","74","models/vlt-tract-ashford-11.gltf"
"vlt-tract-ashford-12","tract-ashford","neighborhood","The Ashford · C2-1","C2-1","An artisanal floor plan repeated 640 times.","12.74112","5.170405","14.14376","974","110","74","models/vlt-tract-ashford-12.gltf"
"vlt-tract-ashford-13","tract-ashford","neighborhood","The Ashford · C3-1","C3-1","An artisanal floor plan repeated 640 times.","14.48512","5.332912","15.26776","1082","122","74","models/vlt-tract-ashford-13.gltf"
"vlt-tract-ashford-14","tract-ashford","neighborhood","The Ashford · C4-1","C4-1","An artisanal floor plan repeated 640 times.","16.33408","5.49542","16.43784","866","98","74","models/vlt-tract-ashford-14.gltf"
"vlt-tract-ashford-15","tract-ashford","neighborhood","The Ashford · C5-1","C5-1","An artisanal floor plan repeated 640 times.","18.288","5.657927","18.168","974","110","74","models/vlt-tract-ashford-15.gltf"
"vlt-tract-ashford-16","tract-ashford","neighborhood","The Ashford · D1-1","D1-1","An artisanal floor plan repeated 640 times.","11.10208","5.007898","13.56584","866","98","74","models/vlt-tract-ashford-16.gltf"
"vlt-tract-ashford-17","tract-ashford","neighborhood","The Ashford · D2-1","D2-1","An artisanal floor plan repeated 640 times.","12.74112","5.170405","14.64376","974","110","74","models/vlt-tract-ashford-17.gltf"
"vlt-tract-ashford-18","tract-ashford","neighborhood","The Ashford · D3-1","D3-1","An artisanal floor plan repeated 640 times.","14.48512","5.332912","15.76776","1082","122","74","models/vlt-tract-ashford-18.gltf"
"vlt-tract-ashford-19","tract-ashford","neighborhood","The Ashford · D4-1","D4-1","An artisanal floor plan repeated 640 times.","16.33408","5.49542","16.93784","866","98","74","models/vlt-tract-ashford-19.gltf"
"vlt-tract-ashford-20","tract-ashford","neighborhood","The Ashford · D5-1","D5-1","An artisanal floor plan repeated 640 times.","18.288","5.657927","18.168","974","110","74","models/vlt-tract-ashford-20.gltf"
"vlt-tract-ashford-21","tract-ashford","neighborhood","The Ashford · A1-2","A1-2","An artisanal floor plan repeated 640 times.","11.216","5.007898","13.46584","974","110","74","models/vlt-tract-ashford-21.gltf"
"vlt-tract-ashford-22","tract-ashford","neighborhood","The Ashford · A2-2","A2-2","An artisanal floor plan repeated 640 times.","12.74112","5.170405","14.54376","1082","122","74","models/vlt-tract-ashford-22.gltf"
"vlt-tract-ashford-23","tract-ashford","neighborhood","The Ashford · A3-2","A3-2","An artisanal floor plan repeated 640 times.","14.48512","5.332912","15.66776","1190","134","74","models/vlt-tract-ashford-23.gltf"
"vlt-tract-ashford-24","tract-ashford","neighborhood","The Ashford · A4-2","A4-2","An artisanal floor plan repeated 640 times.","16.33408","5.49542","16.83784","974","110","74","models/vlt-tract-ashford-24.gltf"
"vlt-tract-ashford-25","tract-ashford","neighborhood","The Ashford · A5-2","A5-2","An artisanal floor plan repeated 640 times.","18.288","5.657927","18.168","1082","122","74","models/vlt-tract-ashford-25.gltf"
"vlt-tract-ashford-26","tract-ashford","neighborhood","The Ashford · B1-2","B1-2","An artisanal floor plan repeated 640 times.","11.216","5.007898","13.46584","974","110","74","models/vlt-tract-ashford-26.gltf"
"vlt-tract-ashford-27","tract-ashford","neighborhood","The Ashford · B2-2","B2-2","An artisanal floor plan repeated 640 times.","12.74112","5.170405","14.54376","1082","122","74","models/vlt-tract-ashford-27.gltf"
"vlt-tract-ashford-28","tract-ashford","neighborhood","The Ashford · B3-2","B3-2","An artisanal floor plan repeated 640 times.","14.48512","5.332912","15.66776","1190","134","74","models/vlt-tract-ashford-28.gltf"
"vlt-tract-ashford-29","tract-ashford","neighborhood","The Ashford · B4-2","B4-2","An artisanal floor plan repeated 640 times.","16.33408","5.49542","16.83784","974","110","74","models/vlt-tract-ashford-29.gltf"
"vlt-tract-ashford-30","tract-ashford","neighborhood","The Ashford · B5-2","B5-2","An artisanal floor plan repeated 640 times.","18.288","5.657927","18.168","1082","122","74","models/vlt-tract-ashford-30.gltf"
"vlt-tract-ashford-31","tract-ashford","neighborhood","The Ashford · C1-2","C1-2","An artisanal floor plan repeated 640 times.","11.216","5.007898","13.46584","974","110","74","models/vlt-tract-ashford-31.gltf"
"vlt-tract-ashford-32","tract-ashford","neighborhood","The Ashford · C2-2","C2-2","An artisanal floor plan repeated 640 times.","12.74112","5.170405","14.54376","1082","122","74","models/vlt-tract-ashford-32.gltf"
"vlt-tract-ashford-33","tract-ashford","neighborhood","The Ashford · C3-2","C3-2","An artisanal floor plan repeated 640 times.","14.48512","5.332912","15.66776","1190","134","74","models/vlt-tract-ashford-33.gltf"
"vlt-tract-ashford-34","tract-ashford","neighborhood","The Ashford · C4-2","C4-2","An artisanal floor plan repeated 640 times.","16.33408","5.49542","16.83784","974","110","74","models/vlt-tract-ashford-34.gltf"
"vlt-tract-ashford-35","tract-ashford","neighborhood","The Ashford · C5-2","C5-2","An artisanal floor plan repeated 640 times.","18.288","5.657927","18.168","1082","122","74","models/vlt-tract-ashford-35.gltf"
"vlt-tract-ashford-36","tract-ashford","neighborhood","The Ashford · D1-2","D1-2","An artisanal floor plan repeated 640 times.","11.216","5.007898","13.56584","974","110","74","models/vlt-tract-ashford-36.gltf"
"vlt-tract-ashford-37","tract-ashford","neighborhood","The Ashford · D2-2","D2-2","An artisanal floor plan repeated 640 times.","12.74112","5.170405","14.64376","1082","122","74","models/vlt-tract-ashford-37.gltf"
"vlt-tract-ashford-38","tract-ashford","neighborhood","The Ashford · D3-2","D3-2","An artisanal floor plan repeated 640 times.","14.48512","5.332912","15.76776","1190","134","74","models/vlt-tract-ashford-38.gltf"
"vlt-tract-ashford-39","tract-ashford","neighborhood","The Ashford · D4-2","D4-2","An artisanal floor plan repeated 640 times.","16.33408","5.49542","16.93784","974","110","74","models/vlt-tract-ashford-39.gltf"
"vlt-tract-ashford-40","tract-ashford","neighborhood","The Ashford · D5-2","D5-2","An artisanal floor plan repeated 640 times.","18.288","5.657927","18.168","1082","122","74","models/vlt-tract-ashford-40.gltf"
"vlt-tract-beaumont-01","tract-beaumont","neighborhood","The Beaumont · A1-1","A1-1","Classical dignity with a 35-year adjustable mortgage.","10.88184","4.317936","12.45728","944","144","120","models/vlt-tract-beaumont-01.gltf"
"vlt-tract-beaumont-02","tract-beaumont","neighborhood","The Beaumont · A2-1","A2-1","Classical dignity with a 35-year adjustable mortgage.","11.91576","4.328014","14.25792","1052","156","120","models/vlt-tract-beaumont-02.gltf"
"vlt-tract-beaumont-03","tract-beaumont","neighborhood","The Beaumont · A3-1","A3-1","Classical dignity with a 35-year adjustable mortgage.","13.40352","4.338092","16.16992","1160","168","120","models/vlt-tract-beaumont-03.gltf"
"vlt-tract-beaumont-04","tract-beaumont","neighborhood","The Beaumont · A4-1","A4-1","Classical dignity with a 35-year adjustable mortgage.","15.07968","4.34817","18.19328","944","144","120","models/vlt-tract-beaumont-04.gltf"
"vlt-tract-beaumont-05","tract-beaumont","neighborhood","The Beaumont · A5-1","A5-1","Classical dignity with a 35-year adjustable mortgage.","16.848","4.358248","20.328","1052","156","120","models/vlt-tract-beaumont-05.gltf"
"vlt-tract-beaumont-06","tract-beaumont","neighborhood","The Beaumont · B1-1","B1-1","Classical dignity with a 35-year adjustable mortgage.","11.30184","4.317936","12.45728","944","144","120","models/vlt-tract-beaumont-06.gltf"
"vlt-tract-beaumont-07","tract-beaumont","neighborhood","The Beaumont · B2-1","B2-1","Classical dignity with a 35-year adjustable mortgage.","12.33576","4.328014","14.25792","1052","156","120","models/vlt-tract-beaumont-07.gltf"
"vlt-tract-beaumont-08","tract-beaumont","neighborhood","The Beaumont · B3-1","B3-1","Classical dignity with a 35-year adjustable mortgage.","13.41576","4.338092","16.16992","1160","168","120","models/vlt-tract-beaumont-08.gltf"
"vlt-tract-beaumont-09","tract-beaumont","neighborhood","The Beaumont · B4-1","B4-1","Classical dignity with a 35-year adjustable mortgage.","15.07968","4.34817","18.19328","944","144","120","models/vlt-tract-beaumont-09.gltf"
"vlt-tract-beaumont-10","tract-beaumont","neighborhood","The Beaumont · B5-1","B5-1","Classical dignity with a 35-year adjustable mortgage.","16.848","4.358248","20.328","1052","156","120","models/vlt-tract-beaumont-10.gltf"
"vlt-tract-beaumont-11","tract-beaumont","neighborhood","The Beaumont · C1-1","C1-1","Classical dignity with a 35-year adjustable mortgage.","11.72184","4.317936","12.45728","944","144","120","models/vlt-tract-beaumont-11.gltf"
"vlt-tract-beaumont-12","tract-beaumont","neighborhood","The Beaumont · C2-1","C2-1","Classical dignity with a 35-year adjustable mortgage.","12.75576","4.328014","14.25792","1052","156","120","models/vlt-tract-beaumont-12.gltf"
"vlt-tract-beaumont-13","tract-beaumont","neighborhood","The Beaumont · C3-1","C3-1","Classical dignity with a 35-year adjustable mortgage.","13.83576","4.338092","16.16992","1160","168","120","models/vlt-tract-beaumont-13.gltf"
"vlt-tract-beaumont-14","tract-beaumont","neighborhood","The Beaumont · C4-1","C4-1","Classical dignity with a 35-year adjustable mortgage.","15.07968","4.34817","18.19328","944","144","120","models/vlt-tract-beaumont-14.gltf"
"vlt-tract-beaumont-15","tract-beaumont","neighborhood","The Beaumont · C5-1","C5-1","Classical dignity with a 35-year adjustable mortgage.","16.848","4.358248","20.328","1052","156","120","models/vlt-tract-beaumont-15.gltf"
"vlt-tract-beaumont-16","tract-beaumont","neighborhood","The Beaumont · D1-1","D1-1","Classical dignity with a 35-year adjustable mortgage.","12.14184","4.317936","12.45728","944","144","120","models/vlt-tract-beaumont-16.gltf"
"vlt-tract-beaumont-17","tract-beaumont","neighborhood","The Beaumont · D2-1","D2-1","Classical dignity with a 35-year adjustable mortgage.","13.17576","4.328014","14.25792","1052","156","120","models/vlt-tract-beaumont-17.gltf"
"vlt-tract-beaumont-18","tract-beaumont","neighborhood","The Beaumont · D3-1","D3-1","Classical dignity with a 35-year adjustable mortgage.","14.25576","4.338092","16.16992","1160","168","120","models/vlt-tract-beaumont-18.gltf"
"vlt-tract-beaumont-19","tract-beaumont","neighborhood","The Beaumont · D4-1","D4-1","Classical dignity with a 35-year adjustable mortgage.","15.38184","4.34817","18.19328","944","144","120","models/vlt-tract-beaumont-19.gltf"
"vlt-tract-beaumont-20","tract-beaumont","neighborhood","The Beaumont · D5-1","D5-1","Classical dignity with a 35-year adjustable mortgage.","16.848","4.358248","20.328","1052","156","120","models/vlt-tract-beaumont-20.gltf"
"vlt-tract-beaumont-21","tract-beaumont","neighborhood","The Beaumont · A1-2","A1-2","Classical dignity with a 35-year adjustable mortgage.","10.886","4.317936","14.70664","1052","156","120","models/vlt-tract-beaumont-21.gltf"
"vlt-tract-beaumont-22","tract-beaumont","neighborhood","The Beaumont · A2-2","A2-2","Classical dignity with a 35-year adjustable mortgage.","11.91576","4.328014","15.95496","1160","168","120","models/vlt-tract-beaumont-22.gltf"
"vlt-tract-beaumont-23","tract-beaumont","neighborhood","The Beaumont · A3-2","A3-2","Classical dignity with a 35-year adjustable mortgage.","13.40352","4.338092","17.25896","1268","180","120","models/vlt-tract-beaumont-23.gltf"
"vlt-tract-beaumont-24","tract-beaumont","neighborhood","The Beaumont · A4-2","A4-2","Classical dignity with a 35-year adjustable mortgage.","15.07968","4.34817","18.61864","1052","156","120","models/vlt-tract-beaumont-24.gltf"
"vlt-tract-beaumont-25","tract-beaumont","neighborhood","The Beaumont · A5-2","A5-2","Classical dignity with a 35-year adjustable mortgage.","16.848","4.358248","20.328","1160","168","120","models/vlt-tract-beaumont-25.gltf"
"vlt-tract-beaumont-26","tract-beaumont","neighborhood","The Beaumont · B1-2","B1-2","Classical dignity with a 35-year adjustable mortgage.","11.306","4.317936","14.70664","1052","156","120","models/vlt-tract-beaumont-26.gltf"
"vlt-tract-beaumont-27","tract-beaumont","neighborhood","The Beaumont · B2-2","B2-2","Classical dignity with a 35-year adjustable mortgage.","12.33576","4.328014","15.95496","1160","168","120","models/vlt-tract-beaumont-27.gltf"
"vlt-tract-beaumont-28","tract-beaumont","neighborhood","The Beaumont · B3-2","B3-2","Classical dignity with a 35-year adjustable mortgage.","13.41576","4.338092","17.25896","1268","180","120","models/vlt-tract-beaumont-28.gltf"
"vlt-tract-beaumont-29","tract-beaumont","neighborhood","The Beaumont · B4-2","B4-2","Classical dignity with a 35-year adjustable mortgage.","15.07968","4.34817","18.61864","1052","156","120","models/vlt-tract-beaumont-29.gltf"
"vlt-tract-beaumont-30","tract-beaumont","neighborhood","The Beaumont · B5-2","B5-2","Classical dignity with a 35-year adjustable mortgage.","16.848","4.358248","20.328","1160","168","120","models/vlt-tract-beaumont-30.gltf"
"vlt-tract-beaumont-31","tract-beaumont","neighborhood","The Beaumont · C1-2","C1-2","Classical dignity with a 35-year adjustable mortgage.","11.726","4.317936","14.70664","1052","156","120","models/vlt-tract-beaumont-31.gltf"
"vlt-tract-beaumont-32","tract-beaumont","neighborhood","The Beaumont · C2-2","C2-2","Classical dignity with a 35-year adjustable mortgage.","12.75576","4.328014","15.95496","1160","168","120","models/vlt-tract-beaumont-32.gltf"
"vlt-tract-beaumont-33","tract-beaumont","neighborhood","The Beaumont · C3-2","C3-2","Classical dignity with a 35-year adjustable mortgage.","13.83576","4.338092","17.25896","1268","180","120","models/vlt-tract-beaumont-33.gltf"
"vlt-tract-beaumont-34","tract-beaumont","neighborhood","The Beaumont · C4-2","C4-2","Classical dignity with a 35-year adjustable mortgage.","15.07968","4.34817","18.61864","1052","156","120","models/vlt-tract-beaumont-34.gltf"
"vlt-tract-beaumont-35","tract-beaumont","neighborhood","The Beaumont · C5-2","C5-2","Classical dignity with a 35-year adjustable mortgage.","16.848","4.358248","20.328","1160","168","120","models/vlt-tract-beaumont-35.gltf"
"vlt-tract-beaumont-36","tract-beaumont","neighborhood","The Beaumont · D1-2","D1-2","Classical dignity with a 35-year adjustable mortgage.","12.146","4.317936","14.70664","1052","156","120","models/vlt-tract-beaumont-36.gltf"
"vlt-tract-beaumont-37","tract-beaumont","neighborhood","The Beaumont · D2-2","D2-2","Classical dignity with a 35-year adjustable mortgage.","13.17576","4.328014","15.95496","1160","168","120","models/vlt-tract-beaumont-37.gltf"
"vlt-tract-beaumont-38","tract-beaumont","neighborhood","The Beaumont · D3-2","D3-2","Classical dignity with a 35-year adjustable mortgage.","14.25576","4.338092","17.25896","1268","180","120","models/vlt-tract-beaumont-38.gltf"
"vlt-tract-beaumont-39","tract-beaumont","neighborhood","The Beaumont · D4-2","D4-2","Classical dignity with a 35-year adjustable mortgage.","15.38184","4.34817","18.61864","1052","156","120","models/vlt-tract-beaumont-39.gltf"
"vlt-tract-beaumont-40","tract-beaumont","neighborhood","The Beaumont · D5-2","D5-2","Classical dignity with a 35-year adjustable mortgage.","16.848","4.358248","20.328","1160","168","120","models/vlt-tract-beaumont-40.gltf"
"vlt-tract-carrington-01","tract-carrington","neighborhood","The Carrington · A1-1","A1-1","Every window is unique among three approved options.","12.03136","7.844723","10.98592","1190","134","74","models/vlt-tract-carrington-01.gltf"
"vlt-tract-carrington-02","tract-carrington","neighborhood","The Carrington · A2-1","A2-1","Every window is unique among three approved options.","13.84704","8.031011","12.50688","1298","146","74","models/vlt-tract-carrington-02.gltf"
"vlt-tract-carrington-03","tract-carrington","neighborhood","The Carrington · A3-1","A3-1","Every window is unique among three approved options.","15.78304","8.2173","14.11488","1406","158","74","models/vlt-tract-carrington-03.gltf"
"vlt-tract-carrington-04","tract-carrington","neighborhood","The Carrington · A4-1","A4-1","Every window is unique among three approved options.","17.83936","8.403589","15.80992","1190","134","74","models/vlt-tract-carrington-04.gltf"
"vlt-tract-carrington-05","tract-carrington","neighborhood","The Carrington · A5-1","A5-1","Every window is unique among three approved options.","20.016","8.589877","17.592","1298","146","74","models/vlt-tract-carrington-05.gltf"
"vlt-tract-carrington-06","tract-carrington","neighborhood","The Carrington · B1-1","B1-1","Every window is unique among three approved options.","12.03136","7.844723","10.98592","1298","146","74","models/vlt-tract-carrington-06.gltf"
"vlt-tract-carrington-07","tract-carrington","neighborhood","The Carrington · B2-1","B2-1","Every window is unique among three approved options.","13.84704","8.031011","12.50688","1406","158","74","models/vlt-tract-carrington-07.gltf"
"vlt-tract-carrington-08","tract-carrington","neighborhood","The Carrington · B3-1","B3-1","Every window is unique among three approved options.","15.78304","8.2173","14.11488","1514","170","74","models/vlt-tract-carrington-08.gltf"
"vlt-tract-carrington-09","tract-carrington","neighborhood","The Carrington · B4-1","B4-1","Every window is unique among three approved options.","17.83936","8.403589","15.80992","1298","146","74","models/vlt-tract-carrington-09.gltf"
"vlt-tract-carrington-10","tract-carrington","neighborhood","The Carrington · B5-1","B5-1","Every window is unique among three approved options.","20.016","8.589877","17.592","1406","158","74","models/vlt-tract-carrington-10.gltf"
"vlt-tract-carrington-11","tract-carrington","neighborhood","The Carrington · C1-1","C1-1","Every window is unique among three approved options.","12.03136","7.844723","10.98592","1406","158","74","models/vlt-tract-carrington-11.gltf"
"vlt-tract-carrington-12","tract-carrington","neighborhood","The Carrington · C2-1","C2-1","Every window is unique among three approved options.","13.84704","8.031011","12.50688","1514","170","74","models/vlt-tract-carrington-12.gltf"
"vlt-tract-carrington-13","tract-carrington","neighborhood","The Carrington · C3-1","C3-1","Every window is unique among three approved options.","15.78304","8.2173","14.11488","1622","182","74","models/vlt-tract-carrington-13.gltf"
"vlt-tract-carrington-14","tract-carrington","neighborhood","The Carrington · C4-1","C4-1","Every window is unique among three approved options.","17.83936","8.403589","15.80992","1406","158","74","models/vlt-tract-carrington-14.gltf"
"vlt-tract-carrington-15","tract-carrington","neighborhood","The Carrington · C5-1","C5-1","Every window is unique among three approved options.","20.016","8.589877","17.592","1514","170","74","models/vlt-tract-carrington-15.gltf"
"vlt-tract-carrington-16","tract-carrington","neighborhood","The Carrington · D1-1","D1-1","Every window is unique among three approved options.","12.03136","7.844723","10.98592","1514","170","74","models/vlt-tract-carrington-16.gltf"
"vlt-tract-carrington-17","tract-carrington","neighborhood","The Carrington · D2-1","D2-1","Every window is unique among three approved options.","13.84704","8.031011","12.50688","1622","182","74","models/vlt-tract-carrington-17.gltf"
"vlt-tract-carrington-18","tract-carrington","neighborhood","The Carrington · D3-1","D3-1","Every window is unique among three approved options.","15.78304","8.2173","14.11488","1730","194","74","models/vlt-tract-carrington-18.gltf"
"vlt-tract-carrington-19","tract-carrington","neighborhood","The Carrington · D4-1","D4-1","Every window is unique among three approved options.","17.83936","8.403589","15.80992","1514","170","74","models/vlt-tract-carrington-19.gltf"
"vlt-tract-carrington-20","tract-carrington","neighborhood","The Carrington · D5-1","D5-1","Every window is unique among three approved options.","20.016","8.589877","17.592","1622","182","74","models/vlt-tract-carrington-20.gltf"
"vlt-tract-carrington-21","tract-carrington","neighborhood","The Carrington · A1-2","A1-2","Every window is unique among three approved options.","12.272","7.844723","13.13496","1298","146","74","models/vlt-tract-carrington-21.gltf"
"vlt-tract-carrington-22","tract-carrington","neighborhood","The Carrington · A2-2","A2-2","Every window is unique among three approved options.","13.84704","8.031011","14.16744","1406","158","74","models/vlt-tract-carrington-22.gltf"
"vlt-tract-carrington-23","tract-carrington","neighborhood","The Carrington · A3-2","A3-2","Every window is unique among three approved options.","15.78304","8.2173","15.24344","1514","170","74","models/vlt-tract-carrington-23.gltf"
"vlt-tract-carrington-24","tract-carrington","neighborhood","The Carrington · A4-2","A4-2","Every window is unique among three approved options.","17.83936","8.403589","16.36296","1298","146","74","models/vlt-tract-carrington-24.gltf"
"vlt-tract-carrington-25","tract-carrington","neighborhood","The Carrington · A5-2","A5-2","Every window is unique among three approved options.","20.016","8.589877","17.592","1406","158","74","models/vlt-tract-carrington-25.gltf"
"vlt-tract-carrington-26","tract-carrington","neighborhood","The Carrington · B1-2","B1-2","Every window is unique among three approved options.","12.272","7.844723","13.13496","1406","158","74","models/vlt-tract-carrington-26.gltf"
"vlt-tract-carrington-27","tract-carrington","neighborhood","The Carrington · B2-2","B2-2","Every window is unique among three approved options.","13.84704","8.031011","14.16744","1514","170","74","models/vlt-tract-carrington-27.gltf"
"vlt-tract-carrington-28","tract-carrington","neighborhood","The Carrington · B3-2","B3-2","Every window is unique among three approved options.","15.78304","8.2173","15.24344","1622","182","74","models/vlt-tract-carrington-28.gltf"
"vlt-tract-carrington-29","tract-carrington","neighborhood","The Carrington · B4-2","B4-2","Every window is unique among three approved options.","17.83936","8.403589","16.36296","1406","158","74","models/vlt-tract-carrington-29.gltf"
"vlt-tract-carrington-30","tract-carrington","neighborhood","The Carrington · B5-2","B5-2","Every window is unique among three approved options.","20.016","8.589877","17.592","1514","170","74","models/vlt-tract-carrington-30.gltf"
"vlt-tract-carrington-31","tract-carrington","neighborhood","The Carrington · C1-2","C1-2","Every window is unique among three approved options.","12.272","7.844723","13.13496","1514","170","74","models/vlt-tract-carrington-31.gltf"
"vlt-tract-carrington-32","tract-carrington","neighborhood","The Carrington · C2-2","C2-2","Every window is unique among three approved options.","13.84704","8.031011","14.16744","1622","182","74","models/vlt-tract-carrington-32.gltf"
"vlt-tract-carrington-33","tract-carrington","neighborhood","The Carrington · C3-2","C3-2","Every window is unique among three approved options.","15.78304","8.2173","15.24344","1730","194","74","models/vlt-tract-carrington-33.gltf"
"vlt-tract-carrington-34","tract-carrington","neighborhood","The Carrington · C4-2","C4-2","Every window is unique among three approved options.","17.83936","8.403589","16.36296","1514","170","74","models/vlt-tract-carrington-34.gltf"
"vlt-tract-carrington-35","tract-carrington","neighborhood","The Carrington · C5-2","C5-2","Every window is unique among three approved options.","20.016","8.589877","17.592","1622","182","74","models/vlt-tract-carrington-35.gltf"
"vlt-tract-carrington-36","tract-carrington","neighborhood","The Carrington · D1-2","D1-2","Every window is unique among three approved options.","12.272","7.844723","13.13496","1622","182","74","models/vlt-tract-carrington-36.gltf"
"vlt-tract-carrington-37","tract-carrington","neighborhood","The Carrington · D2-2","D2-2","Every window is unique among three approved options.","13.84704","8.031011","14.16744","1730","194","74","models/vlt-tract-carrington-37.gltf"
"vlt-tract-carrington-38","tract-carrington","neighborhood","The Carrington · D3-2","D3-2","Every window is unique among three approved options.","15.78304","8.2173","15.24344","1838","206","74","models/vlt-tract-carrington-38.gltf"
"vlt-tract-carrington-39","tract-carrington","neighborhood","The Carrington · D4-2","D4-2","Every window is unique among three approved options.","17.83936","8.403589","16.36296","1622","182","74","models/vlt-tract-carrington-39.gltf"
"vlt-tract-carrington-40","tract-carrington","neighborhood","The Carrington · D5-2","D5-2","Every window is unique among three approved options.","20.016","8.589877","17.592","1730","194","74","models/vlt-tract-carrington-40.gltf"
"vlt-tractor-therapy-01","tractor-therapy","commerce","Tractor Therapy · A1-1","A1-1","Ask your dealer if a compact utility tractor is right for your feelings.","18.04","10.9016","15.506","2294","586","122","models/vlt-tractor-therapy-01.gltf"
"vlt-tractor-therapy-02","tractor-therapy","commerce","Tractor Therapy · A2-1","A2-1","Ask your dealer if a compact utility tractor is right for your feelings.","19.48","11.1311","15.506","2510","598","122","models/vlt-tractor-therapy-02.gltf"
"vlt-tractor-therapy-03","tractor-therapy","commerce","Tractor Therapy · A3-1","A3-1","Ask your dealer if a compact utility tractor is right for your feelings.","20.92","11.3606","15.506","2726","610","122","models/vlt-tractor-therapy-03.gltf"
"vlt-tractor-therapy-04","tractor-therapy","commerce","Tractor Therapy · A4-1","A4-1","Ask your dealer if a compact utility tractor is right for your feelings.","22.36","11.5901","15.506","2834","610","122","models/vlt-tractor-therapy-04.gltf"
"vlt-tractor-therapy-05","tractor-therapy","commerce","Tractor Therapy · A5-1","A5-1","Ask your dealer if a compact utility tractor is right for your feelings.","23.8","11.8196","15.506","2834","610","122","models/vlt-tractor-therapy-05.gltf"
"vlt-tractor-therapy-06","tractor-therapy","commerce","Tractor Therapy · B1-1","B1-1","Ask your dealer if a compact utility tractor is right for your feelings.","18.1425","11.01275","16.1495","2294","586","122","models/vlt-tractor-therapy-06.gltf"
"vlt-tractor-therapy-07","tractor-therapy","commerce","Tractor Therapy · B2-1","B2-1","Ask your dealer if a compact utility tractor is right for your feelings.","19.48","11.24225","16.1495","2510","598","122","models/vlt-tractor-therapy-07.gltf"
"vlt-tractor-therapy-08","tractor-therapy","commerce","Tractor Therapy · B3-1","B3-1","Ask your dealer if a compact utility tractor is right for your feelings.","20.92","11.47175","16.1495","2726","610","122","models/vlt-tractor-therapy-08.gltf"
"vlt-tractor-therapy-09","tractor-therapy","commerce","Tractor Therapy · B4-1","B4-1","Ask your dealer if a compact utility tractor is right for your feelings.","22.36","11.70125","16.1495","2834","610","122","models/vlt-tractor-therapy-09.gltf"
"vlt-tractor-therapy-10","tractor-therapy","commerce","Tractor Therapy · B5-1","B5-1","Ask your dealer if a compact utility tractor is right for your feelings.","23.8","11.93075","16.1495","2834","610","122","models/vlt-tractor-therapy-10.gltf"
"vlt-tractor-therapy-11","tractor-therapy","commerce","Tractor Therapy · C1-1","C1-1","Ask your dealer if a compact utility tractor is right for your feelings.","18.2946","11.1239","16.793","2294","586","122","models/vlt-tractor-therapy-11.gltf"
"vlt-tractor-therapy-12","tractor-therapy","commerce","Tractor Therapy · C2-1","C2-1","Ask your dealer if a compact utility tractor is right for your feelings.","19.5474","11.3534","16.793","2510","598","122","models/vlt-tractor-therapy-12.gltf"
"vlt-tractor-therapy-13","tractor-therapy","commerce","Tractor Therapy · C3-1","C3-1","Ask your dealer if a compact utility tractor is right for your feelings.","20.92","11.5829","16.793","2726","610","122","models/vlt-tractor-therapy-13.gltf"
"vlt-tractor-therapy-14","tractor-therapy","commerce","Tractor Therapy · C4-1","C4-1","Ask your dealer if a compact utility tractor is right for your feelings.","22.36","11.8124","16.793","2834","610","122","models/vlt-tractor-therapy-14.gltf"
"vlt-tractor-therapy-15","tractor-therapy","commerce","Tractor Therapy · C5-1","C5-1","Ask your dealer if a compact utility tractor is right for your feelings.","23.8","12.0419","16.793","2834","610","122","models/vlt-tractor-therapy-15.gltf"
"vlt-tractor-therapy-16","tractor-therapy","commerce","Tractor Therapy · D1-1","D1-1","Ask your dealer if a compact utility tractor is right for your feelings.","18.4467","11.23505","17.4365","2294","586","122","models/vlt-tractor-therapy-16.gltf"
"vlt-tractor-therapy-17","tractor-therapy","commerce","Tractor Therapy · D2-1","D2-1","Ask your dealer if a compact utility tractor is right for your feelings.","19.6995","11.46455","17.4365","2510","598","122","models/vlt-tractor-therapy-17.gltf"
"vlt-tractor-therapy-18","tractor-therapy","commerce","Tractor Therapy · D3-1","D3-1","Ask your dealer if a compact utility tractor is right for your feelings.","20.9523","11.69405","17.4365","2726","610","122","models/vlt-tractor-therapy-18.gltf"
"vlt-tractor-therapy-19","tractor-therapy","commerce","Tractor Therapy · D4-1","D4-1","Ask your dealer if a compact utility tractor is right for your feelings.","22.36","11.92355","17.4365","2834","610","122","models/vlt-tractor-therapy-19.gltf"
"vlt-tractor-therapy-20","tractor-therapy","commerce","Tractor Therapy · D5-1","D5-1","Ask your dealer if a compact utility tractor is right for your feelings.","23.8","12.15305","17.4365","2834","610","122","models/vlt-tractor-therapy-20.gltf"
"vlt-tractor-therapy-21","tractor-therapy","commerce","Tractor Therapy · A1-2","A1-2","Ask your dealer if a compact utility tractor is right for your feelings.","18.04","10.9016","16.7588","2834","622","134","models/vlt-tractor-therapy-21.gltf"
"vlt-tractor-therapy-22","tractor-therapy","commerce","Tractor Therapy · A2-2","A2-2","Ask your dealer if a compact utility tractor is right for your feelings.","19.48","11.1311","16.7588","3050","634","134","models/vlt-tractor-therapy-22.gltf"
"vlt-tractor-therapy-23","tractor-therapy","commerce","Tractor Therapy · A3-2","A3-2","Ask your dealer if a compact utility tractor is right for your feelings.","20.92","11.3606","16.7588","3266","646","134","models/vlt-tractor-therapy-23.gltf"
"vlt-tractor-therapy-24","tractor-therapy","commerce","Tractor Therapy · A4-2","A4-2","Ask your dealer if a compact utility tractor is right for your feelings.","22.36","11.5901","16.7588","3374","646","134","models/vlt-tractor-therapy-24.gltf"
"vlt-tractor-therapy-25","tractor-therapy","commerce","Tractor Therapy · A5-2","A5-2","Ask your dealer if a compact utility tractor is right for your feelings.","23.8","11.8196","16.7588","3374","646","134","models/vlt-tractor-therapy-25.gltf"
"vlt-tractor-therapy-26","tractor-therapy","commerce","Tractor Therapy · B1-2","B1-2","Ask your dealer if a compact utility tractor is right for your feelings.","18.1425","11.01275","17.5076","2834","622","134","models/vlt-tractor-therapy-26.gltf"
"vlt-tractor-therapy-27","tractor-therapy","commerce","Tractor Therapy · B2-2","B2-2","Ask your dealer if a compact utility tractor is right for your feelings.","19.48","11.24225","17.5076","3050","634","134","models/vlt-tractor-therapy-27.gltf"
"vlt-tractor-therapy-28","tractor-therapy","commerce","Tractor Therapy · B3-2","B3-2","Ask your dealer if a compact utility tractor is right for your feelings.","20.92","11.47175","17.5076","3266","646","134","models/vlt-tractor-therapy-28.gltf"
"vlt-tractor-therapy-29","tractor-therapy","commerce","Tractor Therapy · B4-2","B4-2","Ask your dealer if a compact utility tractor is right for your feelings.","22.36","11.70125","17.5076","3374","646","134","models/vlt-tractor-therapy-29.gltf"
"vlt-tractor-therapy-30","tractor-therapy","commerce","Tractor Therapy · B5-2","B5-2","Ask your dealer if a compact utility tractor is right for your feelings.","23.8","11.93075","17.5076","3374","646","134","models/vlt-tractor-therapy-30.gltf"
"vlt-tractor-therapy-31","tractor-therapy","commerce","Tractor Therapy · C1-2","C1-2","Ask your dealer if a compact utility tractor is right for your feelings.","18.2946","11.1239","18.2564","2834","622","134","models/vlt-tractor-therapy-31.gltf"
"vlt-tractor-therapy-32","tractor-therapy","commerce","Tractor Therapy · C2-2","C2-2","Ask your dealer if a compact utility tractor is right for your feelings.","19.5474","11.3534","18.2564","3050","634","134","models/vlt-tractor-therapy-32.gltf"
"vlt-tractor-therapy-33","tractor-therapy","commerce","Tractor Therapy · C3-2","C3-2","Ask your dealer if a compact utility tractor is right for your feelings.","20.92","11.5829","18.2564","3266","646","134","models/vlt-tractor-therapy-33.gltf"
"vlt-tractor-therapy-34","tractor-therapy","commerce","Tractor Therapy · C4-2","C4-2","Ask your dealer if a compact utility tractor is right for your feelings.","22.36","11.8124","18.2564","3374","646","134","models/vlt-tractor-therapy-34.gltf"
"vlt-tractor-therapy-35","tractor-therapy","commerce","Tractor Therapy · C5-2","C5-2","Ask your dealer if a compact utility tractor is right for your feelings.","23.8","12.0419","18.2564","3374","646","134","models/vlt-tractor-therapy-35.gltf"
"vlt-tractor-therapy-36","tractor-therapy","commerce","Tractor Therapy · D1-2","D1-2","Ask your dealer if a compact utility tractor is right for your feelings.","18.4467","11.23505","19.0052","2834","622","134","models/vlt-tractor-therapy-36.gltf"
"vlt-tractor-therapy-37","tractor-therapy","commerce","Tractor Therapy · D2-2","D2-2","Ask your dealer if a compact utility tractor is right for your feelings.","19.6995","11.46455","19.0052","3050","634","134","models/vlt-tractor-therapy-37.gltf"
"vlt-tractor-therapy-38","tractor-therapy","commerce","Tractor Therapy · D3-2","D3-2","Ask your dealer if a compact utility tractor is right for your feelings.","20.9523","11.69405","19.0052","3266","646","134","models/vlt-tractor-therapy-38.gltf"
"vlt-tractor-therapy-39","tractor-therapy","commerce","Tractor Therapy · D4-2","D4-2","Ask your dealer if a compact utility tractor is right for your feelings.","22.36","11.92355","19.0052","3374","646","134","models/vlt-tractor-therapy-39.gltf"
"vlt-tractor-therapy-40","tractor-therapy","commerce","Tractor Therapy · D5-2","D5-2","Ask your dealer if a compact utility tractor is right for your feelings.","23.8","12.15305","19.0052","3374","646","134","models/vlt-tractor-therapy-40.gltf"
"vlt-transit-token-kiosk-01","transit-token-kiosk","infrastructure","Transit Token Kiosk · A1-1","A1-1","The kiosk is open more often than the bus.","3.492","2.92","3.35876","834","122","122","models/vlt-transit-token-kiosk-01.gltf"
"vlt-transit-token-kiosk-02","transit-token-kiosk","infrastructure","Transit Token Kiosk · A2-1","A2-1","The kiosk is open more often than the bus.","3.764","3","3.57092","1006","158","122","models/vlt-transit-token-kiosk-02.gltf"
"vlt-transit-token-kiosk-03","transit-token-kiosk","infrastructure","Transit Token Kiosk · A3-1","A3-1","The kiosk is open more often than the bus.","4.036","3.08","3.78308","1178","194","122","models/vlt-transit-token-kiosk-03.gltf"
"vlt-transit-token-kiosk-04","transit-token-kiosk","infrastructure","Transit Token Kiosk · A4-1","A4-1","The kiosk is open more often than the bus.","4.30916","3.16","3.99524","1350","230","122","models/vlt-transit-token-kiosk-04.gltf"
"vlt-transit-token-kiosk-05","transit-token-kiosk","infrastructure","Transit Token Kiosk · A5-1","A5-1","The kiosk is open more often than the bus.","4.5866","3.24","4.2074","1522","266","122","models/vlt-transit-token-kiosk-05.gltf"
"vlt-transit-token-kiosk-06","transit-token-kiosk","infrastructure","Transit Token Kiosk · B1-1","B1-1","The kiosk is open more often than the bus.","3.627","2.92","3.35876","834","122","122","models/vlt-transit-token-kiosk-06.gltf"
"vlt-transit-token-kiosk-07","transit-token-kiosk","infrastructure","Transit Token Kiosk · B2-1","B2-1","The kiosk is open more often than the bus.","3.899","3","3.57092","1006","158","122","models/vlt-transit-token-kiosk-07.gltf"
"vlt-transit-token-kiosk-08","transit-token-kiosk","infrastructure","Transit Token Kiosk · B3-1","B3-1","The kiosk is open more often than the bus.","4.171","3.08","3.78308","1178","194","122","models/vlt-transit-token-kiosk-08.gltf"
"vlt-transit-token-kiosk-09","transit-token-kiosk","infrastructure","Transit Token Kiosk · B4-1","B4-1","The kiosk is open more often than the bus.","4.443","3.16","3.99524","1350","230","122","models/vlt-transit-token-kiosk-09.gltf"
"vlt-transit-token-kiosk-10","transit-token-kiosk","infrastructure","Transit Token Kiosk · B5-1","B5-1","The kiosk is open more often than the bus.","4.715","3.24","4.2074","1522","266","122","models/vlt-transit-token-kiosk-10.gltf"
"vlt-transit-token-kiosk-11","transit-token-kiosk","infrastructure","Transit Token Kiosk · C1-1","C1-1","The kiosk is open more often than the bus.","3.762","2.92","3.35876","834","122","122","models/vlt-transit-token-kiosk-11.gltf"
"vlt-transit-token-kiosk-12","transit-token-kiosk","infrastructure","Transit Token Kiosk · C2-1","C2-1","The kiosk is open more often than the bus.","4.034","3","3.57092","1006","158","122","models/vlt-transit-token-kiosk-12.gltf"
"vlt-transit-token-kiosk-13","transit-token-kiosk","infrastructure","Transit Token Kiosk · C3-1","C3-1","The kiosk is open more often than the bus.","4.306","3.08","3.78308","1178","194","122","models/vlt-transit-token-kiosk-13.gltf"
"vlt-transit-token-kiosk-14","transit-token-kiosk","infrastructure","Transit Token Kiosk · C4-1","C4-1","The kiosk is open more often than the bus.","4.578","3.16","3.99524","1350","230","122","models/vlt-transit-token-kiosk-14.gltf"
"vlt-transit-token-kiosk-15","transit-token-kiosk","infrastructure","Transit Token Kiosk · C5-1","C5-1","The kiosk is open more often than the bus.","4.85","3.24","4.2074","1522","266","122","models/vlt-transit-token-kiosk-15.gltf"
"vlt-transit-token-kiosk-16","transit-token-kiosk","infrastructure","Transit Token Kiosk · D1-1","D1-1","The kiosk is open more often than the bus.","3.897","2.92","3.35876","834","122","122","models/vlt-transit-token-kiosk-16.gltf"
"vlt-transit-token-kiosk-17","transit-token-kiosk","infrastructure","Transit Token Kiosk · D2-1","D2-1","The kiosk is open more often than the bus.","4.169","3","3.57092","1006","158","122","models/vlt-transit-token-kiosk-17.gltf"
"vlt-transit-token-kiosk-18","transit-token-kiosk","infrastructure","Transit Token Kiosk · D3-1","D3-1","The kiosk is open more often than the bus.","4.441","3.08","3.78308","1178","194","122","models/vlt-transit-token-kiosk-18.gltf"
"vlt-transit-token-kiosk-19","transit-token-kiosk","infrastructure","Transit Token Kiosk · D4-1","D4-1","The kiosk is open more often than the bus.","4.713","3.16","3.99524","1350","230","122","models/vlt-transit-token-kiosk-19.gltf"
"vlt-transit-token-kiosk-20","transit-token-kiosk","infrastructure","Transit Token Kiosk · D5-1","D5-1","The kiosk is open more often than the bus.","4.985","3.24","4.2074","1522","266","122","models/vlt-transit-token-kiosk-20.gltf"
"vlt-transit-token-kiosk-21","transit-token-kiosk","infrastructure","Transit Token Kiosk · A1-2","A1-2","The kiosk is open more often than the bus.","3.51328","2.92","3.50072","1050","146","134","models/vlt-transit-token-kiosk-21.gltf"
"vlt-transit-token-kiosk-22","transit-token-kiosk","infrastructure","Transit Token Kiosk · A2-2","A2-2","The kiosk is open more often than the bus.","3.80176","3","3.69624","1222","182","134","models/vlt-transit-token-kiosk-22.gltf"
"vlt-transit-token-kiosk-23","transit-token-kiosk","infrastructure","Transit Token Kiosk · A3-2","A3-2","The kiosk is open more often than the bus.","4.09024","3.08","3.89176","1394","218","134","models/vlt-transit-token-kiosk-23.gltf"
"vlt-transit-token-kiosk-24","transit-token-kiosk","infrastructure","Transit Token Kiosk · A4-2","A4-2","The kiosk is open more often than the bus.","4.37872","3.16","4.08728","1566","254","134","models/vlt-transit-token-kiosk-24.gltf"
"vlt-transit-token-kiosk-25","transit-token-kiosk","infrastructure","Transit Token Kiosk · A5-2","A5-2","The kiosk is open more often than the bus.","4.6672","3.24","4.2828","1738","290","134","models/vlt-transit-token-kiosk-25.gltf"
"vlt-transit-token-kiosk-26","transit-token-kiosk","infrastructure","Transit Token Kiosk · B1-2","B1-2","The kiosk is open more often than the bus.","3.627","2.92","3.50072","1050","146","134","models/vlt-transit-token-kiosk-26.gltf"
"vlt-transit-token-kiosk-27","transit-token-kiosk","infrastructure","Transit Token Kiosk · B2-2","B2-2","The kiosk is open more often than the bus.","3.899","3","3.69624","1222","182","134","models/vlt-transit-token-kiosk-27.gltf"
"vlt-transit-token-kiosk-28","transit-token-kiosk","infrastructure","Transit Token Kiosk · B3-2","B3-2","The kiosk is open more often than the bus.","4.171","3.08","3.89176","1394","218","134","models/vlt-transit-token-kiosk-28.gltf"
"vlt-transit-token-kiosk-29","transit-token-kiosk","infrastructure","Transit Token Kiosk · B4-2","B4-2","The kiosk is open more often than the bus.","4.443","3.16","4.08728","1566","254","134","models/vlt-transit-token-kiosk-29.gltf"
"vlt-transit-token-kiosk-30","transit-token-kiosk","infrastructure","Transit Token Kiosk · B5-2","B5-2","The kiosk is open more often than the bus.","4.7272","3.24","4.2828","1738","290","134","models/vlt-transit-token-kiosk-30.gltf"
"vlt-transit-token-kiosk-31","transit-token-kiosk","infrastructure","Transit Token Kiosk · C1-2","C1-2","The kiosk is open more often than the bus.","3.762","2.92","3.546176","1050","146","134","models/vlt-transit-token-kiosk-31.gltf"
"vlt-transit-token-kiosk-32","transit-token-kiosk","infrastructure","Transit Token Kiosk · C2-2","C2-2","The kiosk is open more often than the bus.","4.034","3","3.741696","1222","182","134","models/vlt-transit-token-kiosk-32.gltf"
"vlt-transit-token-kiosk-33","transit-token-kiosk","infrastructure","Transit Token Kiosk · C3-2","C3-2","The kiosk is open more often than the bus.","4.306","3.08","3.937216","1394","218","134","models/vlt-transit-token-kiosk-33.gltf"
"vlt-transit-token-kiosk-34","transit-token-kiosk","infrastructure","Transit Token Kiosk · C4-2","C4-2","The kiosk is open more often than the bus.","4.578","3.16","4.132736","1566","254","134","models/vlt-transit-token-kiosk-34.gltf"
"vlt-transit-token-kiosk-35","transit-token-kiosk","infrastructure","Transit Token Kiosk · C5-2","C5-2","The kiosk is open more often than the bus.","4.85","3.24","4.328256","1738","290","134","models/vlt-transit-token-kiosk-35.gltf"
"vlt-transit-token-kiosk-36","transit-token-kiosk","infrastructure","Transit Token Kiosk · D1-2","D1-2","The kiosk is open more often than the bus.","3.897","2.92","3.585325","1050","146","134","models/vlt-transit-token-kiosk-36.gltf"
"vlt-transit-token-kiosk-37","transit-token-kiosk","infrastructure","Transit Token Kiosk · D2-2","D2-2","The kiosk is open more often than the bus.","4.169","3","3.780845","1222","182","134","models/vlt-transit-token-kiosk-37.gltf"
"vlt-transit-token-kiosk-38","transit-token-kiosk","infrastructure","Transit Token Kiosk · D3-2","D3-2","The kiosk is open more often than the bus.","4.441","3.08","3.976365","1394","218","134","models/vlt-transit-token-kiosk-38.gltf"
"vlt-transit-token-kiosk-39","transit-token-kiosk","infrastructure","Transit Token Kiosk · D4-2","D4-2","The kiosk is open more often than the bus.","4.713","3.16","4.171885","1566","254","134","models/vlt-transit-token-kiosk-39.gltf"
"vlt-transit-token-kiosk-40","transit-token-kiosk","infrastructure","Transit Token Kiosk · D5-2","D5-2","The kiosk is open more often than the bus.","4.985","3.24","4.367405","1738","290","134","models/vlt-transit-token-kiosk-40.gltf"
"vlt-volunteer-firehouse-01","volunteer-firehouse","infrastructure","Volunteer Firehouse · A1-1","A1-1","Essential service, optional budget.","10.2986","9.508","7.81","1438","206","182","models/vlt-volunteer-firehouse-01.gltf"
"vlt-volunteer-firehouse-02","volunteer-firehouse","infrastructure","Volunteer Firehouse · A2-1","A2-1","Essential service, optional budget.","11.1962","9.69","8.4536","1718","254","182","models/vlt-volunteer-firehouse-02.gltf"
"vlt-volunteer-firehouse-03","volunteer-firehouse","infrastructure","Volunteer Firehouse · A3-1","A3-1","Essential service, optional budget.","12.0938","9.872","9.1064","1998","302","182","models/vlt-volunteer-firehouse-03.gltf"
"vlt-volunteer-firehouse-04","volunteer-firehouse","infrastructure","Volunteer Firehouse · A4-1","A4-1","Essential service, optional budget.","12.9914","10.054","9.7592","2062","326","182","models/vlt-volunteer-firehouse-04.gltf"
"vlt-volunteer-firehouse-05","volunteer-firehouse","infrastructure","Volunteer Firehouse · A5-1","A5-1","Essential service, optional budget.","13.889","10.236","10.412","2234","362","182","models/vlt-volunteer-firehouse-05.gltf"
"vlt-volunteer-firehouse-06","volunteer-firehouse","infrastructure","Volunteer Firehouse · B1-1","B1-1","Essential service, optional budget.","10.3586","10.158","7.9","1438","206","182","models/vlt-volunteer-firehouse-06.gltf"
"vlt-volunteer-firehouse-07","volunteer-firehouse","infrastructure","Volunteer Firehouse · B2-1","B2-1","Essential service, optional budget.","11.2562","10.34","8.5436","1610","242","182","models/vlt-volunteer-firehouse-07.gltf"
"vlt-volunteer-firehouse-08","volunteer-firehouse","infrastructure","Volunteer Firehouse · B3-1","B3-1","Essential service, optional budget.","12.1538","10.522","9.1964","1890","290","182","models/vlt-volunteer-firehouse-08.gltf"
"vlt-volunteer-firehouse-09","volunteer-firehouse","infrastructure","Volunteer Firehouse · B4-1","B4-1","Essential service, optional budget.","13.0514","10.704","9.8492","2062","326","182","models/vlt-volunteer-firehouse-09.gltf"
"vlt-volunteer-firehouse-10","volunteer-firehouse","infrastructure","Volunteer Firehouse · B5-1","B5-1","Essential service, optional budget.","13.949","10.886","10.502","2234","362","182","models/vlt-volunteer-firehouse-10.gltf"
"vlt-volunteer-firehouse-11","volunteer-firehouse","infrastructure","Volunteer Firehouse · C1-1","C1-1","Essential service, optional budget.","10.4186","10.808","7.99","1438","206","182","models/vlt-volunteer-firehouse-11.gltf"
"vlt-volunteer-firehouse-12","volunteer-firehouse","infrastructure","Volunteer Firehouse · C2-1","C2-1","Essential service, optional budget.","11.3162","10.99","8.6336","1610","242","182","models/vlt-volunteer-firehouse-12.gltf"
"vlt-volunteer-firehouse-13","volunteer-firehouse","infrastructure","Volunteer Firehouse · C3-1","C3-1","Essential service, optional budget.","12.2138","11.172","9.2864","1890","290","182","models/vlt-volunteer-firehouse-13.gltf"
"vlt-volunteer-firehouse-14","volunteer-firehouse","infrastructure","Volunteer Firehouse · C4-1","C4-1","Essential service, optional budget.","13.1114","11.354","9.9392","2062","326","182","models/vlt-volunteer-firehouse-14.gltf"
"vlt-volunteer-firehouse-15","volunteer-firehouse","infrastructure","Volunteer Firehouse · C5-1","C5-1","Essential service, optional budget.","14.009","11.536","10.592","2234","362","182","models/vlt-volunteer-firehouse-15.gltf"
"vlt-volunteer-firehouse-16","volunteer-firehouse","infrastructure","Volunteer Firehouse · D1-1","D1-1","Essential service, optional budget.","10.4786","11.458","8.08","1438","206","182","models/vlt-volunteer-firehouse-16.gltf"
"vlt-volunteer-firehouse-17","volunteer-firehouse","infrastructure","Volunteer Firehouse · D2-1","D2-1","Essential service, optional budget.","11.3762","11.64","8.7236","1718","254","182","models/vlt-volunteer-firehouse-17.gltf"
"vlt-volunteer-firehouse-18","volunteer-firehouse","infrastructure","Volunteer Firehouse · D3-1","D3-1","Essential service, optional budget.","12.2738","11.822","9.3764","1998","302","182","models/vlt-volunteer-firehouse-18.gltf"
"vlt-volunteer-firehouse-19","volunteer-firehouse","infrastructure","Volunteer Firehouse · D4-1","D4-1","Essential service, optional budget.","13.1714","12.004","10.0292","2062","326","182","models/vlt-volunteer-firehouse-19.gltf"
"vlt-volunteer-firehouse-20","volunteer-firehouse","infrastructure","Volunteer Firehouse · D5-1","D5-1","Essential service, optional budget.","14.069","12.186","10.682","2234","362","182","models/vlt-volunteer-firehouse-20.gltf"
"vlt-volunteer-firehouse-21","volunteer-firehouse","infrastructure","Volunteer Firehouse · A1-2","A1-2","Essential service, optional budget.","10.2986","9.508","7.81","1654","230","194","models/vlt-volunteer-firehouse-21.gltf"
"vlt-volunteer-firehouse-22","volunteer-firehouse","infrastructure","Volunteer Firehouse · A2-2","A2-2","Essential service, optional budget.","11.1962","9.69","8.4536","1934","278","194","models/vlt-volunteer-firehouse-22.gltf"
"vlt-volunteer-firehouse-23","volunteer-firehouse","infrastructure","Volunteer Firehouse · A3-2","A3-2","Essential service, optional budget.","12.0938","9.872","9.1064","2214","326","194","models/vlt-volunteer-firehouse-23.gltf"
"vlt-volunteer-firehouse-24","volunteer-firehouse","infrastructure","Volunteer Firehouse · A4-2","A4-2","Essential service, optional budget.","12.9914","10.054","9.7592","2278","350","194","models/vlt-volunteer-firehouse-24.gltf"
"vlt-volunteer-firehouse-25","volunteer-firehouse","infrastructure","Volunteer Firehouse · A5-2","A5-2","Essential service, optional budget.","13.889","10.236","10.412","2450","386","194","models/vlt-volunteer-firehouse-25.gltf"
"vlt-volunteer-firehouse-26","volunteer-firehouse","infrastructure","Volunteer Firehouse · B1-2","B1-2","Essential service, optional budget.","10.3586","10.158","7.9","1654","230","194","models/vlt-volunteer-firehouse-26.gltf"
"vlt-volunteer-firehouse-27","volunteer-firehouse","infrastructure","Volunteer Firehouse · B2-2","B2-2","Essential service, optional budget.","11.2562","10.34","8.5436","1826","266","194","models/vlt-volunteer-firehouse-27.gltf"
"vlt-volunteer-firehouse-28","volunteer-firehouse","infrastructure","Volunteer Firehouse · B3-2","B3-2","Essential service, optional budget.","12.1538","10.522","9.1964","2106","314","194","models/vlt-volunteer-firehouse-28.gltf"
"vlt-volunteer-firehouse-29","volunteer-firehouse","infrastructure","Volunteer Firehouse · B4-2","B4-2","Essential service, optional budget.","13.0514","10.704","9.8492","2278","350","194","models/vlt-volunteer-firehouse-29.gltf"
"vlt-volunteer-firehouse-30","volunteer-firehouse","infrastructure","Volunteer Firehouse · B5-2","B5-2","Essential service, optional budget.","13.949","10.886","10.502","2450","386","194","models/vlt-volunteer-firehouse-30.gltf"
"vlt-volunteer-firehouse-31","volunteer-firehouse","infrastructure","Volunteer Firehouse · C1-2","C1-2","Essential service, optional budget.","10.4186","10.808","7.99","1654","230","194","models/vlt-volunteer-firehouse-31.gltf"
"vlt-volunteer-firehouse-32","volunteer-firehouse","infrastructure","Volunteer Firehouse · C2-2","C2-2","Essential service, optional budget.","11.3162","10.99","8.6336","1826","266","194","models/vlt-volunteer-firehouse-32.gltf"
"vlt-volunteer-firehouse-33","volunteer-firehouse","infrastructure","Volunteer Firehouse · C3-2","C3-2","Essential service, optional budget.","12.2138","11.172","9.2864","2106","314","194","models/vlt-volunteer-firehouse-33.gltf"
"vlt-volunteer-firehouse-34","volunteer-firehouse","infrastructure","Volunteer Firehouse · C4-2","C4-2","Essential service, optional budget.","13.1114","11.354","9.9392","2278","350","194","models/vlt-volunteer-firehouse-34.gltf"
"vlt-volunteer-firehouse-35","volunteer-firehouse","infrastructure","Volunteer Firehouse · C5-2","C5-2","Essential service, optional budget.","14.009","11.536","10.592","2450","386","194","models/vlt-volunteer-firehouse-35.gltf"
"vlt-volunteer-firehouse-36","volunteer-firehouse","infrastructure","Volunteer Firehouse · D1-2","D1-2","Essential service, optional budget.","10.4786","11.458","8.08","1654","230","194","models/vlt-volunteer-firehouse-36.gltf"
"vlt-volunteer-firehouse-37","volunteer-firehouse","infrastructure","Volunteer Firehouse · D2-2","D2-2","Essential service, optional budget.","11.3762","11.64","8.7236","1934","278","194","models/vlt-volunteer-firehouse-37.gltf"
"vlt-volunteer-firehouse-38","volunteer-firehouse","infrastructure","Volunteer Firehouse · D3-2","D3-2","Essential service, optional budget.","12.2738","11.822","9.3764","2214","326","194","models/vlt-volunteer-firehouse-38.gltf"
"vlt-volunteer-firehouse-39","volunteer-firehouse","infrastructure","Volunteer Firehouse · D4-2","D4-2","Essential service, optional budget.","13.1714","12.004","10.0292","2278","350","194","models/vlt-volunteer-firehouse-39.gltf"
"vlt-volunteer-firehouse-40","volunteer-firehouse","infrastructure","Volunteer Firehouse · D5-2","D5-2","Essential service, optional budget.","14.069","12.186","10.682","2450","386","194","models/vlt-volunteer-firehouse-40.gltf"
"vlt-waffle-index-01","waffle-index","commerce","Waffle Index · A1-1","A1-1","If the lights go dark, seek higher ground.","15.4","4.062","8.64","1404","120","84","models/vlt-waffle-index-01.gltf"
"vlt-waffle-index-02","waffle-index","commerce","Waffle Index · A2-1","A2-1","If the lights go dark, seek higher ground.","16.6","4.157","8.64","1404","120","84","models/vlt-waffle-index-02.gltf"
"vlt-waffle-index-03","waffle-index","commerce","Waffle Index · A3-1","A3-1","If the lights go dark, seek higher ground.","17.8","4.252","8.64","1404","120","84","models/vlt-waffle-index-03.gltf"
"vlt-waffle-index-04","waffle-index","commerce","Waffle Index · A4-1","A4-1","If the lights go dark, seek higher ground.","19","4.347","8.64","1404","120","84","models/vlt-waffle-index-04.gltf"
"vlt-waffle-index-05","waffle-index","commerce","Waffle Index · A5-1","A5-1","If the lights go dark, seek higher ground.","20.2","4.442","8.64","1404","120","84","models/vlt-waffle-index-05.gltf"
"vlt-waffle-index-06","waffle-index","commerce","Waffle Index · B1-1","B1-1","If the lights go dark, seek higher ground.","15.4","4.062","8.955","1404","120","84","models/vlt-waffle-index-06.gltf"
"vlt-waffle-index-07","waffle-index","commerce","Waffle Index · B2-1","B2-1","If the lights go dark, seek higher ground.","16.6","4.157","8.955","1404","120","84","models/vlt-waffle-index-07.gltf"
"vlt-waffle-index-08","waffle-index","commerce","Waffle Index · B3-1","B3-1","If the lights go dark, seek higher ground.","17.8","4.252","8.955","1404","120","84","models/vlt-waffle-index-08.gltf"
"vlt-waffle-index-09","waffle-index","commerce","Waffle Index · B4-1","B4-1","If the lights go dark, seek higher ground.","19","4.347","8.955","1404","120","84","models/vlt-waffle-index-09.gltf"
"vlt-waffle-index-10","waffle-index","commerce","Waffle Index · B5-1","B5-1","If the lights go dark, seek higher ground.","20.2","4.442","8.955","1404","120","84","models/vlt-waffle-index-10.gltf"
"vlt-waffle-index-11","waffle-index","commerce","Waffle Index · C1-1","C1-1","If the lights go dark, seek higher ground.","15.4","4.062","9.27","1404","120","84","models/vlt-waffle-index-11.gltf"
"vlt-waffle-index-12","waffle-index","commerce","Waffle Index · C2-1","C2-1","If the lights go dark, seek higher ground.","16.6","4.157","9.27","1404","120","84","models/vlt-waffle-index-12.gltf"
"vlt-waffle-index-13","waffle-index","commerce","Waffle Index · C3-1","C3-1","If the lights go dark, seek higher ground.","17.8","4.252","9.27","1404","120","84","models/vlt-waffle-index-13.gltf"
"vlt-waffle-index-14","waffle-index","commerce","Waffle Index · C4-1","C4-1","If the lights go dark, seek higher ground.","19","4.347","9.27","1404","120","84","models/vlt-waffle-index-14.gltf"
"vlt-waffle-index-15","waffle-index","commerce","Waffle Index · C5-1","C5-1","If the lights go dark, seek higher ground.","20.2","4.442","9.27","1404","120","84","models/vlt-waffle-index-15.gltf"
"vlt-waffle-index-16","waffle-index","commerce","Waffle Index · D1-1","D1-1","If the lights go dark, seek higher ground.","15.4","4.062","9.585","1404","120","84","models/vlt-waffle-index-16.gltf"
"vlt-waffle-index-17","waffle-index","commerce","Waffle Index · D2-1","D2-1","If the lights go dark, seek higher ground.","16.6","4.157","9.585","1404","120","84","models/vlt-waffle-index-17.gltf"
"vlt-waffle-index-18","waffle-index","commerce","Waffle Index · D3-1","D3-1","If the lights go dark, seek higher ground.","17.8","4.252","9.585","1404","120","84","models/vlt-waffle-index-18.gltf"
"vlt-waffle-index-19","waffle-index","commerce","Waffle Index · D4-1","D4-1","If the lights go dark, seek higher ground.","19","4.347","9.585","1404","120","84","models/vlt-waffle-index-19.gltf"
"vlt-waffle-index-20","waffle-index","commerce","Waffle Index · D5-1","D5-1","If the lights go dark, seek higher ground.","20.2","4.442","9.585","1404","120","84","models/vlt-waffle-index-20.gltf"
"vlt-waffle-index-21","waffle-index","commerce","Waffle Index · A1-2","A1-2","If the lights go dark, seek higher ground.","15.4","4.062","9.6932","1944","156","96","models/vlt-waffle-index-21.gltf"
"vlt-waffle-index-22","waffle-index","commerce","Waffle Index · A2-2","A2-2","If the lights go dark, seek higher ground.","16.6","4.157","9.6932","1944","156","96","models/vlt-waffle-index-22.gltf"
"vlt-waffle-index-23","waffle-index","commerce","Waffle Index · A3-2","A3-2","If the lights go dark, seek higher ground.","17.8","4.252","9.6932","1944","156","96","models/vlt-waffle-index-23.gltf"
"vlt-waffle-index-24","waffle-index","commerce","Waffle Index · A4-2","A4-2","If the lights go dark, seek higher ground.","19","4.347","9.6932","1944","156","96","models/vlt-waffle-index-24.gltf"
"vlt-waffle-index-25","waffle-index","commerce","Waffle Index · A5-2","A5-2","If the lights go dark, seek higher ground.","20.2","4.442","9.6932","1944","156","96","models/vlt-waffle-index-25.gltf"
"vlt-waffle-index-26","waffle-index","commerce","Waffle Index · B1-2","B1-2","If the lights go dark, seek higher ground.","15.4","4.062","10.0964","1944","156","96","models/vlt-waffle-index-26.gltf"
"vlt-waffle-index-27","waffle-index","commerce","Waffle Index · B2-2","B2-2","If the lights go dark, seek higher ground.","16.6","4.157","10.0964","1944","156","96","models/vlt-waffle-index-27.gltf"
"vlt-waffle-index-28","waffle-index","commerce","Waffle Index · B3-2","B3-2","If the lights go dark, seek higher ground.","17.8","4.252","10.0964","1944","156","96","models/vlt-waffle-index-28.gltf"
"vlt-waffle-index-29","waffle-index","commerce","Waffle Index · B4-2","B4-2","If the lights go dark, seek higher ground.","19","4.347","10.0964","1944","156","96","models/vlt-waffle-index-29.gltf"
"vlt-waffle-index-30","waffle-index","commerce","Waffle Index · B5-2","B5-2","If the lights go dark, seek higher ground.","20.2","4.442","10.0964","1944","156","96","models/vlt-waffle-index-30.gltf"
"vlt-waffle-index-31","waffle-index","commerce","Waffle Index · C1-2","C1-2","If the lights go dark, seek higher ground.","15.4","4.062","10.4996","1944","156","96","models/vlt-waffle-index-31.gltf"
"vlt-waffle-index-32","waffle-index","commerce","Waffle Index · C2-2","C2-2","If the lights go dark, seek higher ground.","16.6","4.157","10.4996","1944","156","96","models/vlt-waffle-index-32.gltf"
"vlt-waffle-index-33","waffle-index","commerce","Waffle Index · C3-2","C3-2","If the lights go dark, seek higher ground.","17.8","4.252","10.4996","1944","156","96","models/vlt-waffle-index-33.gltf"
"vlt-waffle-index-34","waffle-index","commerce","Waffle Index · C4-2","C4-2","If the lights go dark, seek higher ground.","19","4.347","10.4996","1944","156","96","models/vlt-waffle-index-34.gltf"
"vlt-waffle-index-35","waffle-index","commerce","Waffle Index · C5-2","C5-2","If the lights go dark, seek higher ground.","20.2","4.442","10.4996","1944","156","96","models/vlt-waffle-index-35.gltf"
"vlt-waffle-index-36","waffle-index","commerce","Waffle Index · D1-2","D1-2","If the lights go dark, seek higher ground.","15.4","4.062","10.9028","1944","156","96","models/vlt-waffle-index-36.gltf"
"vlt-waffle-index-37","waffle-index","commerce","Waffle Index · D2-2","D2-2","If the lights go dark, seek higher ground.","16.6","4.157","10.9028","1944","156","96","models/vlt-waffle-index-37.gltf"
"vlt-waffle-index-38","waffle-index","commerce","Waffle Index · D3-2","D3-2","If the lights go dark, seek higher ground.","17.8","4.252","10.9028","1944","156","96","models/vlt-waffle-index-38.gltf"
"vlt-waffle-index-39","waffle-index","commerce","Waffle Index · D4-2","D4-2","If the lights go dark, seek higher ground.","19","4.347","10.9028","1944","156","96","models/vlt-waffle-index-39.gltf"
"vlt-waffle-index-40","waffle-index","commerce","Waffle Index · D5-2","D5-2","If the lights go dark, seek higher ground.","20.2","4.442","10.9028","1944","156","96","models/vlt-waffle-index-40.gltf"
"vlt-wallet-er-01","wallet-er","commerce","Wallet ER · A1-1","A1-1","The helicopter pad is for your deductible.","21.182516","7.85","16.6204","930","194","170","models/vlt-wallet-er-01.gltf"
"vlt-wallet-er-02","wallet-er","commerce","Wallet ER · A2-1","A2-1","The helicopter pad is for your deductible.","22.971754","8.05","16.6204","930","194","170","models/vlt-wallet-er-02.gltf"
"vlt-wallet-er-03","wallet-er","commerce","Wallet ER · A3-1","A3-1","The helicopter pad is for your deductible.","24.760993","8.25","16.6204","930","194","170","models/vlt-wallet-er-03.gltf"
"vlt-wallet-er-04","wallet-er","commerce","Wallet ER · A4-1","A4-1","The helicopter pad is for your deductible.","26.550231","8.45","16.6204","930","194","170","models/vlt-wallet-er-04.gltf"
"vlt-wallet-er-05","wallet-er","commerce","Wallet ER · A5-1","A5-1","The helicopter pad is for your deductible.","28.33947","8.65","16.6204","930","194","170","models/vlt-wallet-er-05.gltf"
"vlt-wallet-er-06","wallet-er","commerce","Wallet ER · B1-1","B1-1","The helicopter pad is for your deductible.","21.202125","7.85","17.37955","930","194","170","models/vlt-wallet-er-06.gltf"
"vlt-wallet-er-07","wallet-er","commerce","Wallet ER · B2-1","B2-1","The helicopter pad is for your deductible.","22.991363","8.05","17.37955","930","194","170","models/vlt-wallet-er-07.gltf"
"vlt-wallet-er-08","wallet-er","commerce","Wallet ER · B3-1","B3-1","The helicopter pad is for your deductible.","24.780602","8.25","17.37955","930","194","170","models/vlt-wallet-er-08.gltf"
"vlt-wallet-er-09","wallet-er","commerce","Wallet ER · B4-1","B4-1","The helicopter pad is for your deductible.","26.56984","8.45","17.37955","930","194","170","models/vlt-wallet-er-09.gltf"
"vlt-wallet-er-10","wallet-er","commerce","Wallet ER · B5-1","B5-1","The helicopter pad is for your deductible.","28.359079","8.65","17.37955","930","194","170","models/vlt-wallet-er-10.gltf"
"vlt-wallet-er-11","wallet-er","commerce","Wallet ER · C1-1","C1-1","The helicopter pad is for your deductible.","21.221734","7.85","18.1387","930","194","170","models/vlt-wallet-er-11.gltf"
"vlt-wallet-er-12","wallet-er","commerce","Wallet ER · C2-1","C2-1","The helicopter pad is for your deductible.","23.010972","8.05","18.1387","930","194","170","models/vlt-wallet-er-12.gltf"
"vlt-wallet-er-13","wallet-er","commerce","Wallet ER · C3-1","C3-1","The helicopter pad is for your deductible.","24.800211","8.25","18.1387","930","194","170","models/vlt-wallet-er-13.gltf"
"vlt-wallet-er-14","wallet-er","commerce","Wallet ER · C4-1","C4-1","The helicopter pad is for your deductible.","26.589449","8.45","18.1387","930","194","170","models/vlt-wallet-er-14.gltf"
"vlt-wallet-er-15","wallet-er","commerce","Wallet ER · C5-1","C5-1","The helicopter pad is for your deductible.","28.378688","8.65","18.1387","930","194","170","models/vlt-wallet-er-15.gltf"
"vlt-wallet-er-16","wallet-er","commerce","Wallet ER · D1-1","D1-1","The helicopter pad is for your deductible.","21.241342","7.85","18.89785","930","194","170","models/vlt-wallet-er-16.gltf"
"vlt-wallet-er-17","wallet-er","commerce","Wallet ER · D2-1","D2-1","The helicopter pad is for your deductible.","23.030581","8.05","18.89785","930","194","170","models/vlt-wallet-er-17.gltf"
"vlt-wallet-er-18","wallet-er","commerce","Wallet ER · D3-1","D3-1","The helicopter pad is for your deductible.","24.81982","8.25","18.89785","930","194","170","models/vlt-wallet-er-18.gltf"
"vlt-wallet-er-19","wallet-er","commerce","Wallet ER · D4-1","D4-1","The helicopter pad is for your deductible.","26.609058","8.45","18.89785","930","194","170","models/vlt-wallet-er-19.gltf"
"vlt-wallet-er-20","wallet-er","commerce","Wallet ER · D5-1","D5-1","The helicopter pad is for your deductible.","28.398297","8.65","18.89785","930","194","170","models/vlt-wallet-er-20.gltf"
"vlt-wallet-er-21","wallet-er","commerce","Wallet ER · A1-2","A1-2","The helicopter pad is for your deductible.","21.182516","7.85","17.9364","1470","230","182","models/vlt-wallet-er-21.gltf"
"vlt-wallet-er-22","wallet-er","commerce","Wallet ER · A2-2","A2-2","The helicopter pad is for your deductible.","22.971754","8.05","17.9364","1470","230","182","models/vlt-wallet-er-22.gltf"
"vlt-wallet-er-23","wallet-er","commerce","Wallet ER · A3-2","A3-2","The helicopter pad is for your deductible.","24.760993","8.25","17.9364","1470","230","182","models/vlt-wallet-er-23.gltf"
"vlt-wallet-er-24","wallet-er","commerce","Wallet ER · A4-2","A4-2","The helicopter pad is for your deductible.","26.550231","8.45","17.9364","1470","230","182","models/vlt-wallet-er-24.gltf"
"vlt-wallet-er-25","wallet-er","commerce","Wallet ER · A5-2","A5-2","The helicopter pad is for your deductible.","28.33947","8.65","17.9364","1470","230","182","models/vlt-wallet-er-25.gltf"
"vlt-wallet-er-26","wallet-er","commerce","Wallet ER · B1-2","B1-2","The helicopter pad is for your deductible.","21.202125","7.85","18.7428","1470","230","182","models/vlt-wallet-er-26.gltf"
"vlt-wallet-er-27","wallet-er","commerce","Wallet ER · B2-2","B2-2","The helicopter pad is for your deductible.","22.991363","8.05","18.7428","1470","230","182","models/vlt-wallet-er-27.gltf"
"vlt-wallet-er-28","wallet-er","commerce","Wallet ER · B3-2","B3-2","The helicopter pad is for your deductible.","24.780602","8.25","18.7428","1470","230","182","models/vlt-wallet-er-28.gltf"
"vlt-wallet-er-29","wallet-er","commerce","Wallet ER · B4-2","B4-2","The helicopter pad is for your deductible.","26.56984","8.45","18.7428","1470","230","182","models/vlt-wallet-er-29.gltf"
"vlt-wallet-er-30","wallet-er","commerce","Wallet ER · B5-2","B5-2","The helicopter pad is for your deductible.","28.359079","8.65","18.7428","1470","230","182","models/vlt-wallet-er-30.gltf"
"vlt-wallet-er-31","wallet-er","commerce","Wallet ER · C1-2","C1-2","The helicopter pad is for your deductible.","21.221734","7.85","19.5492","1470","230","182","models/vlt-wallet-er-31.gltf"
"vlt-wallet-er-32","wallet-er","commerce","Wallet ER · C2-2","C2-2","The helicopter pad is for your deductible.","23.010972","8.05","19.5492","1470","230","182","models/vlt-wallet-er-32.gltf"
"vlt-wallet-er-33","wallet-er","commerce","Wallet ER · C3-2","C3-2","The helicopter pad is for your deductible.","24.800211","8.25","19.5492","1470","230","182","models/vlt-wallet-er-33.gltf"
"vlt-wallet-er-34","wallet-er","commerce","Wallet ER · C4-2","C4-2","The helicopter pad is for your deductible.","26.589449","8.45","19.5492","1470","230","182","models/vlt-wallet-er-34.gltf"
"vlt-wallet-er-35","wallet-er","commerce","Wallet ER · C5-2","C5-2","The helicopter pad is for your deductible.","28.378688","8.65","19.5492","1470","230","182","models/vlt-wallet-er-35.gltf"
"vlt-wallet-er-36","wallet-er","commerce","Wallet ER · D1-2","D1-2","The helicopter pad is for your deductible.","21.241342","7.85","20.3556","1470","230","182","models/vlt-wallet-er-36.gltf"
"vlt-wallet-er-37","wallet-er","commerce","Wallet ER · D2-2","D2-2","The helicopter pad is for your deductible.","23.030581","8.05","20.3556","1470","230","182","models/vlt-wallet-er-37.gltf"
"vlt-wallet-er-38","wallet-er","commerce","Wallet ER · D3-2","D3-2","The helicopter pad is for your deductible.","24.81982","8.25","20.3556","1470","230","182","models/vlt-wallet-er-38.gltf"
"vlt-wallet-er-39","wallet-er","commerce","Wallet ER · D4-2","D4-2","The helicopter pad is for your deductible.","26.609058","8.45","20.3556","1470","230","182","models/vlt-wallet-er-39.gltf"
"vlt-wallet-er-40","wallet-er","commerce","Wallet ER · D5-2","D5-2","The helicopter pad is for your deductible.","28.398297","8.65","20.3556","1470","230","182","models/vlt-wallet-er-40.gltf"
"vlt-wash-n-worship-01","wash-n-worship","commerce","Wash N Worship · A1-1","A1-1","Unlimited grace, billed monthly, underbody rinse excluded.","12.76","4.7","18.7636","2238","638","142","models/vlt-wash-n-worship-01.gltf"
"vlt-wash-n-worship-02","wash-n-worship","commerce","Wash N Worship · A2-1","A2-1","Unlimited grace, billed monthly, underbody rinse excluded.","13.72","4.825","18.7636","2238","638","142","models/vlt-wash-n-worship-02.gltf"
"vlt-wash-n-worship-03","wash-n-worship","commerce","Wash N Worship · A3-1","A3-1","Unlimited grace, billed monthly, underbody rinse excluded.","14.68","4.95","18.7636","2238","638","142","models/vlt-wash-n-worship-03.gltf"
"vlt-wash-n-worship-04","wash-n-worship","commerce","Wash N Worship · A4-1","A4-1","Unlimited grace, billed monthly, underbody rinse excluded.","15.64","5.075","18.7636","2238","638","142","models/vlt-wash-n-worship-04.gltf"
"vlt-wash-n-worship-05","wash-n-worship","commerce","Wash N Worship · A5-1","A5-1","Unlimited grace, billed monthly, underbody rinse excluded.","16.6","5.2","18.7636","2238","638","142","models/vlt-wash-n-worship-05.gltf"
"vlt-wash-n-worship-06","wash-n-worship","commerce","Wash N Worship · B1-1","B1-1","Unlimited grace, billed monthly, underbody rinse excluded.","12.76","4.7","19.6222","2238","638","142","models/vlt-wash-n-worship-06.gltf"
"vlt-wash-n-worship-07","wash-n-worship","commerce","Wash N Worship · B2-1","B2-1","Unlimited grace, billed monthly, underbody rinse excluded.","13.72","4.825","19.6222","2238","638","142","models/vlt-wash-n-worship-07.gltf"
"vlt-wash-n-worship-08","wash-n-worship","commerce","Wash N Worship · B3-1","B3-1","Unlimited grace, billed monthly, underbody rinse excluded.","14.68","4.95","19.6222","2238","638","142","models/vlt-wash-n-worship-08.gltf"
"vlt-wash-n-worship-09","wash-n-worship","commerce","Wash N Worship · B4-1","B4-1","Unlimited grace, billed monthly, underbody rinse excluded.","15.64","5.075","19.6222","2238","638","142","models/vlt-wash-n-worship-09.gltf"
"vlt-wash-n-worship-10","wash-n-worship","commerce","Wash N Worship · B5-1","B5-1","Unlimited grace, billed monthly, underbody rinse excluded.","16.6","5.2","19.6222","2238","638","142","models/vlt-wash-n-worship-10.gltf"
"vlt-wash-n-worship-11","wash-n-worship","commerce","Wash N Worship · C1-1","C1-1","Unlimited grace, billed monthly, underbody rinse excluded.","12.76","4.7","20.4808","2238","638","142","models/vlt-wash-n-worship-11.gltf"
"vlt-wash-n-worship-12","wash-n-worship","commerce","Wash N Worship · C2-1","C2-1","Unlimited grace, billed monthly, underbody rinse excluded.","13.72","4.825","20.4808","2238","638","142","models/vlt-wash-n-worship-12.gltf"
"vlt-wash-n-worship-13","wash-n-worship","commerce","Wash N Worship · C3-1","C3-1","Unlimited grace, billed monthly, underbody rinse excluded.","14.68","4.95","20.4808","2238","638","142","models/vlt-wash-n-worship-13.gltf"
"vlt-wash-n-worship-14","wash-n-worship","commerce","Wash N Worship · C4-1","C4-1","Unlimited grace, billed monthly, underbody rinse excluded.","15.64","5.075","20.4808","2238","638","142","models/vlt-wash-n-worship-14.gltf"
"vlt-wash-n-worship-15","wash-n-worship","commerce","Wash N Worship · C5-1","C5-1","Unlimited grace, billed monthly, underbody rinse excluded.","16.6","5.2","20.4808","2238","638","142","models/vlt-wash-n-worship-15.gltf"
"vlt-wash-n-worship-16","wash-n-worship","commerce","Wash N Worship · D1-1","D1-1","Unlimited grace, billed monthly, underbody rinse excluded.","12.76","4.7","21.3394","2238","638","142","models/vlt-wash-n-worship-16.gltf"
"vlt-wash-n-worship-17","wash-n-worship","commerce","Wash N Worship · D2-1","D2-1","Unlimited grace, billed monthly, underbody rinse excluded.","13.72","4.825","21.3394","2238","638","142","models/vlt-wash-n-worship-17.gltf"
"vlt-wash-n-worship-18","wash-n-worship","commerce","Wash N Worship · D3-1","D3-1","Unlimited grace, billed monthly, underbody rinse excluded.","14.68","4.95","21.3394","2238","638","142","models/vlt-wash-n-worship-18.gltf"
"vlt-wash-n-worship-19","wash-n-worship","commerce","Wash N Worship · D4-1","D4-1","Unlimited grace, billed monthly, underbody rinse excluded.","15.64","5.075","21.3394","2238","638","142","models/vlt-wash-n-worship-19.gltf"
"vlt-wash-n-worship-20","wash-n-worship","commerce","Wash N Worship · D5-1","D5-1","Unlimited grace, billed monthly, underbody rinse excluded.","16.6","5.2","21.3394","2238","638","142","models/vlt-wash-n-worship-20.gltf"
"vlt-wash-n-worship-21","wash-n-worship","commerce","Wash N Worship · A1-2","A1-2","Unlimited grace, billed monthly, underbody rinse excluded.","12.76","4.7","22.6468","2778","674","154","models/vlt-wash-n-worship-21.gltf"
"vlt-wash-n-worship-22","wash-n-worship","commerce","Wash N Worship · A2-2","A2-2","Unlimited grace, billed monthly, underbody rinse excluded.","13.72","4.825","22.6468","2778","674","154","models/vlt-wash-n-worship-22.gltf"
"vlt-wash-n-worship-23","wash-n-worship","commerce","Wash N Worship · A3-2","A3-2","Unlimited grace, billed monthly, underbody rinse excluded.","14.68","4.95","22.6468","2778","674","154","models/vlt-wash-n-worship-23.gltf"
"vlt-wash-n-worship-24","wash-n-worship","commerce","Wash N Worship · A4-2","A4-2","Unlimited grace, billed monthly, underbody rinse excluded.","15.64","5.075","22.6468","2778","674","154","models/vlt-wash-n-worship-24.gltf"
"vlt-wash-n-worship-25","wash-n-worship","commerce","Wash N Worship · A5-2","A5-2","Unlimited grace, billed monthly, underbody rinse excluded.","16.6","5.2","22.6468","2778","674","154","models/vlt-wash-n-worship-25.gltf"
"vlt-wash-n-worship-26","wash-n-worship","commerce","Wash N Worship · B1-2","B1-2","Unlimited grace, billed monthly, underbody rinse excluded.","12.76","4.7","23.6836","2778","674","154","models/vlt-wash-n-worship-26.gltf"
"vlt-wash-n-worship-27","wash-n-worship","commerce","Wash N Worship · B2-2","B2-2","Unlimited grace, billed monthly, underbody rinse excluded.","13.72","4.825","23.6836","2778","674","154","models/vlt-wash-n-worship-27.gltf"
"vlt-wash-n-worship-28","wash-n-worship","commerce","Wash N Worship · B3-2","B3-2","Unlimited grace, billed monthly, underbody rinse excluded.","14.68","4.95","23.6836","2778","674","154","models/vlt-wash-n-worship-28.gltf"
"vlt-wash-n-worship-29","wash-n-worship","commerce","Wash N Worship · B4-2","B4-2","Unlimited grace, billed monthly, underbody rinse excluded.","15.64","5.075","23.6836","2778","674","154","models/vlt-wash-n-worship-29.gltf"
"vlt-wash-n-worship-30","wash-n-worship","commerce","Wash N Worship · B5-2","B5-2","Unlimited grace, billed monthly, underbody rinse excluded.","16.6","5.2","23.6836","2778","674","154","models/vlt-wash-n-worship-30.gltf"
"vlt-wash-n-worship-31","wash-n-worship","commerce","Wash N Worship · C1-2","C1-2","Unlimited grace, billed monthly, underbody rinse excluded.","12.76","4.7","24.7204","2778","674","154","models/vlt-wash-n-worship-31.gltf"
"vlt-wash-n-worship-32","wash-n-worship","commerce","Wash N Worship · C2-2","C2-2","Unlimited grace, billed monthly, underbody rinse excluded.","13.72","4.825","24.7204","2778","674","154","models/vlt-wash-n-worship-32.gltf"
"vlt-wash-n-worship-33","wash-n-worship","commerce","Wash N Worship · C3-2","C3-2","Unlimited grace, billed monthly, underbody rinse excluded.","14.68","4.95","24.7204","2778","674","154","models/vlt-wash-n-worship-33.gltf"
"vlt-wash-n-worship-34","wash-n-worship","commerce","Wash N Worship · C4-2","C4-2","Unlimited grace, billed monthly, underbody rinse excluded.","15.64","5.075","24.7204","2778","674","154","models/vlt-wash-n-worship-34.gltf"
"vlt-wash-n-worship-35","wash-n-worship","commerce","Wash N Worship · C5-2","C5-2","Unlimited grace, billed monthly, underbody rinse excluded.","16.6","5.2","24.7204","2778","674","154","models/vlt-wash-n-worship-35.gltf"
"vlt-wash-n-worship-36","wash-n-worship","commerce","Wash N Worship · D1-2","D1-2","Unlimited grace, billed monthly, underbody rinse excluded.","12.76","4.7","25.7572","2778","674","154","models/vlt-wash-n-worship-36.gltf"
"vlt-wash-n-worship-37","wash-n-worship","commerce","Wash N Worship · D2-2","D2-2","Unlimited grace, billed monthly, underbody rinse excluded.","13.72","4.825","25.7572","2778","674","154","models/vlt-wash-n-worship-37.gltf"
"vlt-wash-n-worship-38","wash-n-worship","commerce","Wash N Worship · D3-2","D3-2","Unlimited grace, billed monthly, underbody rinse excluded.","14.68","4.95","25.7572","2778","674","154","models/vlt-wash-n-worship-38.gltf"
"vlt-wash-n-worship-39","wash-n-worship","commerce","Wash N Worship · D4-2","D4-2","Unlimited grace, billed monthly, underbody rinse excluded.","15.64","5.075","25.7572","2778","674","154","models/vlt-wash-n-worship-39.gltf"
"vlt-wash-n-worship-40","wash-n-worship","commerce","Wash N Worship · D5-2","D5-2","Unlimited grace, billed monthly, underbody rinse excluded.","16.6","5.2","25.7572","2778","674","154","models/vlt-wash-n-worship-40.gltf"
"vlt-wastewater-plant-01","wastewater-plant","infrastructure","Poop Palace Treatment · A1-1","A1-1","Advanced treatment for yesterday’s growth projections.","13.889","3.32","10.5576","1218","266","182","models/vlt-wastewater-plant-01.gltf"
"vlt-wastewater-plant-02","wastewater-plant","infrastructure","Poop Palace Treatment · A2-1","A2-1","Advanced treatment for yesterday’s growth projections.","16.87556","3.32","11.3912","1518","350","182","models/vlt-wastewater-plant-02.gltf"
"vlt-wastewater-plant-03","wastewater-plant","infrastructure","Poop Palace Treatment · A3-1","A3-1","Advanced treatment for yesterday’s growth projections.","20.15588","3.32","12.2888","1818","434","182","models/vlt-wastewater-plant-03.gltf"
"vlt-wastewater-plant-04","wastewater-plant","infrastructure","Poop Palace Treatment · A4-1","A4-1","Advanced treatment for yesterday’s growth projections.","23.76192","3.32","13.1864","2118","518","182","models/vlt-wastewater-plant-04.gltf"
"vlt-wastewater-plant-05","wastewater-plant","infrastructure","Poop Palace Treatment · A5-1","A5-1","Advanced treatment for yesterday’s growth projections.","27.7056","3.32","14.084","2418","602","182","models/vlt-wastewater-plant-05.gltf"
"vlt-wastewater-plant-06","wastewater-plant","infrastructure","Poop Palace Treatment · B1-1","B1-1","Advanced treatment for yesterday’s growth projections.","13.949","3.32","11.4812","1218","266","182","models/vlt-wastewater-plant-06.gltf"
"vlt-wastewater-plant-07","wastewater-plant","infrastructure","Poop Palace Treatment · B2-1","B2-1","Advanced treatment for yesterday’s growth projections.","16.93556","3.32","12.4604","1518","350","182","models/vlt-wastewater-plant-07.gltf"
"vlt-wastewater-plant-08","wastewater-plant","infrastructure","Poop Palace Treatment · B3-1","B3-1","Advanced treatment for yesterday’s growth projections.","20.21588","3.32","13.4396","1818","434","182","models/vlt-wastewater-plant-08.gltf"
"vlt-wastewater-plant-09","wastewater-plant","infrastructure","Poop Palace Treatment · B4-1","B4-1","Advanced treatment for yesterday’s growth projections.","23.78996","3.32","14.4188","2118","518","182","models/vlt-wastewater-plant-09.gltf"
"vlt-wastewater-plant-10","wastewater-plant","infrastructure","Poop Palace Treatment · B5-1","B5-1","Advanced treatment for yesterday’s growth projections.","27.7056","3.32","15.398","2418","602","182","models/vlt-wastewater-plant-10.gltf"
"vlt-wastewater-plant-11","wastewater-plant","infrastructure","Poop Palace Treatment · C1-1","C1-1","Advanced treatment for yesterday’s growth projections.","14.009","3.32","12.4688","1218","266","182","models/vlt-wastewater-plant-11.gltf"
"vlt-wastewater-plant-12","wastewater-plant","infrastructure","Poop Palace Treatment · C2-1","C2-1","Advanced treatment for yesterday’s growth projections.","16.99556","3.32","13.5296","1518","350","182","models/vlt-wastewater-plant-12.gltf"
"vlt-wastewater-plant-13","wastewater-plant","infrastructure","Poop Palace Treatment · C3-1","C3-1","Advanced treatment for yesterday’s growth projections.","20.27588","3.32","14.5904","1818","434","182","models/vlt-wastewater-plant-13.gltf"
"vlt-wastewater-plant-14","wastewater-plant","infrastructure","Poop Palace Treatment · C4-1","C4-1","Advanced treatment for yesterday’s growth projections.","23.84996","3.32","15.6512","2118","518","182","models/vlt-wastewater-plant-14.gltf"
"vlt-wastewater-plant-15","wastewater-plant","infrastructure","Poop Palace Treatment · C5-1","C5-1","Advanced treatment for yesterday’s growth projections.","27.7178","3.32","16.712","2418","602","182","models/vlt-wastewater-plant-15.gltf"
"vlt-wastewater-plant-16","wastewater-plant","infrastructure","Poop Palace Treatment · D1-1","D1-1","Advanced treatment for yesterday’s growth projections.","14.069","3.32","13.4564","1218","266","182","models/vlt-wastewater-plant-16.gltf"
"vlt-wastewater-plant-17","wastewater-plant","infrastructure","Poop Palace Treatment · D2-1","D2-1","Advanced treatment for yesterday’s growth projections.","17.05556","3.32","14.5988","1518","350","182","models/vlt-wastewater-plant-17.gltf"
"vlt-wastewater-plant-18","wastewater-plant","infrastructure","Poop Palace Treatment · D3-1","D3-1","Advanced treatment for yesterday’s growth projections.","20.33588","3.32","15.7412","1818","434","182","models/vlt-wastewater-plant-18.gltf"
"vlt-wastewater-plant-19","wastewater-plant","infrastructure","Poop Palace Treatment · D4-1","D4-1","Advanced treatment for yesterday’s growth projections.","23.90996","3.32","16.8836","2118","518","182","models/vlt-wastewater-plant-19.gltf"
"vlt-wastewater-plant-20","wastewater-plant","infrastructure","Poop Palace Treatment · D5-1","D5-1","Advanced treatment for yesterday’s growth projections.","27.7778","3.32","18.026","2418","602","182","models/vlt-wastewater-plant-20.gltf"
"vlt-wastewater-plant-21","wastewater-plant","infrastructure","Poop Palace Treatment · A1-2","A1-2","Advanced treatment for yesterday’s growth projections.","13.889","3.32","10.5576","1434","290","194","models/vlt-wastewater-plant-21.gltf"
"vlt-wastewater-plant-22","wastewater-plant","infrastructure","Poop Palace Treatment · A2-2","A2-2","Advanced treatment for yesterday’s growth projections.","16.87556","3.32","11.3912","1734","374","194","models/vlt-wastewater-plant-22.gltf"
"vlt-wastewater-plant-23","wastewater-plant","infrastructure","Poop Palace Treatment · A3-2","A3-2","Advanced treatment for yesterday’s growth projections.","20.15588","3.32","12.2888","2034","458","194","models/vlt-wastewater-plant-23.gltf"
"vlt-wastewater-plant-24","wastewater-plant","infrastructure","Poop Palace Treatment · A4-2","A4-2","Advanced treatment for yesterday’s growth projections.","23.76192","3.32","13.1864","2334","542","194","models/vlt-wastewater-plant-24.gltf"
"vlt-wastewater-plant-25","wastewater-plant","infrastructure","Poop Palace Treatment · A5-2","A5-2","Advanced treatment for yesterday’s growth projections.","27.7056","3.32","14.084","2634","626","194","models/vlt-wastewater-plant-25.gltf"
"vlt-wastewater-plant-26","wastewater-plant","infrastructure","Poop Palace Treatment · B1-2","B1-2","Advanced treatment for yesterday’s growth projections.","13.949","3.32","11.4812","1434","290","194","models/vlt-wastewater-plant-26.gltf"
"vlt-wastewater-plant-27","wastewater-plant","infrastructure","Poop Palace Treatment · B2-2","B2-2","Advanced treatment for yesterday’s growth projections.","16.93556","3.32","12.4604","1734","374","194","models/vlt-wastewater-plant-27.gltf"
"vlt-wastewater-plant-28","wastewater-plant","infrastructure","Poop Palace Treatment · B3-2","B3-2","Advanced treatment for yesterday’s growth projections.","20.21588","3.32","13.4396","2034","458","194","models/vlt-wastewater-plant-28.gltf"
"vlt-wastewater-plant-29","wastewater-plant","infrastructure","Poop Palace Treatment · B4-2","B4-2","Advanced treatment for yesterday’s growth projections.","23.78996","3.32","14.4188","2334","542","194","models/vlt-wastewater-plant-29.gltf"
"vlt-wastewater-plant-30","wastewater-plant","infrastructure","Poop Palace Treatment · B5-2","B5-2","Advanced treatment for yesterday’s growth projections.","27.7056","3.32","15.398","2634","626","194","models/vlt-wastewater-plant-30.gltf"
"vlt-wastewater-plant-31","wastewater-plant","infrastructure","Poop Palace Treatment · C1-2","C1-2","Advanced treatment for yesterday’s growth projections.","14.009","3.32","12.4688","1434","290","194","models/vlt-wastewater-plant-31.gltf"
"vlt-wastewater-plant-32","wastewater-plant","infrastructure","Poop Palace Treatment · C2-2","C2-2","Advanced treatment for yesterday’s growth projections.","16.99556","3.32","13.5296","1734","374","194","models/vlt-wastewater-plant-32.gltf"
"vlt-wastewater-plant-33","wastewater-plant","infrastructure","Poop Palace Treatment · C3-2","C3-2","Advanced treatment for yesterday’s growth projections.","20.27588","3.32","14.5904","2034","458","194","models/vlt-wastewater-plant-33.gltf"
"vlt-wastewater-plant-34","wastewater-plant","infrastructure","Poop Palace Treatment · C4-2","C4-2","Advanced treatment for yesterday’s growth projections.","23.84996","3.32","15.6512","2334","542","194","models/vlt-wastewater-plant-34.gltf"
"vlt-wastewater-plant-35","wastewater-plant","infrastructure","Poop Palace Treatment · C5-2","C5-2","Advanced treatment for yesterday’s growth projections.","27.7178","3.32","16.712","2634","626","194","models/vlt-wastewater-plant-35.gltf"
"vlt-wastewater-plant-36","wastewater-plant","infrastructure","Poop Palace Treatment · D1-2","D1-2","Advanced treatment for yesterday’s growth projections.","14.069","3.32","13.4564","1434","290","194","models/vlt-wastewater-plant-36.gltf"
"vlt-wastewater-plant-37","wastewater-plant","infrastructure","Poop Palace Treatment · D2-2","D2-2","Advanced treatment for yesterday’s growth projections.","17.05556","3.32","14.5988","1734","374","194","models/vlt-wastewater-plant-37.gltf"
"vlt-wastewater-plant-38","wastewater-plant","infrastructure","Poop Palace Treatment · D3-2","D3-2","Advanced treatment for yesterday’s growth projections.","20.33588","3.32","15.7412","2034","458","194","models/vlt-wastewater-plant-38.gltf"
"vlt-wastewater-plant-39","wastewater-plant","infrastructure","Poop Palace Treatment · D4-2","D4-2","Advanced treatment for yesterday’s growth projections.","23.90996","3.32","16.8836","2334","542","194","models/vlt-wastewater-plant-39.gltf"
"vlt-wastewater-plant-40","wastewater-plant","infrastructure","Poop Palace Treatment · D5-2","D5-2","Advanced treatment for yesterday’s growth projections.","27.7778","3.32","18.026","2634","626","194","models/vlt-wastewater-plant-40.gltf"
"vlt-water-tower-01","water-tower","infrastructure","County Water Tower · A1-1","A1-1","Civic identity is best stored under pressure.","8.32388","14.6784","8.51888","1226","386","258","models/vlt-water-tower-01.gltf"
"vlt-water-tower-02","water-tower","infrastructure","County Water Tower · A2-1","A2-1","Civic identity is best stored under pressure.","10.02116","15.4688","10.21616","1354","434","258","models/vlt-water-tower-02.gltf"
"vlt-water-tower-03","water-tower","infrastructure","County Water Tower · A3-1","A3-1","Civic identity is best stored under pressure.","11.88164","16.3352","12.07664","1354","434","258","models/vlt-water-tower-03.gltf"
"vlt-water-tower-04","water-tower","infrastructure","County Water Tower · A4-1","A4-1","Civic identity is best stored under pressure.","13.90532","17.2776","14.10032","1482","482","258","models/vlt-water-tower-04.gltf"
"vlt-water-tower-05","water-tower","infrastructure","County Water Tower · A5-1","A5-1","Civic identity is best stored under pressure.","16.0922","18.296","16.2872","1482","482","258","models/vlt-water-tower-05.gltf"
"vlt-water-tower-06","water-tower","infrastructure","County Water Tower · B1-1","B1-1","Civic identity is best stored under pressure.","8.38388","15.8784","8.60888","1226","386","258","models/vlt-water-tower-06.gltf"
"vlt-water-tower-07","water-tower","infrastructure","County Water Tower · B2-1","B2-1","Civic identity is best stored under pressure.","10.08116","16.6688","10.30616","1354","434","258","models/vlt-water-tower-07.gltf"
"vlt-water-tower-08","water-tower","infrastructure","County Water Tower · B3-1","B3-1","Civic identity is best stored under pressure.","11.94164","17.5352","12.16664","1354","434","258","models/vlt-water-tower-08.gltf"
"vlt-water-tower-09","water-tower","infrastructure","County Water Tower · B4-1","B4-1","Civic identity is best stored under pressure.","13.96532","18.4776","14.19032","1482","482","258","models/vlt-water-tower-09.gltf"
"vlt-water-tower-10","water-tower","infrastructure","County Water Tower · B5-1","B5-1","Civic identity is best stored under pressure.","16.1522","19.496","16.3772","1482","482","258","models/vlt-water-tower-10.gltf"
"vlt-water-tower-11","water-tower","infrastructure","County Water Tower · C1-1","C1-1","Civic identity is best stored under pressure.","8.44388","17.0784","8.69888","1226","386","258","models/vlt-water-tower-11.gltf"
"vlt-water-tower-12","water-tower","infrastructure","County Water Tower · C2-1","C2-1","Civic identity is best stored under pressure.","10.14116","17.8688","10.39616","1354","434","258","models/vlt-water-tower-12.gltf"
"vlt-water-tower-13","water-tower","infrastructure","County Water Tower · C3-1","C3-1","Civic identity is best stored under pressure.","12.00164","18.7352","12.25664","1354","434","258","models/vlt-water-tower-13.gltf"
"vlt-water-tower-14","water-tower","infrastructure","County Water Tower · C4-1","C4-1","Civic identity is best stored under pressure.","14.02532","19.6776","14.28032","1482","482","258","models/vlt-water-tower-14.gltf"
"vlt-water-tower-15","water-tower","infrastructure","County Water Tower · C5-1","C5-1","Civic identity is best stored under pressure.","16.2122","20.696","16.4672","1482","482","258","models/vlt-water-tower-15.gltf"
"vlt-water-tower-16","water-tower","infrastructure","County Water Tower · D1-1","D1-1","Civic identity is best stored under pressure.","8.50388","18.2784","8.78888","1226","386","258","models/vlt-water-tower-16.gltf"
"vlt-water-tower-17","water-tower","infrastructure","County Water Tower · D2-1","D2-1","Civic identity is best stored under pressure.","10.20116","19.0688","10.48616","1354","434","258","models/vlt-water-tower-17.gltf"
"vlt-water-tower-18","water-tower","infrastructure","County Water Tower · D3-1","D3-1","Civic identity is best stored under pressure.","12.06164","19.9352","12.34664","1354","434","258","models/vlt-water-tower-18.gltf"
"vlt-water-tower-19","water-tower","infrastructure","County Water Tower · D4-1","D4-1","Civic identity is best stored under pressure.","14.08532","20.8776","14.37032","1482","482","258","models/vlt-water-tower-19.gltf"
"vlt-water-tower-20","water-tower","infrastructure","County Water Tower · D5-1","D5-1","Civic identity is best stored under pressure.","16.2722","21.896","16.5572","1482","482","258","models/vlt-water-tower-20.gltf"
"vlt-water-tower-21","water-tower","infrastructure","County Water Tower · A1-2","A1-2","Civic identity is best stored under pressure.","8.32388","14.6784","8.51888","1442","410","270","models/vlt-water-tower-21.gltf"
"vlt-water-tower-22","water-tower","infrastructure","County Water Tower · A2-2","A2-2","Civic identity is best stored under pressure.","10.02116","15.4688","10.21616","1570","458","270","models/vlt-water-tower-22.gltf"
"vlt-water-tower-23","water-tower","infrastructure","County Water Tower · A3-2","A3-2","Civic identity is best stored under pressure.","11.88164","16.3352","12.07664","1570","458","270","models/vlt-water-tower-23.gltf"
"vlt-water-tower-24","water-tower","infrastructure","County Water Tower · A4-2","A4-2","Civic identity is best stored under pressure.","13.90532","17.2776","14.10032","1698","506","270","models/vlt-water-tower-24.gltf"
"vlt-water-tower-25","water-tower","infrastructure","County Water Tower · A5-2","A5-2","Civic identity is best stored under pressure.","16.0922","18.296","16.2872","1698","506","270","models/vlt-water-tower-25.gltf"
"vlt-water-tower-26","water-tower","infrastructure","County Water Tower · B1-2","B1-2","Civic identity is best stored under pressure.","8.38388","15.8784","8.60888","1442","410","270","models/vlt-water-tower-26.gltf"
"vlt-water-tower-27","water-tower","infrastructure","County Water Tower · B2-2","B2-2","Civic identity is best stored under pressure.","10.08116","16.6688","10.30616","1570","458","270","models/vlt-water-tower-27.gltf"
"vlt-water-tower-28","water-tower","infrastructure","County Water Tower · B3-2","B3-2","Civic identity is best stored under pressure.","11.94164","17.5352","12.16664","1570","458","270","models/vlt-water-tower-28.gltf"
"vlt-water-tower-29","water-tower","infrastructure","County Water Tower · B4-2","B4-2","Civic identity is best stored under pressure.","13.96532","18.4776","14.19032","1698","506","270","models/vlt-water-tower-29.gltf"
"vlt-water-tower-30","water-tower","infrastructure","County Water Tower · B5-2","B5-2","Civic identity is best stored under pressure.","16.1522","19.496","16.3772","1698","506","270","models/vlt-water-tower-30.gltf"
"vlt-water-tower-31","water-tower","infrastructure","County Water Tower · C1-2","C1-2","Civic identity is best stored under pressure.","8.44388","17.0784","8.69888","1442","410","270","models/vlt-water-tower-31.gltf"
"vlt-water-tower-32","water-tower","infrastructure","County Water Tower · C2-2","C2-2","Civic identity is best stored under pressure.","10.14116","17.8688","10.39616","1570","458","270","models/vlt-water-tower-32.gltf"
"vlt-water-tower-33","water-tower","infrastructure","County Water Tower · C3-2","C3-2","Civic identity is best stored under pressure.","12.00164","18.7352","12.25664","1570","458","270","models/vlt-water-tower-33.gltf"
"vlt-water-tower-34","water-tower","infrastructure","County Water Tower · C4-2","C4-2","Civic identity is best stored under pressure.","14.02532","19.6776","14.28032","1698","506","270","models/vlt-water-tower-34.gltf"
"vlt-water-tower-35","water-tower","infrastructure","County Water Tower · C5-2","C5-2","Civic identity is best stored under pressure.","16.2122","20.696","16.4672","1698","506","270","models/vlt-water-tower-35.gltf"
"vlt-water-tower-36","water-tower","infrastructure","County Water Tower · D1-2","D1-2","Civic identity is best stored under pressure.","8.50388","18.2784","8.78888","1442","410","270","models/vlt-water-tower-36.gltf"
"vlt-water-tower-37","water-tower","infrastructure","County Water Tower · D2-2","D2-2","Civic identity is best stored under pressure.","10.20116","19.0688","10.48616","1570","458","270","models/vlt-water-tower-37.gltf"
"vlt-water-tower-38","water-tower","infrastructure","County Water Tower · D3-2","D3-2","Civic identity is best stored under pressure.","12.06164","19.9352","12.34664","1570","458","270","models/vlt-water-tower-38.gltf"
"vlt-water-tower-39","water-tower","infrastructure","County Water Tower · D4-2","D4-2","Civic identity is best stored under pressure.","14.08532","20.8776","14.37032","1698","506","270","models/vlt-water-tower-39.gltf"
"vlt-water-tower-40","water-tower","infrastructure","County Water Tower · D5-2","D5-2","Civic identity is best stored under pressure.","16.2722","21.896","16.5572","1698","506","270","models/vlt-water-tower-40.gltf"
"vlt-whispering-pines-01","whispering-pines","neighborhood","Whispering Pines Estates · A1-1","A1-1","Pines sold separately; one demonstration tree may remain.","17.6","4.41","18.229","3122","686","230","models/vlt-whispering-pines-01.gltf"
"vlt-whispering-pines-02","whispering-pines","neighborhood","Whispering Pines Estates · A2-1","A2-1","Pines sold separately; one demonstration tree may remain.","21.12","4.41","18.949","3554","686","230","models/vlt-whispering-pines-02.gltf"
"vlt-whispering-pines-03","whispering-pines","neighborhood","Whispering Pines Estates · A3-1","A3-1","Pines sold separately; one demonstration tree may remain.","24.96","4.41","19.669","3986","686","230","models/vlt-whispering-pines-03.gltf"
"vlt-whispering-pines-04","whispering-pines","neighborhood","Whispering Pines Estates · A4-1","A4-1","Pines sold separately; one demonstration tree may remain.","29.12","4.41","20.389","4418","686","230","models/vlt-whispering-pines-04.gltf"
"vlt-whispering-pines-05","whispering-pines","neighborhood","Whispering Pines Estates · A5-1","A5-1","Pines sold separately; one demonstration tree may remain.","33.6","4.41","21.6","4850","686","230","models/vlt-whispering-pines-05.gltf"
"vlt-whispering-pines-06","whispering-pines","neighborhood","Whispering Pines Estates · B1-1","B1-1","Pines sold separately; one demonstration tree may remain.","17.625","4.41","19.209","3770","758","230","models/vlt-whispering-pines-06.gltf"
"vlt-whispering-pines-07","whispering-pines","neighborhood","Whispering Pines Estates · B2-1","B2-1","Pines sold separately; one demonstration tree may remain.","21.12","4.41","19.909","4418","758","230","models/vlt-whispering-pines-07.gltf"
"vlt-whispering-pines-08","whispering-pines","neighborhood","Whispering Pines Estates · B3-1","B3-1","Pines sold separately; one demonstration tree may remain.","24.96","4.41","20.8","5066","758","230","models/vlt-whispering-pines-08.gltf"
"vlt-whispering-pines-09","whispering-pines","neighborhood","Whispering Pines Estates · B4-1","B4-1","Pines sold separately; one demonstration tree may remain.","29.12","4.41","22.4","5714","758","230","models/vlt-whispering-pines-09.gltf"
"vlt-whispering-pines-10","whispering-pines","neighborhood","Whispering Pines Estates · B5-1","B5-1","Pines sold separately; one demonstration tree may remain.","33.6","4.41","24","6362","758","230","models/vlt-whispering-pines-10.gltf"
"vlt-whispering-pines-11","whispering-pines","neighborhood","Whispering Pines Estates · C1-1","C1-1","Pines sold separately; one demonstration tree may remain.","18.25","4.41","19.989","3122","686","230","models/vlt-whispering-pines-11.gltf"
"vlt-whispering-pines-12","whispering-pines","neighborhood","Whispering Pines Estates · C2-1","C2-1","Pines sold separately; one demonstration tree may remain.","21.12","4.41","21.12","3554","686","230","models/vlt-whispering-pines-12.gltf"
"vlt-whispering-pines-13","whispering-pines","neighborhood","Whispering Pines Estates · C3-1","C3-1","Pines sold separately; one demonstration tree may remain.","24.96","4.41","22.88","3986","686","230","models/vlt-whispering-pines-13.gltf"
"vlt-whispering-pines-14","whispering-pines","neighborhood","Whispering Pines Estates · C4-1","C4-1","Pines sold separately; one demonstration tree may remain.","29.12","4.41","24.64","4418","686","230","models/vlt-whispering-pines-14.gltf"
"vlt-whispering-pines-15","whispering-pines","neighborhood","Whispering Pines Estates · C5-1","C5-1","Pines sold separately; one demonstration tree may remain.","33.6","4.41","26.4","4850","686","230","models/vlt-whispering-pines-15.gltf"
"vlt-whispering-pines-16","whispering-pines","neighborhood","Whispering Pines Estates · D1-1","D1-1","Pines sold separately; one demonstration tree may remain.","18.875","4.41","21.12","3770","758","230","models/vlt-whispering-pines-16.gltf"
"vlt-whispering-pines-17","whispering-pines","neighborhood","Whispering Pines Estates · D2-1","D2-1","Pines sold separately; one demonstration tree may remain.","21.12","4.41","23.04","4418","758","230","models/vlt-whispering-pines-17.gltf"
"vlt-whispering-pines-18","whispering-pines","neighborhood","Whispering Pines Estates · D3-1","D3-1","Pines sold separately; one demonstration tree may remain.","24.96","4.41","24.96","5066","758","230","models/vlt-whispering-pines-18.gltf"
"vlt-whispering-pines-19","whispering-pines","neighborhood","Whispering Pines Estates · D4-1","D4-1","Pines sold separately; one demonstration tree may remain.","29.12","4.41","26.88","5714","758","230","models/vlt-whispering-pines-19.gltf"
"vlt-whispering-pines-20","whispering-pines","neighborhood","Whispering Pines Estates · D5-1","D5-1","Pines sold separately; one demonstration tree may remain.","33.6","4.41","28.8","6362","758","230","models/vlt-whispering-pines-20.gltf"
"vlt-whispering-pines-21","whispering-pines","neighborhood","Whispering Pines Estates · A1-2","A1-2","Pines sold separately; one demonstration tree may remain.","17.6","4.325","18.309","2066","242","230","models/vlt-whispering-pines-21.gltf"
"vlt-whispering-pines-22","whispering-pines","neighborhood","Whispering Pines Estates · A2-2","A2-2","Pines sold separately; one demonstration tree may remain.","21.12","4.325","18.949","2498","242","230","models/vlt-whispering-pines-22.gltf"
"vlt-whispering-pines-23","whispering-pines","neighborhood","Whispering Pines Estates · A3-2","A3-2","Pines sold separately; one demonstration tree may remain.","24.96","4.325","19.669","2930","242","230","models/vlt-whispering-pines-23.gltf"
"vlt-whispering-pines-24","whispering-pines","neighborhood","Whispering Pines Estates · A4-2","A4-2","Pines sold separately; one demonstration tree may remain.","29.12","4.325","20.389","3362","242","230","models/vlt-whispering-pines-24.gltf"
"vlt-whispering-pines-25","whispering-pines","neighborhood","Whispering Pines Estates · A5-2","A5-2","Pines sold separately; one demonstration tree may remain.","33.6","4.325","21.6","3794","242","230","models/vlt-whispering-pines-25.gltf"
"vlt-whispering-pines-26","whispering-pines","neighborhood","Whispering Pines Estates · B1-2","B1-2","Pines sold separately; one demonstration tree may remain.","17.625","4.325","19.209","2714","314","230","models/vlt-whispering-pines-26.gltf"
"vlt-whispering-pines-27","whispering-pines","neighborhood","Whispering Pines Estates · B2-2","B2-2","Pines sold separately; one demonstration tree may remain.","21.12","4.325","19.909","3362","314","230","models/vlt-whispering-pines-27.gltf"
"vlt-whispering-pines-28","whispering-pines","neighborhood","Whispering Pines Estates · B3-2","B3-2","Pines sold separately; one demonstration tree may remain.","24.96","4.325","20.8","4010","314","230","models/vlt-whispering-pines-28.gltf"
"vlt-whispering-pines-29","whispering-pines","neighborhood","Whispering Pines Estates · B4-2","B4-2","Pines sold separately; one demonstration tree may remain.","29.12","4.325","22.4","4658","314","230","models/vlt-whispering-pines-29.gltf"
"vlt-whispering-pines-30","whispering-pines","neighborhood","Whispering Pines Estates · B5-2","B5-2","Pines sold separately; one demonstration tree may remain.","33.6","4.325","24","5306","314","230","models/vlt-whispering-pines-30.gltf"
"vlt-whispering-pines-31","whispering-pines","neighborhood","Whispering Pines Estates · C1-2","C1-2","Pines sold separately; one demonstration tree may remain.","18.25","4.325","19.989","2066","242","230","models/vlt-whispering-pines-31.gltf"
"vlt-whispering-pines-32","whispering-pines","neighborhood","Whispering Pines Estates · C2-2","C2-2","Pines sold separately; one demonstration tree may remain.","21.12","4.325","21.12","2498","242","230","models/vlt-whispering-pines-32.gltf"
"vlt-whispering-pines-33","whispering-pines","neighborhood","Whispering Pines Estates · C3-2","C3-2","Pines sold separately; one demonstration tree may remain.","24.96","4.325","22.88","2930","242","230","models/vlt-whispering-pines-33.gltf"
"vlt-whispering-pines-34","whispering-pines","neighborhood","Whispering Pines Estates · C4-2","C4-2","Pines sold separately; one demonstration tree may remain.","29.12","4.325","24.64","3362","242","230","models/vlt-whispering-pines-34.gltf"
"vlt-whispering-pines-35","whispering-pines","neighborhood","Whispering Pines Estates · C5-2","C5-2","Pines sold separately; one demonstration tree may remain.","33.6","4.325","26.4","3794","242","230","models/vlt-whispering-pines-35.gltf"
"vlt-whispering-pines-36","whispering-pines","neighborhood","Whispering Pines Estates · D1-2","D1-2","Pines sold separately; one demonstration tree may remain.","18.875","4.325","21.12","2714","314","230","models/vlt-whispering-pines-36.gltf"
"vlt-whispering-pines-37","whispering-pines","neighborhood","Whispering Pines Estates · D2-2","D2-2","Pines sold separately; one demonstration tree may remain.","21.12","4.325","23.04","3362","314","230","models/vlt-whispering-pines-37.gltf"
"vlt-whispering-pines-38","whispering-pines","neighborhood","Whispering Pines Estates · D3-2","D3-2","Pines sold separately; one demonstration tree may remain.","24.96","4.325","24.96","4010","314","230","models/vlt-whispering-pines-38.gltf"
"vlt-whispering-pines-39","whispering-pines","neighborhood","Whispering Pines Estates · D4-2","D4-2","Pines sold separately; one demonstration tree may remain.","29.12","4.325","26.88","4658","314","230","models/vlt-whispering-pines-39.gltf"
"vlt-whispering-pines-40","whispering-pines","neighborhood","Whispering Pines Estates · D5-2","D5-2","Pines sold separately; one demonstration tree may remain.","33.6","4.325","28.8","5306","314","230","models/vlt-whispering-pines-40.gltf"
"vlt-wind-service-yard-01","wind-service-yard","infrastructure","Breeze Compliance Yard · A1-1","A1-1","Renewable energy with a generous setback from donors.","12.0938","13.788416","14.901592","2094","398","246","models/vlt-wind-service-yard-01.gltf"
"vlt-wind-service-yard-02","wind-service-yard","infrastructure","Breeze Compliance Yard · A2-1","A2-1","Renewable energy with a generous setback from donors.","13.1546","14.463416","15.621592","2482","458","246","models/vlt-wind-service-yard-02.gltf"
"vlt-wind-service-yard-03","wind-service-yard","infrastructure","Breeze Compliance Yard · A3-1","A3-1","Renewable energy with a generous setback from donors.","14.2154","15.138416","16.341592","2870","518","246","models/vlt-wind-service-yard-03.gltf"
"vlt-wind-service-yard-04","wind-service-yard","infrastructure","Breeze Compliance Yard · A4-1","A4-1","Renewable energy with a generous setback from donors.","15.2762","15.813416","17.061592","3258","578","246","models/vlt-wind-service-yard-04.gltf"
"vlt-wind-service-yard-05","wind-service-yard","infrastructure","Breeze Compliance Yard · A5-1","A5-1","Renewable energy with a generous setback from donors.","16.337","16.488416","17.781592","3646","638","246","models/vlt-wind-service-yard-05.gltf"
"vlt-wind-service-yard-06","wind-service-yard","infrastructure","Breeze Compliance Yard · B1-1","B1-1","Renewable energy with a generous setback from donors.","12.1538","13.838416","15.4","2094","398","246","models/vlt-wind-service-yard-06.gltf"
"vlt-wind-service-yard-07","wind-service-yard","infrastructure","Breeze Compliance Yard · B2-1","B2-1","Renewable energy with a generous setback from donors.","13.2146","14.513416","16.12","2482","458","246","models/vlt-wind-service-yard-07.gltf"
"vlt-wind-service-yard-08","wind-service-yard","infrastructure","Breeze Compliance Yard · B3-1","B3-1","Renewable energy with a generous setback from donors.","14.2754","15.188416","16.84","2870","518","246","models/vlt-wind-service-yard-08.gltf"
"vlt-wind-service-yard-09","wind-service-yard","infrastructure","Breeze Compliance Yard · B4-1","B4-1","Renewable energy with a generous setback from donors.","15.3362","15.863416","17.56","3258","578","246","models/vlt-wind-service-yard-09.gltf"
"vlt-wind-service-yard-10","wind-service-yard","infrastructure","Breeze Compliance Yard · B5-1","B5-1","Renewable energy with a generous setback from donors.","16.397","16.538416","18.28","3646","638","246","models/vlt-wind-service-yard-10.gltf"
"vlt-wind-service-yard-11","wind-service-yard","infrastructure","Breeze Compliance Yard · C1-1","C1-1","Renewable energy with a generous setback from donors.","12.2138","13.888416","15.9","2094","398","246","models/vlt-wind-service-yard-11.gltf"
"vlt-wind-service-yard-12","wind-service-yard","infrastructure","Breeze Compliance Yard · C2-1","C2-1","Renewable energy with a generous setback from donors.","13.2746","14.563416","16.62","2482","458","246","models/vlt-wind-service-yard-12.gltf"
"vlt-wind-service-yard-13","wind-service-yard","infrastructure","Breeze Compliance Yard · C3-1","C3-1","Renewable energy with a generous setback from donors.","14.3354","15.238416","17.34","2870","518","246","models/vlt-wind-service-yard-13.gltf"
"vlt-wind-service-yard-14","wind-service-yard","infrastructure","Breeze Compliance Yard · C4-1","C4-1","Renewable energy with a generous setback from donors.","15.3962","15.913416","18.06","3258","578","246","models/vlt-wind-service-yard-14.gltf"
"vlt-wind-service-yard-15","wind-service-yard","infrastructure","Breeze Compliance Yard · C5-1","C5-1","Renewable energy with a generous setback from donors.","16.457","16.588416","18.78","3646","638","246","models/vlt-wind-service-yard-15.gltf"
"vlt-wind-service-yard-16","wind-service-yard","infrastructure","Breeze Compliance Yard · D1-1","D1-1","Renewable energy with a generous setback from donors.","12.2738","13.938416","16.4","2094","398","246","models/vlt-wind-service-yard-16.gltf"
"vlt-wind-service-yard-17","wind-service-yard","infrastructure","Breeze Compliance Yard · D2-1","D2-1","Renewable energy with a generous setback from donors.","13.3346","14.613416","17.12","2482","458","246","models/vlt-wind-service-yard-17.gltf"
"vlt-wind-service-yard-18","wind-service-yard","infrastructure","Breeze Compliance Yard · D3-1","D3-1","Renewable energy with a generous setback from donors.","14.3954","15.288416","17.84","2870","518","246","models/vlt-wind-service-yard-18.gltf"
"vlt-wind-service-yard-19","wind-service-yard","infrastructure","Breeze Compliance Yard · D4-1","D4-1","Renewable energy with a generous setback from donors.","15.4562","15.963416","18.56","3258","578","246","models/vlt-wind-service-yard-19.gltf"
"vlt-wind-service-yard-20","wind-service-yard","infrastructure","Breeze Compliance Yard · D5-1","D5-1","Renewable energy with a generous setback from donors.","16.517","16.638416","19.28","3646","638","246","models/vlt-wind-service-yard-20.gltf"
"vlt-wind-service-yard-21","wind-service-yard","infrastructure","Breeze Compliance Yard · A1-2","A1-2","Renewable energy with a generous setback from donors.","12.0938","13.788416","14.901592","2310","422","258","models/vlt-wind-service-yard-21.gltf"
"vlt-wind-service-yard-22","wind-service-yard","infrastructure","Breeze Compliance Yard · A2-2","A2-2","Renewable energy with a generous setback from donors.","13.1546","14.463416","15.621592","2698","482","258","models/vlt-wind-service-yard-22.gltf"
"vlt-wind-service-yard-23","wind-service-yard","infrastructure","Breeze Compliance Yard · A3-2","A3-2","Renewable energy with a generous setback from donors.","14.2154","15.138416","16.341592","3086","542","258","models/vlt-wind-service-yard-23.gltf"
"vlt-wind-service-yard-24","wind-service-yard","infrastructure","Breeze Compliance Yard · A4-2","A4-2","Renewable energy with a generous setback from donors.","15.2762","15.813416","17.061592","3474","602","258","models/vlt-wind-service-yard-24.gltf"
"vlt-wind-service-yard-25","wind-service-yard","infrastructure","Breeze Compliance Yard · A5-2","A5-2","Renewable energy with a generous setback from donors.","16.337","16.488416","17.781592","3862","662","258","models/vlt-wind-service-yard-25.gltf"
"vlt-wind-service-yard-26","wind-service-yard","infrastructure","Breeze Compliance Yard · B1-2","B1-2","Renewable energy with a generous setback from donors.","12.1538","13.838416","15.4","2310","422","258","models/vlt-wind-service-yard-26.gltf"
"vlt-wind-service-yard-27","wind-service-yard","infrastructure","Breeze Compliance Yard · B2-2","B2-2","Renewable energy with a generous setback from donors.","13.2146","14.513416","16.12","2698","482","258","models/vlt-wind-service-yard-27.gltf"
"vlt-wind-service-yard-28","wind-service-yard","infrastructure","Breeze Compliance Yard · B3-2","B3-2","Renewable energy with a generous setback from donors.","14.2754","15.188416","16.84","3086","542","258","models/vlt-wind-service-yard-28.gltf"
"vlt-wind-service-yard-29","wind-service-yard","infrastructure","Breeze Compliance Yard · B4-2","B4-2","Renewable energy with a generous setback from donors.","15.3362","15.863416","17.56","3474","602","258","models/vlt-wind-service-yard-29.gltf"
"vlt-wind-service-yard-30","wind-service-yard","infrastructure","Breeze Compliance Yard · B5-2","B5-2","Renewable energy with a generous setback from donors.","16.397","16.538416","18.28","3862","662","258","models/vlt-wind-service-yard-30.gltf"
"vlt-wind-service-yard-31","wind-service-yard","infrastructure","Breeze Compliance Yard · C1-2","C1-2","Renewable energy with a generous setback from donors.","12.2138","13.888416","15.9","2310","422","258","models/vlt-wind-service-yard-31.gltf"
"vlt-wind-service-yard-32","wind-service-yard","infrastructure","Breeze Compliance Yard · C2-2","C2-2","Renewable energy with a generous setback from donors.","13.2746","14.563416","16.62","2698","482","258","models/vlt-wind-service-yard-32.gltf"
"vlt-wind-service-yard-33","wind-service-yard","infrastructure","Breeze Compliance Yard · C3-2","C3-2","Renewable energy with a generous setback from donors.","14.3354","15.238416","17.34","3086","542","258","models/vlt-wind-service-yard-33.gltf"
"vlt-wind-service-yard-34","wind-service-yard","infrastructure","Breeze Compliance Yard · C4-2","C4-2","Renewable energy with a generous setback from donors.","15.3962","15.913416","18.06","3474","602","258","models/vlt-wind-service-yard-34.gltf"
"vlt-wind-service-yard-35","wind-service-yard","infrastructure","Breeze Compliance Yard · C5-2","C5-2","Renewable energy with a generous setback from donors.","16.457","16.588416","18.78","3862","662","258","models/vlt-wind-service-yard-35.gltf"
"vlt-wind-service-yard-36","wind-service-yard","infrastructure","Breeze Compliance Yard · D1-2","D1-2","Renewable energy with a generous setback from donors.","12.2738","13.938416","16.4","2310","422","258","models/vlt-wind-service-yard-36.gltf"
"vlt-wind-service-yard-37","wind-service-yard","infrastructure","Breeze Compliance Yard · D2-2","D2-2","Renewable energy with a generous setback from donors.","13.3346","14.613416","17.12","2698","482","258","models/vlt-wind-service-yard-37.gltf"
"vlt-wind-service-yard-38","wind-service-yard","infrastructure","Breeze Compliance Yard · D3-2","D3-2","Renewable energy with a generous setback from donors.","14.3954","15.288416","17.84","3086","542","258","models/vlt-wind-service-yard-38.gltf"
"vlt-wind-service-yard-39","wind-service-yard","infrastructure","Breeze Compliance Yard · D4-2","D4-2","Renewable energy with a generous setback from donors.","15.4562","15.963416","18.56","3474","602","258","models/vlt-wind-service-yard-39.gltf"
"vlt-wind-service-yard-40","wind-service-yard","infrastructure","Breeze Compliance Yard · D5-2","D5-2","Renewable energy with a generous setback from donors.","16.517","16.638416","19.28","3862","662","258","models/vlt-wind-service-yard-40.gltf"
"vlt-worlds-largest-fork-01","worlds-largest-fork","neighborhood","World's Largest Fork · A1-1","A1-1","Economic development you can see from the bypass.","8.8","10.89","7.92","986","122","98","models/vlt-worlds-largest-fork-01.gltf"
"vlt-worlds-largest-fork-02","worlds-largest-fork","neighborhood","World's Largest Fork · A2-1","A2-1","Economic development you can see from the bypass.","9.6","11.682","8.64","986","122","98","models/vlt-worlds-largest-fork-02.gltf"
"vlt-worlds-largest-fork-03","worlds-largest-fork","neighborhood","World's Largest Fork · A3-1","A3-1","Economic development you can see from the bypass.","10.4","12.474","9.36","986","122","98","models/vlt-worlds-largest-fork-03.gltf"
"vlt-worlds-largest-fork-04","worlds-largest-fork","neighborhood","World's Largest Fork · A4-1","A4-1","Economic development you can see from the bypass.","11.2","13.266","10.08","986","122","98","models/vlt-worlds-largest-fork-04.gltf"
"vlt-worlds-largest-fork-05","worlds-largest-fork","neighborhood","World's Largest Fork · A5-1","A5-1","Economic development you can see from the bypass.","12","14.058","10.8","986","122","98","models/vlt-worlds-largest-fork-05.gltf"
"vlt-worlds-largest-fork-06","worlds-largest-fork","neighborhood","World's Largest Fork · B1-1","B1-1","Economic development you can see from the bypass.","9.68","10.965","7.92","1094","134","98","models/vlt-worlds-largest-fork-06.gltf"
"vlt-worlds-largest-fork-07","worlds-largest-fork","neighborhood","World's Largest Fork · B2-1","B2-1","Economic development you can see from the bypass.","10.56","11.757","8.64","1094","134","98","models/vlt-worlds-largest-fork-07.gltf"
"vlt-worlds-largest-fork-08","worlds-largest-fork","neighborhood","World's Largest Fork · B3-1","B3-1","Economic development you can see from the bypass.","11.44","12.549","9.36","1094","134","98","models/vlt-worlds-largest-fork-08.gltf"
"vlt-worlds-largest-fork-09","worlds-largest-fork","neighborhood","World's Largest Fork · B4-1","B4-1","Economic development you can see from the bypass.","12.32","13.341","10.08","1094","134","98","models/vlt-worlds-largest-fork-09.gltf"
"vlt-worlds-largest-fork-10","worlds-largest-fork","neighborhood","World's Largest Fork · B5-1","B5-1","Economic development you can see from the bypass.","13.2","14.133","10.8","1094","134","98","models/vlt-worlds-largest-fork-10.gltf"
"vlt-worlds-largest-fork-11","worlds-largest-fork","neighborhood","World's Largest Fork · C1-1","C1-1","Economic development you can see from the bypass.","10.56","11.04","7.92","1202","146","98","models/vlt-worlds-largest-fork-11.gltf"
"vlt-worlds-largest-fork-12","worlds-largest-fork","neighborhood","World's Largest Fork · C2-1","C2-1","Economic development you can see from the bypass.","11.52","11.832","8.64","1202","146","98","models/vlt-worlds-largest-fork-12.gltf"
"vlt-worlds-largest-fork-13","worlds-largest-fork","neighborhood","World's Largest Fork · C3-1","C3-1","Economic development you can see from the bypass.","12.48","12.624","9.36","1202","146","98","models/vlt-worlds-largest-fork-13.gltf"
"vlt-worlds-largest-fork-14","worlds-largest-fork","neighborhood","World's Largest Fork · C4-1","C4-1","Economic development you can see from the bypass.","13.44","13.416","10.08","1202","146","98","models/vlt-worlds-largest-fork-14.gltf"
"vlt-worlds-largest-fork-15","worlds-largest-fork","neighborhood","World's Largest Fork · C5-1","C5-1","Economic development you can see from the bypass.","14.4","14.208","10.8","1202","146","98","models/vlt-worlds-largest-fork-15.gltf"
"vlt-worlds-largest-fork-16","worlds-largest-fork","neighborhood","World's Largest Fork · D1-1","D1-1","Economic development you can see from the bypass.","11.44","11.115","7.92","1310","158","98","models/vlt-worlds-largest-fork-16.gltf"
"vlt-worlds-largest-fork-17","worlds-largest-fork","neighborhood","World's Largest Fork · D2-1","D2-1","Economic development you can see from the bypass.","12.48","11.907","8.64","1310","158","98","models/vlt-worlds-largest-fork-17.gltf"
"vlt-worlds-largest-fork-18","worlds-largest-fork","neighborhood","World's Largest Fork · D3-1","D3-1","Economic development you can see from the bypass.","13.52","12.699","9.36","1310","158","98","models/vlt-worlds-largest-fork-18.gltf"
"vlt-worlds-largest-fork-19","worlds-largest-fork","neighborhood","World's Largest Fork · D4-1","D4-1","Economic development you can see from the bypass.","14.56","13.491","10.08","1310","158","98","models/vlt-worlds-largest-fork-19.gltf"
"vlt-worlds-largest-fork-20","worlds-largest-fork","neighborhood","World's Largest Fork · D5-1","D5-1","Economic development you can see from the bypass.","15.6","14.283","10.8","1310","158","98","models/vlt-worlds-largest-fork-20.gltf"
"vlt-worlds-largest-fork-21","worlds-largest-fork","neighborhood","World's Largest Fork · A1-2","A1-2","Economic development you can see from the bypass.","8.8","10.89773","7.92","986","122","98","models/vlt-worlds-largest-fork-21.gltf"
"vlt-worlds-largest-fork-22","worlds-largest-fork","neighborhood","World's Largest Fork · A2-2","A2-2","Economic development you can see from the bypass.","9.6","11.689131","8.64","986","122","98","models/vlt-worlds-largest-fork-22.gltf"
"vlt-worlds-largest-fork-23","worlds-largest-fork","neighborhood","World's Largest Fork · A3-2","A3-2","Economic development you can see from the bypass.","10.4","12.480531","9.36","986","122","98","models/vlt-worlds-largest-fork-23.gltf"
"vlt-worlds-largest-fork-24","worlds-largest-fork","neighborhood","World's Largest Fork · A4-2","A4-2","Economic development you can see from the bypass.","11.2","13.271932","10.08","986","122","98","models/vlt-worlds-largest-fork-24.gltf"
"vlt-worlds-largest-fork-25","worlds-largest-fork","neighborhood","World's Largest Fork · A5-2","A5-2","Economic development you can see from the bypass.","12","14.063332","10.8","986","122","98","models/vlt-worlds-largest-fork-25.gltf"
"vlt-worlds-largest-fork-26","worlds-largest-fork","neighborhood","World's Largest Fork · B1-2","B1-2","Economic development you can see from the bypass.","9.68","10.972356","7.92","1094","134","98","models/vlt-worlds-largest-fork-26.gltf"
"vlt-worlds-largest-fork-27","worlds-largest-fork","neighborhood","World's Largest Fork · B2-2","B2-2","Economic development you can see from the bypass.","10.56","11.763756","8.64","1094","134","98","models/vlt-worlds-largest-fork-27.gltf"
"vlt-worlds-largest-fork-28","worlds-largest-fork","neighborhood","World's Largest Fork · B3-2","B3-2","Economic development you can see from the bypass.","11.44","12.555157","9.36","1094","134","98","models/vlt-worlds-largest-fork-28.gltf"
"vlt-worlds-largest-fork-29","worlds-largest-fork","neighborhood","World's Largest Fork · B4-2","B4-2","Economic development you can see from the bypass.","12.32","13.346557","10.08","1094","134","98","models/vlt-worlds-largest-fork-29.gltf"
"vlt-worlds-largest-fork-30","worlds-largest-fork","neighborhood","World's Largest Fork · B5-2","B5-2","Economic development you can see from the bypass.","13.2","14.137958","10.8","1094","134","98","models/vlt-worlds-largest-fork-30.gltf"
"vlt-worlds-largest-fork-31","worlds-largest-fork","neighborhood","World's Largest Fork · C1-2","C1-2","Economic development you can see from the bypass.","10.56","11.046981","7.92","1202","146","98","models/vlt-worlds-largest-fork-31.gltf"
"vlt-worlds-largest-fork-32","worlds-largest-fork","neighborhood","World's Largest Fork · C2-2","C2-2","Economic development you can see from the bypass.","11.52","11.838381","8.64","1202","146","98","models/vlt-worlds-largest-fork-32.gltf"
"vlt-worlds-largest-fork-33","worlds-largest-fork","neighborhood","World's Largest Fork · C3-2","C3-2","Economic development you can see from the bypass.","12.48","12.629782","9.36","1202","146","98","models/vlt-worlds-largest-fork-33.gltf"
"vlt-worlds-largest-fork-34","worlds-largest-fork","neighborhood","World's Largest Fork · C4-2","C4-2","Economic development you can see from the bypass.","13.44","13.421182","10.08","1202","146","98","models/vlt-worlds-largest-fork-34.gltf"
"vlt-worlds-largest-fork-35","worlds-largest-fork","neighborhood","World's Largest Fork · C5-2","C5-2","Economic development you can see from the bypass.","14.4","14.212583","10.8","1202","146","98","models/vlt-worlds-largest-fork-35.gltf"
"vlt-worlds-largest-fork-36","worlds-largest-fork","neighborhood","World's Largest Fork · D1-2","D1-2","Economic development you can see from the bypass.","11.44","11.121606","7.92","1310","158","98","models/vlt-worlds-largest-fork-36.gltf"
"vlt-worlds-largest-fork-37","worlds-largest-fork","neighborhood","World's Largest Fork · D2-2","D2-2","Economic development you can see from the bypass.","12.48","11.913007","8.64","1310","158","98","models/vlt-worlds-largest-fork-37.gltf"
"vlt-worlds-largest-fork-38","worlds-largest-fork","neighborhood","World's Largest Fork · D3-2","D3-2","Economic development you can see from the bypass.","13.52","12.704407","9.36","1310","158","98","models/vlt-worlds-largest-fork-38.gltf"
"vlt-worlds-largest-fork-39","worlds-largest-fork","neighborhood","World's Largest Fork · D4-2","D4-2","Economic development you can see from the bypass.","14.56","13.495808","10.08","1310","158","98","models/vlt-worlds-largest-fork-39.gltf"
"vlt-worlds-largest-fork-40","worlds-largest-fork","neighborhood","World's Largest Fork · D5-2","D5-2","Economic development you can see from the bypass.","15.6","14.287208","10.8","1310","158","98","models/vlt-worlds-largest-fork-40.gltf"
"vlt-zoning-hearing-hall-01","zoning-hearing-hall","infrastructure","Zoning Hearing Hall · A1-1","A1-1","Every housing shortage deserves another hearing.","10.2986","5.075","9.515","1718","254","206","models/vlt-zoning-hearing-hall-01.gltf"
"vlt-zoning-hearing-hall-02","zoning-hearing-hall","infrastructure","Zoning Hearing Hall · A2-1","A2-1","Every housing shortage deserves another hearing.","11.1962","5.25","10.1586","1890","290","206","models/vlt-zoning-hearing-hall-02.gltf"
"vlt-zoning-hearing-hall-03","zoning-hearing-hall","infrastructure","Zoning Hearing Hall · A3-1","A3-1","Every housing shortage deserves another hearing.","12.0938","5.425","10.8114","2062","326","206","models/vlt-zoning-hearing-hall-03.gltf"
"vlt-zoning-hearing-hall-04","zoning-hearing-hall","infrastructure","Zoning Hearing Hall · A4-1","A4-1","Every housing shortage deserves another hearing.","12.9914","5.6","11.4642","2126","350","206","models/vlt-zoning-hearing-hall-04.gltf"
"vlt-zoning-hearing-hall-05","zoning-hearing-hall","infrastructure","Zoning Hearing Hall · A5-1","A5-1","Every housing shortage deserves another hearing.","13.889","5.775","12.117","2298","386","206","models/vlt-zoning-hearing-hall-05.gltf"
"vlt-zoning-hearing-hall-06","zoning-hearing-hall","infrastructure","Zoning Hearing Hall · B1-1","B1-1","Every housing shortage deserves another hearing.","10.3586","5.075","9.515","1890","290","206","models/vlt-zoning-hearing-hall-06.gltf"
"vlt-zoning-hearing-hall-07","zoning-hearing-hall","infrastructure","Zoning Hearing Hall · B2-1","B2-1","Every housing shortage deserves another hearing.","11.2562","5.25","10.1586","1954","314","206","models/vlt-zoning-hearing-hall-07.gltf"
"vlt-zoning-hearing-hall-08","zoning-hearing-hall","infrastructure","Zoning Hearing Hall · B3-1","B3-1","Every housing shortage deserves another hearing.","12.1538","5.425","10.8114","2126","350","206","models/vlt-zoning-hearing-hall-08.gltf"
"vlt-zoning-hearing-hall-09","zoning-hearing-hall","infrastructure","Zoning Hearing Hall · B4-1","B4-1","Every housing shortage deserves another hearing.","13.0514","5.6","11.4642","2298","386","206","models/vlt-zoning-hearing-hall-09.gltf"
"vlt-zoning-hearing-hall-10","zoning-hearing-hall","infrastructure","Zoning Hearing Hall · B5-1","B5-1","Every housing shortage deserves another hearing.","13.949","5.775","12.117","2470","422","206","models/vlt-zoning-hearing-hall-10.gltf"
"vlt-zoning-hearing-hall-11","zoning-hearing-hall","infrastructure","Zoning Hearing Hall · C1-1","C1-1","Every housing shortage deserves another hearing.","10.4186","5.075","9.515","2062","326","206","models/vlt-zoning-hearing-hall-11.gltf"
"vlt-zoning-hearing-hall-12","zoning-hearing-hall","infrastructure","Zoning Hearing Hall · C2-1","C2-1","Every housing shortage deserves another hearing.","11.3162","5.25","10.1586","2126","350","206","models/vlt-zoning-hearing-hall-12.gltf"
"vlt-zoning-hearing-hall-13","zoning-hearing-hall","infrastructure","Zoning Hearing Hall · C3-1","C3-1","Every housing shortage deserves another hearing.","12.2138","5.425","10.8114","2298","386","206","models/vlt-zoning-hearing-hall-13.gltf"
"vlt-zoning-hearing-hall-14","zoning-hearing-hall","infrastructure","Zoning Hearing Hall · C4-1","C4-1","Every housing shortage deserves another hearing.","13.1114","5.6","11.4642","2470","422","206","models/vlt-zoning-hearing-hall-14.gltf"
"vlt-zoning-hearing-hall-15","zoning-hearing-hall","infrastructure","Zoning Hearing Hall · C5-1","C5-1","Every housing shortage deserves another hearing.","14.009","5.775","12.117","2642","458","206","models/vlt-zoning-hearing-hall-15.gltf"
"vlt-zoning-hearing-hall-16","zoning-hearing-hall","infrastructure","Zoning Hearing Hall · D1-1","D1-1","Every housing shortage deserves another hearing.","10.4786","5.075","9.515","2234","362","206","models/vlt-zoning-hearing-hall-16.gltf"
"vlt-zoning-hearing-hall-17","zoning-hearing-hall","infrastructure","Zoning Hearing Hall · D2-1","D2-1","Every housing shortage deserves another hearing.","11.3762","5.25","10.1586","2406","398","206","models/vlt-zoning-hearing-hall-17.gltf"
"vlt-zoning-hearing-hall-18","zoning-hearing-hall","infrastructure","Zoning Hearing Hall · D3-1","D3-1","Every housing shortage deserves another hearing.","12.2738","5.425","10.8114","2578","434","206","models/vlt-zoning-hearing-hall-18.gltf"
"vlt-zoning-hearing-hall-19","zoning-hearing-hall","infrastructure","Zoning Hearing Hall · D4-1","D4-1","Every housing shortage deserves another hearing.","13.1714","5.6","11.4642","2642","458","206","models/vlt-zoning-hearing-hall-19.gltf"
"vlt-zoning-hearing-hall-20","zoning-hearing-hall","infrastructure","Zoning Hearing Hall · D5-1","D5-1","Every housing shortage deserves another hearing.","14.069","5.775","12.117","2814","494","206","models/vlt-zoning-hearing-hall-20.gltf"
"vlt-zoning-hearing-hall-21","zoning-hearing-hall","infrastructure","Zoning Hearing Hall · A1-2","A1-2","Every housing shortage deserves another hearing.","10.2986","5.075","9.515","1934","278","218","models/vlt-zoning-hearing-hall-21.gltf"
"vlt-zoning-hearing-hall-22","zoning-hearing-hall","infrastructure","Zoning Hearing Hall · A2-2","A2-2","Every housing shortage deserves another hearing.","11.1962","5.25","10.1586","2106","314","218","models/vlt-zoning-hearing-hall-22.gltf"
"vlt-zoning-hearing-hall-23","zoning-hearing-hall","infrastructure","Zoning Hearing Hall · A3-2","A3-2","Every housing shortage deserves another hearing.","12.0938","5.425","10.8114","2278","350","218","models/vlt-zoning-hearing-hall-23.gltf"
"vlt-zoning-hearing-hall-24","zoning-hearing-hall","infrastructure","Zoning Hearing Hall · A4-2","A4-2","Every housing shortage deserves another hearing.","12.9914","5.6","11.4642","2342","374","218","models/vlt-zoning-hearing-hall-24.gltf"
"vlt-zoning-hearing-hall-25","zoning-hearing-hall","infrastructure","Zoning Hearing Hall · A5-2","A5-2","Every housing shortage deserves another hearing.","13.889","5.775","12.117","2514","410","218","models/vlt-zoning-hearing-hall-25.gltf"
"vlt-zoning-hearing-hall-26","zoning-hearing-hall","infrastructure","Zoning Hearing Hall · B1-2","B1-2","Every housing shortage deserves another hearing.","10.3586","5.075","9.515","2106","314","218","models/vlt-zoning-hearing-hall-26.gltf"
"vlt-zoning-hearing-hall-27","zoning-hearing-hall","infrastructure","Zoning Hearing Hall · B2-2","B2-2","Every housing shortage deserves another hearing.","11.2562","5.25","10.1586","2170","338","218","models/vlt-zoning-hearing-hall-27.gltf"
"vlt-zoning-hearing-hall-28","zoning-hearing-hall","infrastructure","Zoning Hearing Hall · B3-2","B3-2","Every housing shortage deserves another hearing.","12.1538","5.425","10.8114","2342","374","218","models/vlt-zoning-hearing-hall-28.gltf"
"vlt-zoning-hearing-hall-29","zoning-hearing-hall","infrastructure","Zoning Hearing Hall · B4-2","B4-2","Every housing shortage deserves another hearing.","13.0514","5.6","11.4642","2514","410","218","models/vlt-zoning-hearing-hall-29.gltf"
"vlt-zoning-hearing-hall-30","zoning-hearing-hall","infrastructure","Zoning Hearing Hall · B5-2","B5-2","Every housing shortage deserves another hearing.","13.949","5.775","12.117","2686","446","218","models/vlt-zoning-hearing-hall-30.gltf"
"vlt-zoning-hearing-hall-31","zoning-hearing-hall","infrastructure","Zoning Hearing Hall · C1-2","C1-2","Every housing shortage deserves another hearing.","10.4186","5.075","9.515","2278","350","218","models/vlt-zoning-hearing-hall-31.gltf"
"vlt-zoning-hearing-hall-32","zoning-hearing-hall","infrastructure","Zoning Hearing Hall · C2-2","C2-2","Every housing shortage deserves another hearing.","11.3162","5.25","10.1586","2342","374","218","models/vlt-zoning-hearing-hall-32.gltf"
"vlt-zoning-hearing-hall-33","zoning-hearing-hall","infrastructure","Zoning Hearing Hall · C3-2","C3-2","Every housing shortage deserves another hearing.","12.2138","5.425","10.8114","2514","410","218","models/vlt-zoning-hearing-hall-33.gltf"
"vlt-zoning-hearing-hall-34","zoning-hearing-hall","infrastructure","Zoning Hearing Hall · C4-2","C4-2","Every housing shortage deserves another hearing.","13.1114","5.6","11.4642","2686","446","218","models/vlt-zoning-hearing-hall-34.gltf"
"vlt-zoning-hearing-hall-35","zoning-hearing-hall","infrastructure","Zoning Hearing Hall · C5-2","C5-2","Every housing shortage deserves another hearing.","14.009","5.775","12.117","2858","482","218","models/vlt-zoning-hearing-hall-35.gltf"
"vlt-zoning-hearing-hall-36","zoning-hearing-hall","infrastructure","Zoning Hearing Hall · D1-2","D1-2","Every housing shortage deserves another hearing.","10.4786","5.075","9.515","2450","386","218","models/vlt-zoning-hearing-hall-36.gltf"
"vlt-zoning-hearing-hall-37","zoning-hearing-hall","infrastructure","Zoning Hearing Hall · D2-2","D2-2","Every housing shortage deserves another hearing.","11.3762","5.25","10.1586","2622","422","218","models/vlt-zoning-hearing-hall-37.gltf"
"vlt-zoning-hearing-hall-38","zoning-hearing-hall","infrastructure","Zoning Hearing Hall · D3-2","D3-2","Every housing shortage deserves another hearing.","12.2738","5.425","10.8114","2794","458","218","models/vlt-zoning-hearing-hall-38.gltf"
"vlt-zoning-hearing-hall-39","zoning-hearing-hall","infrastructure","Zoning Hearing Hall · D4-2","D4-2","Every housing shortage deserves another hearing.","13.1714","5.6","11.4642","2858","482","218","models/vlt-zoning-hearing-hall-39.gltf"
"vlt-zoning-hearing-hall-40","zoning-hearing-hall","infrastructure","Zoning Hearing Hall · D5-2","D5-2","Every housing shortage deserves another hearing.","14.069","5.775","12.117","3030","518","218","models/vlt-zoning-hearing-hall-40.gltf"
